log.annual.inc,dti,fico,revol.bal,revol.util,inq.last.6mths,delinq.2yrs,pub.rec,not.fully.paid,purpose_credit_card,purpose_debt_consolidation,purpose_educational,purpose_home_improvement,purpose_major_purchase,purpose_small_business,revol.bal_to_income,years_with_cr_line
11.35040654,19.48,737,28854.0,52.1,0.0,0.0,0.0,0,0,1,0,0,0,0,0.3394588219924962,15.451940638356163
11.08214255,14.29,707,33623.0,76.7,0.0,0.0,0.0,0,1,0,0,0,0,0,0.5172769224964213,7.561643835616438
10.37349118,11.63,682,3511.0,25.6,1.0,0.0,0.0,0,0,1,0,0,0,0,0.10971875019550383,12.904109589041095
11.35040654,8.1,712,33667.0,73.2,1.0,0.0,0.0,0,0,1,0,0,0,0,0.3960823511478953,7.397146117808219
11.29973224,14.97,667,4740.0,39.5,0.0,1.0,0.0,0,1,0,0,0,0,0,0.058663366601157695,11.139726027397261
11.90496755,16.98,727,50807.0,51.0,0.0,0.0,0.0,0,1,0,0,0,0,0,0.3432905414833028,16.76723744383562
10.71441777,4.0,667,3839.0,76.8,0.0,0.0,1.0,1,0,1,0,0,0,0,0.08531111100468175,8.712442923287671
11.00209984,11.08,722,24220.0,68.6,0.0,0.0,0.0,1,0,0,0,0,0,0,0.4036666671527775,14.016438356164384
11.40756495,17.25,682,69909.0,51.1,1.0,0.0,0.0,0,0,0,0,1,0,0,0.7767666661325641,10.92876712328767
10.20359214,10.0,707,5630.0,23.0,1.0,0.0,0.0,0,0,1,0,0,0,0,0.20851851955828912,7.479566210958904
10.4341158,22.09,677,13846.0,71.0,2.0,0.0,1.0,0,0,1,0,0,0,0,0.40723529558300087,18.391894978082192
11.83500896,9.16,662,5122.0,18.2,2.0,1.0,0.0,0,0,1,0,0,0,0,0.03711594218262109,11.775342465753425
10.93310697,15.49,767,6068.0,16.7,0.0,0.0,0.0,0,0,1,0,0,0,0,0.10835714282650873,17.86289954246575
11.51292546,6.5,747,3021.0,4.8,0.0,1.0,0.0,0,0,0,0,0,0,1,0.030210000150150604,12.01095890410959
9.487972109,9.73,727,6282.0,44.6,0.0,0.0,0.0,0,0,1,0,0,0,0,0.4759090907065739,4.273858446575343
10.73891524,13.04,702,5394.0,53.4,1.0,0.0,0.0,0,0,0,0,0,1,0,0.11696591208914993,22.356050227397258
10.52277288,2.26,672,2211.0,88.4,0.0,0.0,0.0,0,0,0,0,0,0,0,0.05951227416947228,10.673858446575343
11.60823564,7.07,797,7586.0,52.7,1.0,0.0,0.0,0,1,0,0,0,0,0,0.06896363669290691,17.838242008219176
10.49127422,3.8,712,8311.0,59.8,0.0,0.0,0.0,0,0,1,0,0,0,0,0.23086111051970212,7.561643835616438
11.00209984,2.74,667,591.0,84.4,3.0,0.0,0.0,0,0,0,0,0,1,0,0.009850000011861745,3.087557076712329
11.22524339,16.08,772,29797.0,23.2,1.0,0.0,0.0,0,0,0,0,0,0,0,0.397293334333896,13.394406391780821
10.81977828,2.59,797,5656.0,27.6,0.0,0.0,0.0,0,0,0,0,0,0,0,0.11312000049889129,32.74246575342466
11.51292546,7.94,662,21162.0,57.7,0.0,0.0,0.0,0,1,0,0,0,0,0,0.21162000105179976,5.314954336986301
11.73606902,7.05,782,16931.0,34.6,1.0,0.0,0.0,0,1,0,0,0,0,0,0.13544799949673453,15.452168950684932
11.26446411,8.8,672,4822.0,58.1,0.0,0.0,1.0,0,0,1,0,0,0,0,0.06182051255293685,10.303995432876713
12.4292162,10.0,712,14354.0,36.6,0.0,2.0,0.0,0,0,0,0,0,0,0,0.05741599981881707,4.257420090410959
11.08214255,0.28,802,1576.0,5.7,1.0,0.0,0.0,0,0,0,0,0,0,0,0.024246153818944176,12.739611871232876
9.998797732,14.29,662,4175.0,51.5,0.0,1.0,0.0,0,0,1,0,0,0,0,0.18977272733733597,3.613584473972603
12.20607265,0.28,772,3164.0,13.7,0.0,0.0,0.0,0,0,0,0,0,0,0,0.01581999992928736,12.37522830958904
12.20607265,3.72,812,85607.0,0.7,0.0,0.0,0.0,0,0,0,0,0,0,0,0.4280349980867582,18.572488583561643
11.51292546,2.3,742,9698.0,19.4,0.0,0.0,0.0,0,0,1,0,0,0,0,0.09698000048201276,8.627283104109589
9.798127037,6.4,692,8847.0,26.9,1.0,1.0,0.0,0,1,0,0,0,0,0,0.4914999999401851,20.46563926849315
11.91839057,0.0,777,6053.0,19.5,0.0,0.0,0.0,0,0,0,0,1,0,0,0.040353333457556755,19.531392693150682
11.60823564,11.33,762,7274.0,13.1,0.0,0.0,0.0,0,0,0,0,1,0,0,0.06612727304300091,16.60262556986301
11.22524339,15.55,757,66033.0,23.0,0.0,0.0,0.0,0,1,0,0,0,0,0,0.8804400022173425,13.068493150684931
11.46163217,3.83,772,3660.0,6.8,0.0,0.0,0.0,0,0,0,0,0,0,0,0.038526315811922125,6.945205479452055
11.35040654,0.31,787,216.0,0.6,0.0,0.0,0.0,0,1,0,0,0,0,0,0.0025411764590829414,9.698630136986301
11.28978191,1.21,672,27185.0,16.1,3.0,0.0,1.0,0,1,0,0,0,0,0,0.33981250124236073,10.931506849315069
10.77895629,8.03,707,28329.0,48.6,1.0,0.0,0.0,0,0,1,0,0,0,0,0.5901874999350959,11.835616438356164
12.10071213,11.93,717,60568.0,39.2,1.0,0.0,0.0,0,0,0,0,1,0,0,0.3364888888459353,12.32591324109589
12.10071213,5.55,742,40934.0,26.3,0.0,0.0,0.0,0,0,0,0,1,0,0,0.22741111108208156,11.01095890410959
11.69524702,2.29,777,8379.0,16.9,0.0,0.0,0.0,0,0,1,0,0,0,0,0.06982500012318407,9.698630136986301
10.1266311,14.54,752,3660.0,7.8,1.0,0.0,0.0,0,0,0,0,0,0,1,0.14640000056368932,6.739726027397261
12.20607265,0.0,677,0.0,0.0,0.0,1.0,0.0,0,0,0,0,1,0,0,0.0,10.35605022739726
10.30895266,18.64,702,15840.0,47.1,0.0,0.0,0.0,0,1,0,0,0,0,0,0.5280000003401868,14.219178082191782
11.21182037,14.37,797,6844.0,14.4,0.0,0.0,0.0,0,1,0,0,0,0,0,0.09248648668869033,15.372488583561642
8.987196821,3.0,762,1321.0,16.5,0.0,0.0,0.0,0,0,0,1,0,0,0,0.16512499994418336,18.246461186301367
10.37349118,14.78,772,4737.0,23.9,0.0,0.0,0.0,0,0,0,0,0,0,0,0.14803125026377145,11.997260273972604
11.19821472,9.96,722,23489.0,37.6,0.0,0.0,0.0,0,1,0,0,0,0,0,0.3217671233296711,8.46563926849315
11.73606902,0.27,792,2817.0,10.2,0.0,0.0,0.0,0,0,1,0,0,0,0,0.02253599991626609,20.517694063013696
10.71441777,1.12,782,1783.0,0.0,1.0,0.0,0.0,0,1,0,0,0,0,0,0.03962222217279176,15.90958904109589
10.217422,10.7,712,3534.0,54.4,0.0,0.0,0.0,0,0,0,0,0,0,1,0.12909117425227945,3.778082191780822
10.77895629,4.05,762,2422.0,23.3,0.0,0.0,0.0,0,0,0,0,0,0,1,0.05045833332778433,7.479337898630137
9.510444964,16.44,712,2864.0,41.1,1.0,0.0,0.0,0,0,0,1,0,0,0,0.21214814823863387,4.520433789041096
10.86283777,12.57,627,3075.0,92.3,1.0,0.0,0.0,0,0,1,0,0,0,0,0.05890804620502861,3.8602739726027395
11.00209984,17.12,747,17214.0,8.1,2.0,1.0,0.0,0,0,0,0,0,0,1,0.28690000034549595,38.38070775342466
9.903487553,2.04,662,1153.0,75.8,2.0,0.0,0.0,0,1,0,0,0,0,0,0.057649999973257794,3.1205479452054794
11.88448902,10.15,682,41674.0,74.1,0.0,0.0,0.0,1,1,0,0,0,0,0,0.28740689695487304,11.53413241917808
11.22524339,15.0,682,43039.0,93.4,3.0,0.0,0.0,0,1,0,0,0,0,0,0.5738533347785532,12.271232876712329
11.00209984,7.72,712,3362.0,69.3,0.0,0.0,0.0,0,0,0,0,0,0,0,0.05603333340081081,6.284817350684931
11.08214255,7.14,682,11868.0,71.9,0.0,2.0,0.0,0,0,1,0,0,0,0,0.18258461517971414,23.91780821917808
10.59663473,2.55,772,2562.0,14.0,2.0,0.0,0.0,0,0,0,0,0,0,0,0.06405000019830351,22.438242008219177
9.903487553,1.5,682,1882.0,32.4,0.0,0.0,0.0,0,0,0,0,0,0,0,0.09409999995634967,3.863013698630137
10.49551521,7.47,667,1064.0,70.9,2.0,0.0,1.0,0,0,1,0,0,0,0,0.02943047608231718,6.986301369863014
11.49272276,8.52,752,6432.0,6.0,0.0,1.0,0.0,0,1,0,0,0,0,0,0.06563265290716559,13.643721460273971
10.43382164,14.47,687,4485.0,36.9,1.0,0.0,0.0,1,0,0,0,0,0,0,0.13195057405311492,3.041095890410959
11.26446411,11.06,702,16310.0,20.5,0.0,1.0,0.0,0,0,0,0,0,0,0,0.20910256319751142,13.643721460273971
11.77528973,8.55,712,20969.0,40.2,0.0,0.0,0.0,0,0,1,0,0,0,0,0.16129999990930402,16.273972602739725
10.46310334,17.38,707,22213.0,65.9,0.0,0.0,0.0,0,0,1,0,0,0,0,0.6346571431564159,7.397146117808219
12.32385568,6.48,752,2160.0,2.3,1.0,0.0,0.0,0,0,0,0,1,0,0,0.009600000011390955,14.630022830136985
11.15625052,4.56,812,813.0,1.0,0.0,0.0,0.0,0,1,0,0,0,0,0,0.0116142857262658,26.873972602739727
11.91839057,2.72,757,23678.0,24.4,4.0,0.0,0.0,0,0,0,0,1,0,0,0.15785333381926794,14.252054794520548
10.77895629,15.13,722,11289.0,47.8,3.0,0.0,0.0,0,0,1,0,0,0,0,0.23518749997413596,7.232876712328767
12.26904744,6.45,677,56411.0,75.3,0.0,0.0,0.0,1,0,0,0,0,0,1,0.2648403768293697,17.095890410958905
11.22524339,20.0,772,269.0,3.8,3.0,0.0,0.0,1,0,0,0,1,0,0,0.0035866666756995008,13.482077624657533
10.37349118,20.0,682,3408.0,35.1,1.0,0.0,0.0,1,0,0,0,1,0,0,0.10650000018976845,15.046575342465754
10.59663473,13.5,712,6513.0,34.3,3.0,0.0,1.0,1,0,1,0,0,0,0,0.16282500050411816,14.709474884931506
10.59663473,3.45,772,330.0,11.0,0.0,0.0,0.0,0,0,0,1,0,0,0,0.008250000025542607,4.76700913150685
11.15625052,6.07,712,5967.0,19.8,1.0,0.0,0.0,0,1,0,0,0,0,0,0.08524285723078479,6.986301369863014
9.798127037,18.0,707,5533.0,79.6,1.0,0.0,0.0,0,0,0,0,0,0,0,0.3073888888514801,6.005479452054795
11.73606902,2.14,762,21050.0,1.0,0.0,0.0,0.0,0,0,0,0,1,0,0,0.1683999993742993,22.931506849315067
10.81977828,5.35,762,21050.0,0.7,0.0,0.0,0.0,0,0,0,0,0,0,0,0.4210000018567294,22.931506849315067
11.69524702,15.0,742,8155.0,14.9,1.0,0.0,0.0,0,0,0,0,0,0,0,0.06795833345322427,8.29041095890411
11.51292546,15.0,722,8155.0,14.9,1.0,0.0,0.0,0,0,0,0,0,0,0,0.08155000040532213,8.29041095890411
11.03488966,12.23,737,3678.0,30.7,0.0,0.0,0.0,0,0,0,0,1,0,0,0.059322580884066924,7.479337898630137
10.46310334,7.1,662,2040.0,36.2,2.0,0.0,0.0,0,0,1,0,0,0,0,0.058285714313198955,8.065753424657535
11.00209984,19.52,667,33074.0,68.8,2.0,0.0,0.0,0,1,0,0,0,0,0,0.5512333339971496,7.399885843835617
11.03165864,3.46,747,1918.0,17.1,0.0,0.0,0.0,0,0,0,0,0,0,0,0.031035598812443534,6.901369863013699
11.40756495,5.24,662,22379.0,62.2,0.0,0.0,0.0,0,1,0,0,0,0,0,0.24865555538458067,4.8493150684931505
11.47210347,2.86,737,10296.0,42.5,0.0,0.0,0.0,1,0,0,0,0,0,1,0.10725000004825959,6.0
9.61580548,12.24,672,2867.0,55.1,3.0,0.0,0.0,1,0,0,0,0,0,1,0.19113333334945476,3.5341324191780825
10.30895266,12.36,682,12310.0,86.1,0.0,0.0,0.0,0,0,1,0,0,0,0,0.4103333335977083,4.8493150684931505
11.91839057,4.8,767,61921.0,39.1,0.0,0.0,0.0,0,0,1,0,0,0,0,0.41280666793744786,36.57522830136986
11.38509209,18.0,702,16738.0,26.1,2.0,0.0,0.0,0,1,0,0,0,0,0,0.19020454611271842,10.205479452054794
11.05089001,3.49,792,40384.0,9.2,1.0,0.0,0.0,0,0,0,0,0,0,0,0.641015870050322,16.27123287671233
10.71441777,5.0,762,1359.0,5.6,2.0,0.0,0.0,0,0,1,0,0,0,0,0.030199999962324173,5.838356164383562
12.32385568,20.0,727,107501.0,44.8,2.0,0.0,0.0,0,0,1,0,0,0,0,0.4777822227891384,28.197260273972603
12.06104687,0.72,787,3054.0,5.6,3.0,0.0,0.0,0,0,0,0,0,0,0,0.017653179252183022,21.945205479452056
11.40756495,2.44,792,40384.0,9.6,0.0,0.0,0.0,0,0,0,0,0,0,0,0.4487111108025786,23.884817350684934
11.44035477,9.66,792,128000.0,0.0,3.0,0.0,0.0,0,0,0,0,1,0,0,1.3763440889605398,12.408219178082192
11.6784399,0.43,772,4709.0,18.5,0.0,0.0,0.0,0,0,1,0,0,0,0,0.039906779798607586,16.263013698630136
10.71441777,2.8,667,2850.0,75.0,0.0,1.0,0.0,0,0,0,0,0,0,0,0.06333333325432222,14.95890410958904
11.47210347,16.89,702,51.0,0.0,0.0,0.0,0.0,1,0,0,0,0,0,1,0.0005312500002390481,11.178082191780822
11.91839057,5.84,792,37152.0,3.7,0.0,0.0,0.0,0,0,0,0,1,0,0,0.2476800007624564,14.698515980821917
11.22524339,9.55,762,3839.0,16.6,1.0,0.0,0.0,0,0,1,0,0,0,0,0.05118666679557763,15.6163242
11.35040654,3.11,797,37152.0,3.7,0.0,0.0,0.0,0,0,0,0,1,0,0,0.4370823509622659,14.69577625479452
11.15625052,10.2,672,26283.0,39.5,0.0,1.0,0.0,1,1,0,0,0,0,0,0.3754714289587257,9.860159816438356
10.71441777,5.87,692,5607.0,42.2,0.0,0.0,0.0,0,0,1,0,0,0,0,0.12459999984455603,4.7724885835616435
10.04324949,5.01,662,1061.0,81.9,3.0,0.0,0.0,0,0,0,0,0,0,0,0.04613043500916853,3.041095890410959
11.69524702,14.4,722,56740.0,77.5,1.0,0.0,0.0,0,0,1,0,0,0,0,0.47283333416749784,12.821803652054793
10.95080655,7.22,712,40598.0,77.3,1.0,0.0,0.0,0,1,0,0,0,0,0,0.7122456117677877,15.12054794520548
11.1844214,17.83,687,3815.0,6.5,1.0,0.0,0.0,0,0,1,0,0,0,0,0.05298611100504313,3.5341324191780825
11.69524702,0.0,772,0.0,0.0,1.0,0.0,0.0,0,0,0,0,0,0,0,0.0,10.76700913150685
11.60823564,0.22,812,50.0,0.3,0.0,0.0,0.0,0,0,1,0,0,0,0,0.000454545456715706,44.41917808219178
11.42954386,1.53,667,4569.0,56.4,1.0,0.0,0.0,0,0,0,0,0,0,1,0.04966304328115702,9.873858446575342
9.852194258,8.15,692,8528.0,86.1,0.0,0.0,0.0,0,0,0,1,0,0,0,0.4488421053298454,8.46563926849315
10.3859137,22.15,747,14345.0,45.8,0.0,0.0,0.0,0,1,0,0,0,0,0,0.44274691436852287,7.640981734246576
10.81977828,18.38,707,113.0,2.4,1.0,0.0,0.0,0,0,0,0,0,0,1,0.002260000009967241,9.202739726027398
11.03811028,9.8,677,12231.0,81.0,3.0,0.0,0.0,1,0,1,0,0,0,0,0.19663987113236742,8.46563926849315
10.95080655,20.76,667,13552.0,69.1,0.0,1.0,0.0,0,0,1,0,0,0,0,0.23775438520806585,10.273972602739725
11.37710574,10.6,692,16813.0,63.9,0.0,0.0,0.0,0,1,0,0,0,0,0,0.19258877469334504,6.821803652054794
10.57131693,5.08,667,26233.0,62.9,3.0,0.0,1.0,1,0,1,0,0,0,0,0.6726410223530106,10.10958904109589
11.35040654,2.64,782,5760.0,16.0,0.0,0.0,0.0,0,0,0,0,0,0,0,0.0677647055755451,25.232876712328768
10.727663,3.26,687,105.0,35.0,1.0,1.0,0.0,1,0,0,0,0,0,0,0.0023026315685912317,17.83550228219178
10.9525594,13.77,682,11490.0,95.7,0.0,0.0,0.0,0,0,1,0,0,0,0,0.20122591856306,5.917808219178082
10.59663473,20.67,692,17641.0,30.5,3.0,1.0,0.0,0,0,0,0,1,0,0,0.4410250013654458,14.383561643835616
10.30895266,20.4,742,0.0,0.0,3.0,0.0,0.0,0,0,0,0,0,0,0,0.0,8.95890410958904
10.91508846,12.0,797,12430.0,19.2,1.0,0.0,0.0,0,0,0,0,0,0,0,0.22600000095250147,24.08219178082192
10.49127422,9.87,707,12323.0,44.0,0.0,0.0,0.0,0,0,1,0,0,0,0,0.34230555467865353,4.273972602739726
11.40756495,9.13,697,38624.0,97.8,0.0,0.0,0.0,0,0,0,0,0,0,0,0.4291555552604694,9.04109589041096
9.210340372,0.0,662,875.0,54.7,2.0,1.0,0.0,1,0,0,0,0,0,1,0.08749999999791605,6.164383561643835
11.35040654,6.38,667,1196.0,12.0,3.0,4.0,0.0,0,0,0,0,0,0,1,0.014070588171588879,19.808105021917807
13.08154138,2.4,697,26628.0,60.4,3.0,1.0,0.0,0,0,0,0,0,0,1,0.05547500015999394,7.561529679452055
10.34174248,24.81,767,6752.0,24.6,2.0,0.0,0.0,0,0,0,0,0,0,0,0.21780645236809976,15.862899542465753
9.433483923,14.4,662,458.0,91.6,1.0,0.0,0.0,1,0,1,0,0,0,0,0.03664000001063995,4.024657534246575
11.56171563,9.71,752,16786.0,44.7,0.0,0.0,0.0,0,1,0,0,0,0,0,0.159866666529127,9.613584473972603
11.69524702,12.16,742,7336.0,29.9,0.0,0.0,0.0,0,0,0,0,0,0,0,0.06113333344118372,26.630022830136987
11.03488966,3.83,702,7089.0,41.9,1.0,0.0,0.0,0,0,0,0,0,0,0,0.11433871013788756,10.10958904109589
10.89673933,6.29,742,18388.0,68.9,0.0,0.0,0.0,0,0,1,0,0,0,0,0.3405185170019889,13.972602739726028
10.37349118,1.13,677,613.0,76.6,2.0,0.0,0.0,0,1,0,0,0,0,0,0.01915625003413382,5.260273972602739
10.2791805,12.77,662,566.0,51.5,3.0,1.0,0.0,1,0,0,1,0,0,0,0.019436813231724307,3.041095890410959
10.50232405,18.92,682,9166.0,50.4,1.0,0.0,0.0,0,0,1,0,0,0,0,0.2518131877259672,6.079452054794521
10.57131693,11.78,707,5406.0,33.4,0.0,0.0,1.0,1,0,0,0,0,0,0,0.1386153839378026,13.394520547945206
10.46310334,5.83,687,1188.0,3.0,2.0,0.0,0.0,1,0,0,0,0,0,0,0.03394285715886292,5.914954336986302
9.798127037,15.4,707,12003.0,40.4,1.0,0.0,0.0,0,0,0,1,0,0,0,0.6668333332521806,30.81906391780822
11.00209984,8.14,707,20511.0,62.0,1.0,0.0,0.0,1,0,0,0,0,0,0,0.3418500004116688,13.150684931506849
11.15625052,18.0,732,55720.0,10.0,2.0,0.0,0.0,0,0,0,0,0,0,1,0.7960000008210706,10.112328767123287
10.79957558,9.89,772,7744.0,17.1,0.0,0.0,0.0,0,0,0,0,0,0,0,0.15804081586706847,27.041095890410958
11.15625052,17.57,737,51761.0,38.0,1.0,0.0,0.0,0,0,0,0,0,0,0,0.7394428579055893,14.876598172602739
10.71441777,17.76,717,579.0,23.2,0.0,0.0,0.0,0,1,0,0,0,0,0,0.012866666650614934,4.109589041095891
11.35040654,16.87,707,34776.0,54.3,0.0,0.0,0.0,1,0,1,0,0,0,0,0.4091294099123535,24.821803652054797
10.92233487,10.05,692,8047.0,33.8,0.0,0.0,0.0,0,0,1,0,0,0,0,0.14525270797854806,5.178082191780822
9.61580548,24.4,737,0.0,0.0,3.0,0.0,0.0,0,0,0,0,0,0,0,0.0,8.794406391780822
10.1266311,18.19,672,409.0,81.8,0.0,1.0,0.0,0,0,1,0,0,0,0,0.016360000062991514,7.0849315068493155
10.95080655,8.93,822,185.0,0.5,0.0,0.0,0.0,0,0,0,0,0,0,1,0.003245614024755917,26.56700913150685
11.33857208,4.84,727,48251.0,50.1,2.0,0.0,0.0,0,0,1,0,0,0,0,0.574416665417569,17.34246575342466
10.54534144,19.93,687,772.0,96.5,0.0,0.0,0.0,0,0,0,0,0,0,0,0.02031578944744684,7.068493150684931
10.81977828,8.04,672,1019.0,4.5,1.0,1.0,0.0,0,0,1,0,0,0,0,0.02038000008988158,8.463013698630137
10.75177778,16.39,692,8332.0,39.9,2.0,0.0,0.0,0,0,0,0,0,0,1,0.1783657649744064,15.452054794520548
11.15625052,9.09,797,1790.0,4.5,1.0,0.0,0.0,0,0,0,0,0,0,0,0.02557142859780539,16.68481735068493
11.22524339,24.85,722,62739.0,74.7,3.0,0.0,0.0,1,0,1,0,0,0,0,0.8365200021067323,17.34246575342466
11.59910316,24.01,767,29901.0,71.2,2.0,0.0,0.0,1,0,0,0,0,0,0,0.274321101249711,12.783447487671232
10.858999,11.31,667,5867.0,74.3,1.0,0.0,0.0,0,0,1,0,0,0,0,0.11282692280202747,4.273972602739726
11.26446411,0.8,732,10605.0,22.1,1.0,0.0,0.0,0,0,0,0,1,0,0,0.13596153787305998,5.835502282191781
11.69524702,16.97,697,57196.0,44.5,3.0,0.0,0.0,1,0,1,0,0,0,0,0.4766333341742018,26.46301369863014
12.52452638,2.97,712,481.0,80.2,2.0,0.0,0.0,1,0,0,0,1,0,0,0.0017490909032291963,13.476712328767123
10.30895266,4.2,737,2282.0,19.0,1.0,0.0,0.0,0,0,0,1,0,0,0,0.0760666667156759,4.273972602739726
9.574983486,8.92,672,3614.0,61.3,1.0,0.0,0.0,0,0,0,0,0,0,0,0.2509722221128213,3.1232876712328768
11.05879518,8.5,682,14930.0,79.0,1.0,0.0,1.0,0,0,1,0,0,0,0,0.2351181113837808,18.739611871232874
11.66134547,13.07,727,33989.0,82.9,0.0,0.0,0.0,0,1,0,0,0,0,0,0.29300862071558675,28.849200904109587
10.1266311,3.84,632,1238.0,61.9,1.0,1.0,0.0,0,0,0,0,0,0,0,0.049520000190668684,4.191780821917808
10.62132735,15.37,747,4746.0,18.5,2.0,0.0,0.0,0,0,0,1,0,0,0,0.11575609706165534,20.54794520547945
9.952277717,6.34,752,3470.0,25.5,0.0,0.0,0.0,0,0,0,0,0,0,0,0.16523809518944266,8.2986301369863
11.03488966,11.98,682,12640.0,83.2,0.0,0.0,0.0,0,0,0,0,0,0,0,0.20387096856297063,4.928767123287671
11.44035477,0.0,812,368.0,1.2,0.0,0.0,0.0,0,0,0,0,1,0,0,0.003956989255761552,22.602739726027398
11.09741002,19.82,677,30597.0,89.5,1.0,1.0,0.0,0,1,0,0,0,0,0,0.46359090955846965,11.753424657534246
10.20359214,10.8,682,8537.0,75.5,0.0,0.0,0.0,0,0,0,0,0,0,0,0.31618518676183205,13.835616438356164
10.46310334,15.74,692,15649.0,54.5,2.0,0.0,0.0,0,0,1,0,0,0,0,0.44711428592512276,4.1097031972602736
10.858999,9.55,767,4067.0,7.3,0.0,0.0,0.0,0,0,0,1,0,0,0,0.07821153827098104,35.506963479452054
10.46310334,7.51,687,5836.0,68.7,0.0,0.0,1.0,0,0,1,0,0,0,0,0.16674285722148485,7.657534246575342
11.38509209,11.95,702,24615.0,94.7,0.0,0.0,0.0,0,1,0,0,0,0,0,0.27971591005882207,13.89041095890411
10.30895266,7.88,687,7600.0,71.7,0.0,0.0,1.0,0,0,0,0,0,0,0,0.2533333334965543,14.05490867671233
10.83958091,18.68,682,9495.0,87.9,2.0,0.0,0.0,1,0,1,0,0,0,0,0.18617647090593842,5.175456621917808
9.903487553,10.26,757,4921.0,30.4,0.0,0.0,0.0,0,1,0,0,0,0,0,0.24604999988586435,17.34257990958904
11.46163217,1.83,667,11200.0,23.2,1.0,0.0,0.0,0,0,0,1,0,0,0,0.11789473691079995,9.372716895890411
11.13730067,6.11,777,2444.0,5.6,3.0,0.0,0.0,0,0,1,0,0,0,0,0.03558221481847076,20.383675800000002
11.00209984,0.82,767,916.0,6.8,0.0,0.0,0.0,0,0,1,0,0,0,0,0.01526666668505137,5.7534246575342465
13.33100224,3.83,782,148829.0,6.6,5.0,0.0,0.0,1,0,0,0,0,0,1,0.241605520088316,10.027397260273972
10.69194491,18.71,747,3209.0,12.6,0.0,0.0,0.0,0,1,0,0,0,0,0,0.07293181839334949,9.945205479452055
11.28978191,17.17,677,7570.0,82.3,0.0,0.0,0.0,0,1,0,0,0,0,0,0.09462500034595073,10.520662101369863
11.28978191,9.23,687,13126.0,96.5,0.0,0.0,1.0,0,0,1,0,0,0,0,0.1640750005998612,6.901369863013699
11.91839057,20.48,687,66654.0,51.6,1.0,0.0,0.0,0,0,1,0,0,0,0,0.44436000136791476,12.197374430136987
11.46163217,1.2,812,50.0,0.3,0.0,0.0,0.0,0,0,1,0,0,0,0,0.000526315789780357,44.54531964383562
9.392661929,16.7,687,3084.0,65.6,3.0,0.0,0.0,1,0,0,1,0,0,0,0.2569999999409251,5.668493150684932
11.42954386,6.48,712,2598.0,23.8,1.0,0.0,0.0,0,0,0,0,0,0,1,0.028239130322706488,15.369977169863015
11.03488966,17.81,682,18168.0,68.5,2.0,0.0,0.0,0,1,0,0,0,0,0,0.2930322592446242,17.34257990958904
10.40134951,22.79,682,24218.0,85.3,2.0,0.0,0.0,0,0,0,0,0,0,0,0.7360199367197513,25.723287671232878
9.798127037,4.27,722,0.0,0.0,0.0,0.0,0.0,0,0,0,0,0,0,0,0.0,4.027397260273973
12.20607265,10.7,697,72303.0,73.7,1.0,0.0,0.0,0,1,0,0,0,0,0,0.361514998384091,20.054794520547944
11.9381932,0.12,757,1032.0,5.0,0.0,0.0,0.0,0,0,0,0,0,0,0,0.00674509804174221,3.090525115068493
10.65725935,14.6,677,133.0,4.2,1.0,0.0,0.0,0,0,0,0,0,0,0,0.0031294117800791423,9.945205479452055
10.70099475,12.16,682,34023.0,57.7,1.0,2.0,0.0,1,0,1,0,0,0,0,0.766283782573298,5.835616438356165
11.1844214,11.18,757,12430.0,29.6,5.0,0.0,0.0,0,0,0,0,0,1,0,0.1726388885432991,12.328881279452055
10.77895629,13.53,787,10742.0,8.9,3.0,0.0,0.0,0,0,1,0,0,0,0,0.22379166664205585,28.109703205479452
10.59663473,7.02,667,2197.0,75.8,0.0,2.0,0.0,1,0,1,0,0,0,0,0.054925000170051835,7.641210046575343
10.69194491,15.3,692,88.0,23.8,1.0,3.0,0.0,1,0,0,0,0,0,0,0.002000000005800796,12.082191780821917
10.81977828,11.88,702,13867.0,33.7,0.0,0.0,0.0,0,0,1,0,0,0,0,0.27734000122314806,19.23299086849315
11.19134184,10.28,702,3943.0,98.6,3.0,0.0,0.0,1,0,0,0,0,0,0,0.05438620694238659,13.479566210958906
10.08580911,19.45,757,5405.0,40.0,2.0,0.0,0.0,0,0,1,0,0,0,0,0.22520833318246244,10.60285388219178
10.42228135,23.96,712,12102.0,49.0,1.0,0.0,0.0,0,0,1,0,0,0,0,0.3601785699703147,8.301484019178082
11.61045137,18.3,682,18076.0,81.4,1.0,0.0,0.0,0,0,1,0,0,0,0,0.16396357172340376,11.997260273972604
10.20359214,23.2,702,4504.0,39.2,1.0,0.0,0.0,1,0,1,0,0,0,0,0.1668148156466313,14.463127854794521
10.858999,9.74,712,25852.0,60.5,0.0,0.0,0.0,0,0,0,0,0,0,1,0.4971538449425625,13.312442923287673
10.858999,17.56,707,32438.0,43.0,0.0,1.0,0.0,0,1,0,0,0,0,0,0.6238076907878246,22.084931506849315
10.93131966,11.51,747,20380.0,48.1,2.0,0.0,0.0,0,0,1,0,0,0,0,0.3645796061276964,17.096004567123288
10.6454249,16.09,707,38054.0,61.2,0.0,0.0,0.0,0,1,0,0,0,0,0,0.9060476165700366,6.082191780821918
10.49127422,4.67,697,25.0,0.2,2.0,0.0,0.0,0,0,0,0,0,0,1,0.0006944444426654498,3.863013698630137
10.54534144,3.38,697,3305.0,55.1,2.0,0.0,0.0,0,0,0,0,0,0,0,0.08697368409820183,4.882191780821918
11.36674295,15.1,682,348.0,4.8,0.0,0.0,0.0,1,0,0,0,0,1,0,0.004027777797079478,10.684931506849315
10.08580911,6.15,722,3015.0,25.3,0.0,0.0,0.0,0,0,0,0,0,0,0,0.12562499991584167,3.6986301369863015
10.30895266,19.84,702,7336.0,71.9,1.0,0.0,0.0,0,0,1,0,0,0,0,0.2445333334908845,5.5946347041095885
10.858999,4.98,662,8644.0,72.6,1.0,0.0,0.0,0,1,0,0,0,0,0,0.16623076882575855,18.16449771780822
11.47210347,17.81,707,93.0,0.0,2.0,0.0,0.0,1,0,0,0,0,0,1,0.0009687500004359112,9.942465753424658
10.66895539,1.65,777,2698.0,9.5,0.0,0.0,0.0,0,0,0,0,0,0,1,0.06274418633988454,7.887671232876713
11.48246626,5.58,697,19009.0,30.0,0.0,0.0,0.0,0,0,0,0,1,0,0,0.195969071672188,13.150799087671235
10.77895629,0.38,717,498.0,7.3,2.0,1.0,0.0,0,0,0,0,0,1,0,0.01037499999885904,35.42477169863014
11.00209984,19.28,672,10358.0,91.7,2.0,0.0,1.0,1,0,1,0,0,0,0,0.17263333354122498,12.986301369863014
11.22524339,9.7,682,2105.0,45.3,0.0,3.0,0.0,0,1,0,0,0,0,0,0.02806666673735111,35.013698630136986
11.00209984,12.94,697,2822.0,9.9,3.0,0.0,0.0,0,0,0,0,1,0,0,0.04703333338997267,8.134360731506849
11.58988651,11.96,707,21004.0,97.7,0.0,0.0,0.0,0,0,1,0,0,0,0,0.19448148072424007,13.89041095890411
10.75790288,24.08,667,11675.0,75.8,1.0,0.0,0.0,0,0,0,0,0,0,0,0.24840425549109338,7.726027397260274
9.875088078,10.37,712,3933.0,43.7,0.0,0.0,0.0,0,0,0,0,0,0,0,0.2023148148177344,3.3699771698630134
10.98189713,7.51,662,7251.0,80.6,3.0,0.0,2.0,0,0,1,0,0,0,0,0.12331632700990805,11.257648402739727
10.71441777,19.19,692,88.0,44.0,1.0,3.0,0.0,1,0,0,0,0,0,0,0.001955555553115914,12.16449771780822
10.50780352,2.69,697,1492.0,33.2,2.0,0.0,0.0,0,0,0,0,0,0,0,0.04076502729751561,12.821917808219178
10.1266311,14.16,692,7121.0,33.7,0.0,0.0,0.0,0,0,1,0,0,0,0,0.28484000109672997,5.254908676712328
11.03488966,19.22,677,17641.0,69.5,2.0,0.0,0.0,0,0,1,0,0,0,0,0.28453225921039277,8.3836758
11.28978191,20.79,682,30946.0,61.5,3.0,0.0,0.0,1,0,0,0,0,0,1,0.38682500141423926,8.380936073972602
11.2515607,7.96,772,0.0,0.0,0.0,0.0,0.0,0,0,0,0,0,1,0,0.0,16.189155252054796
11.22524339,10.34,697,23391.0,90.7,1.0,0.0,0.0,0,1,0,0,0,0,0,0.31188000078545364,7.312442923287671
9.878169745,21.23,772,16324.0,48.0,0.0,0.0,0.0,0,0,0,0,0,1,0,0.8371282047530368,16.112328767123287
10.49460201,8.47,662,7104.0,93.5,2.0,0.0,0.0,1,0,1,0,0,0,0,0.19667774037817476,7.3151826493150685
10.08580911,14.5,672,9273.0,43.9,0.0,0.0,0.0,0,0,1,0,0,0,0,0.38637499974116085,5.342579909589041
10.82774645,17.02,672,6718.0,94.6,3.0,0.0,0.0,0,0,1,0,0,0,0,0.13329365133475113,12.0
11.22524339,17.06,767,12017.0,12.1,4.0,0.0,0.0,1,0,0,0,0,0,1,0.16022666707018923,15.591894978082193
11.16368368,18.96,692,5749.0,43.2,1.0,1.0,0.0,0,0,1,0,0,0,0,0.08152035996792169,14.876712328767123
11.27545477,7.99,692,6530.0,21.8,0.0,1.0,0.0,0,0,0,0,0,0,1,0.08280287071428728,12.983561643835616
10.08580911,6.0,752,2666.0,12.1,0.0,0.0,0.0,0,0,0,0,0,0,0,0.11108333325891673,7.4768264849315065
10.77895629,17.65,687,3761.0,55.4,2.0,0.0,0.0,0,0,0,0,0,0,0,0.0783541666580499,5.671232876712328
11.69524702,12.81,677,33698.0,91.3,0.0,0.0,0.0,0,1,0,0,0,0,0,0.28081666716207865,14.630251142465754
11.19821472,22.13,737,3472.0,4.5,1.0,0.0,0.0,1,0,1,0,0,0,0,0.047561643841824604,27.123287671232877
10.46287474,20.82,667,14534.0,48.9,3.0,1.0,0.0,0,0,1,0,0,0,0,0.4153520816869319,18.493264841095893
11.00209984,9.96,732,6703.0,47.5,1.0,0.0,0.0,0,0,0,1,0,0,0,0.11171666680120014,7.485045663013699
11.56171563,18.25,667,5861.0,53.8,2.0,0.0,0.0,0,0,0,0,0,0,0,0.05581904757102427,11.93972602739726
10.14564911,18.65,662,5061.0,72.3,0.0,1.0,0.0,0,0,1,0,0,0,0,0.19862637356402457,3.780821917808219
10.89857098,3.77,722,16888.0,39.5,0.0,0.0,0.0,0,0,1,0,0,0,0,0.3121684320660166,16.846575342465755
10.83863929,9.14,667,463.0,92.6,0.0,0.0,0.0,0,0,0,0,0,0,0,0.009086983846555709,10.931506849315069
10.1266311,0.0,712,0.0,0.0,0.0,1.0,0.0,0,0,1,0,0,0,0,0.0,9.205593608219178
10.77895629,9.78,742,8283.0,12.7,4.0,0.0,0.0,0,0,1,0,0,0,0,0.17256249998102297,6.986301369863014
11.61728548,10.86,687,46525.0,93.6,0.0,0.0,0.0,0,1,0,0,0,0,0,0.4191441442675702,9.369977169863013
10.62861778,2.32,772,2650.0,6.6,0.0,0.0,0.0,0,0,0,0,1,0,0,0.0641646488429825,7.150799087671233
11.51292546,1.57,762,17.0,0.1,5.0,0.0,0.0,1,0,0,0,0,0,1,0.00017000000084493885,17.422031964383564
10.50506754,19.46,727,827.0,6.6,2.0,0.0,0.0,1,0,0,0,0,0,0,0.022657534236845793,12.246689498630138
8.517193191,18.0,702,961.0,26.0,2.0,0.0,0.0,0,0,1,0,0,0,0,0.19220000008000074,3.2877853890410957
9.798127037,2.87,697,1554.0,29.3,1.0,0.0,0.0,0,0,1,0,0,0,0,0.08633333332282668,3.2850456630136984
11.81303006,3.66,672,10753.0,52.3,2.0,3.0,0.0,1,0,0,0,1,0,0,0.07965185164639513,15.863013698630137
11.69524702,0.65,792,2227.0,3.8,1.0,0.0,0.0,0,0,0,0,0,0,0,0.01855833336607363,10.438470320547944
11.51961693,6.64,722,7606.0,18.6,0.0,0.0,1.0,0,1,0,0,0,0,0,0.07555274619809305,28.19189498630137
11.00209984,4.64,662,8355.0,34.4,0.0,2.0,0.0,1,0,1,0,0,0,0,0.13925000016769015,6.087671232876712
11.32659589,16.05,667,27293.0,86.6,0.0,0.0,0.0,0,1,0,0,0,0,0,0.32883132424195194,6.0
11.1124479,3.6,712,10157.0,26.2,0.0,1.0,0.0,0,0,1,0,0,0,0,0.1515970146787405,7.808219178082192
11.3736634,5.79,677,4209.0,75.2,2.0,0.0,0.0,1,0,0,0,0,0,1,0.04837931023049378,12.983561643835616
10.89673933,10.44,767,0.0,0.0,1.0,0.0,0.0,0,1,0,0,0,0,0,0.0,9.449429224657534
10.28793329,3.96,767,1773.0,5.0,1.0,0.0,0.0,0,0,0,0,0,0,0,0.0603553923632913,10.767123287671232
10.08580911,2.4,742,949.0,55.8,1.0,0.0,0.0,1,0,0,0,0,0,0,0.03954166664017703,6.27408675890411
11.22524339,19.78,687,12308.0,43.6,2.0,0.0,0.0,1,0,0,0,1,0,0,0.1641066670799608,6.5727168958904105
10.59600954,12.1,687,7914.0,30.8,3.0,2.0,0.0,0,1,0,0,0,0,0,0.19797373312857658,11.01095890410959
10.65725935,15.7,672,9150.0,96.3,0.0,0.0,0.0,0,0,1,0,0,0,0,0.21529411870469287,10.10958904109589
10.55986701,14.04,702,21777.0,53.7,3.0,0.0,0.0,0,0,1,0,0,0,0,0.5648148141956982,4.931506849315069
11.48440253,12.43,667,4281.0,63.0,3.0,0.0,0.0,0,0,0,0,0,0,0,0.044048647806667,7.068493150684931
10.12502982,8.17,712,4475.0,63.0,0.0,0.0,0.0,0,0,1,0,0,0,0,0.17928685941959352,9.04109589041096
11.51292546,8.17,707,25413.0,45.2,2.0,0.0,0.0,0,0,1,0,0,0,0,0.25413000126308416,10.517922375342465
11.58058411,2.28,742,15043.0,65.2,2.0,0.0,0.0,0,0,0,0,0,0,1,0.1405887855309228,12.986301369863014
10.16277015,5.56,682,6353.0,39.5,2.0,0.0,0.0,0,0,0,0,0,1,0,0.24510030875624375,3.6987442931506846
9.980448594,10.33,742,3737.0,55.8,1.0,0.0,0.0,0,0,1,0,0,0,0,0.17300925920255653,5.260388128767123
11.13663073,7.47,717,11370.0,41.6,0.0,2.0,0.0,0,0,1,0,0,0,0,0.16564685383624947,15.287785389041098
10.49127422,17.4,667,18403.0,73.3,0.0,1.0,0.0,0,0,1,0,0,0,0,0.5111944431348909,28.438470328767124
11.69524702,6.81,662,19504.0,77.3,0.0,0.0,0.0,0,0,0,0,0,0,0,0.16253333362007188,5.591894978082192
11.53272809,16.95,747,10463.0,8.2,2.0,0.0,0.0,0,0,1,0,0,0,0,0.10257843160503352,9.945205479452055
9.210340372,6.72,707,2808.0,51.1,3.0,1.0,0.0,0,0,1,0,0,0,0,0.2807999999933123,9.12054794520548
11.17043516,6.88,742,6297.0,14.5,0.0,0.0,0.0,0,0,1,0,0,0,0,0.08869014049238984,12.572716895890412
11.03488966,14.07,792,33060.0,21.7,0.0,0.0,0.0,0,0,0,0,0,0,0,0.5332258085990355,21.55353881369863
9.893437217,23.03,717,4500.0,13.0,0.0,0.0,0.0,1,0,0,0,0,0,0,0.2272727272005968,7.068493150684931
11.21171226,13.28,732,2344.0,9.8,1.0,0.0,0.0,0,0,0,0,1,0,0,0.0316791003873489,4.8493150684931505
11.01205017,1.19,797,2907.0,4.0,0.0,0.0,0.0,0,0,0,0,0,0,0,0.04797029712839733,17.178196347945207
10.96819829,21.93,727,26218.0,28.7,2.0,0.0,0.0,0,0,1,0,0,0,0,0.4520344825455118,12.583675800000002
9.998797732,24.71,707,5967.0,25.5,0.0,0.0,0.0,0,0,1,0,0,0,0,0.27122727281961284,3.5371004575342466
11.62625415,10.36,702,27786.0,85.5,2.0,0.0,1.0,1,1,0,0,0,0,0,0.24808928578306405,16.764383561643836
11.62625415,13.46,702,27786.0,85.5,2.0,0.0,1.0,1,0,0,0,0,0,0,0.24808928578306405,16.767123287671232
11.69524702,4.28,722,7335.0,45.8,1.0,1.0,0.0,0,0,0,0,0,0,0,0.061125000107835684,11.178196347945205
10.80972795,0.0,672,0.0,0.0,1.0,1.0,0.0,0,0,1,0,0,0,0,0.0,6.901369863013699
10.59663473,16.68,737,19210.0,48.3,0.0,0.0,0.0,0,1,0,0,0,0,0,0.4802500014868893,19.145205479452056
10.59663473,4.05,717,11601.0,85.9,3.0,0.0,0.0,0,0,0,0,0,0,1,0.2900250008979387,7.559018265753425
10.16585182,6.14,697,991.0,34.2,1.0,0.0,0.0,0,0,1,0,0,0,0,0.038115384501176394,5.589155252054795
13.16542287,2.45,762,141287.0,9.4,5.0,1.0,0.0,0,0,0,0,0,0,0,0.2706647501092596,17.095890410958905
11.69524702,8.71,687,199.0,1.1,1.0,1.0,0.0,0,0,0,0,0,0,0,0.0016583333362589368,6.331621005479452
11.69524702,11.28,692,63580.0,80.6,1.0,0.0,0.0,1,0,0,0,0,0,0,0.5298333342680563,13.748059361643836
11.04292184,5.82,772,773.0,4.8,0.0,0.0,0.0,0,0,0,0,1,0,0,0.012367999947120527,14.876712328767123
9.798127037,22.0,662,1042.0,37.2,3.0,1.0,0.0,0,0,1,0,0,0,0,0.05788888888184389,4.027397260273973
10.20359214,7.16,662,137.0,3.2,1.0,1.0,0.0,1,0,1,0,0,0,0,0.005074074099375775,4.191894978082192
11.47210347,2.69,712,1944.0,47.4,0.0,0.0,1.0,0,1,0,0,0,0,0,0.020250000009111948,12.901369863013699
10.54534144,20.72,662,16613.0,18.3,1.0,1.0,0.0,1,0,0,0,0,0,1,0.43718420996170254,19.476826484931507
9.392661929,0.0,737,0.0,0.0,1.0,0.0,0.0,0,0,0,1,0,0,0,0.0,3.1205479452054794
10.81977828,17.04,662,5181.0,97.8,3.0,0.0,1.0,0,1,0,0,0,0,0,0.10362000045699359,16.92876712328767
10.08580911,18.65,727,597.0,14.2,2.0,1.0,0.0,0,0,0,0,0,1,0,0.024874999983335814,9.465867580821918
11.00209984,1.72,807,3202.0,1.1,1.0,0.0,0.0,0,0,0,0,0,0,0,0.05336666673093284,19.80821917808219
11.79810441,13.42,687,46086.0,92.7,0.0,0.0,0.0,0,1,0,0,0,0,0,0.34651127722660513,9.369977169863013
10.81977828,8.66,662,9380.0,44.1,1.0,0.0,1.0,1,0,1,0,0,0,0,0.1876000008273692,18.737100457534247
10.59663473,17.01,752,35944.0,56.2,2.0,0.0,0.0,0,0,1,0,0,0,0,0.8986000027821316,11.915068493150685
10.80972795,1.21,672,0.0,0.0,0.0,1.0,0.0,0,0,0,0,0,0,0,0.0,6.901369863013699
11.00209984,14.26,702,7973.0,89.6,0.0,0.0,0.0,0,0,1,0,0,0,0,0.13288333349335651,18.57545662191781
10.11050172,9.95,752,8522.0,21.7,1.0,0.0,0.0,0,0,1,0,0,0,0,0.3464227648929312,14.156164383561643
11.69524702,18.08,677,62976.0,86.1,2.0,2.0,0.0,0,1,0,0,0,0,0,0.5248000009258432,9.123287671232877
10.30895266,21.88,667,7429.0,82.5,0.0,0.0,0.0,0,0,1,0,0,0,0,0.2476333334928818,4.386415526027397
10.77895629,0.85,682,639.0,13.6,1.0,0.0,0.0,1,0,0,0,0,0,1,0.013312499998535997,7.065753424657534
11.38845009,13.73,732,14903.0,35.3,0.0,0.0,0.0,0,0,1,0,0,0,0,0.16878454213364025,15.038356164383561
10.59653473,9.48,662,2923.0,28.4,3.0,0.0,0.0,0,0,1,0,0,0,0,0.07308230809165535,11.178196347945205
11.58058411,8.16,757,18314.0,50.6,1.0,0.0,0.0,0,1,0,0,0,0,0,0.17115887909415142,15.863013698630137
10.26813067,0.0,777,150.0,7.5,1.0,0.0,0.0,0,0,0,0,0,0,0,0.00520833331314603,8.312442923287671
9.757305042,4.58,662,0.0,0.0,2.0,0.0,0.0,0,0,0,0,0,0,0,0.0,10.520662101369863
11.12714533,9.99,767,2475.0,5.4,1.0,1.0,0.0,0,0,0,0,0,0,0,0.03640134134077091,22.438470320547946
9.893437217,2.36,722,1489.0,62.0,1.0,0.0,0.0,0,0,0,0,0,0,0,0.07520202017815303,15.863013698630137
10.63344871,19.32,702,15368.0,87.1,0.0,0.0,0.0,0,0,1,0,0,0,0,0.37031325161181605,7.8054794520547945
11.69524702,7.67,762,21521.0,29.5,1.0,0.0,0.0,1,0,0,0,0,0,0,0.1793416669830582,16.45764840273973
11.02190247,14.06,702,4781.0,15.5,2.0,0.0,0.0,1,0,0,0,1,0,0,0.07812091491553094,15.616552512328768
11.27090486,14.03,692,8473.0,27.6,3.0,1.0,1.0,0,0,1,0,0,0,0,0.10793080584544573,12.246689498630138
10.727663,15.53,677,8494.0,44.2,1.0,0.0,0.0,0,0,0,0,0,0,0,0.18627192898679926,5.063013698630137
11.15051985,14.03,762,11333.0,45.5,5.0,0.0,0.0,0,0,0,0,0,0,0,0.1628304591713077,15.12054794520548
11.02190247,17.0,762,9366.0,40.7,4.0,0.0,0.0,1,0,1,0,0,0,0,0.15303921545677948,14.630251142465754
10.46493024,18.96,742,4922.0,30.6,0.0,0.0,0.0,0,0,0,0,0,1,0,0.14037189169317632,6.0
11.42081018,10.13,677,23129.0,79.8,0.0,1.0,0.0,1,0,1,0,0,0,0,0.2536074551417519,14.46586758082192
11.05089001,12.5,667,29736.0,80.2,3.0,0.0,0.0,0,0,0,0,0,0,1,0.4719999978163722,9.04109589041096
11.60823564,16.87,722,67232.0,41.1,1.0,0.0,0.0,0,1,0,0,0,0,0,0.6112000029182069,23.33984018356164
10.77895629,0.0,692,0.0,0.0,0.0,0.0,0.0,0,0,0,0,0,0,0,0.0,14.136986301369863
11.25480219,5.93,727,11496.0,26.6,0.0,0.0,0.0,0,0,1,0,0,0,0,0.14881553468894332,13.150684931506849
10.50506754,7.76,687,6999.0,65.7,0.0,0.0,0.0,0,1,0,0,0,0,0,0.1917534245751919,5.5069634712328766
10.57821615,17.2,667,4863.0,69.5,0.0,1.0,0.0,0,0,0,0,0,0,0,0.12383498824020647,3.863013698630137
9.878169745,3.69,667,12229.0,90.6,0.0,0.0,1.0,0,0,0,0,0,0,0,0.6271282048471507,24.164383561643834
10.96127785,1.33,767,2325.0,8.2,0.0,0.0,0.0,0,0,0,0,0,0,0,0.04036458319948367,6.8083333342465755
11.1844214,5.12,687,14653.0,95.1,0.0,0.0,0.0,1,0,0,0,0,0,0,0.2035138884814933,5.339840183561644
11.22524339,6.06,742,4286.0,40.4,0.0,0.0,0.0,0,1,0,0,0,0,0,0.05714666681058758,8.627511416438356
10.70738554,16.06,677,8009.0,68.5,0.0,0.0,0.0,0,0,1,0,0,0,0,0.179233769257702,5.339840183561644
10.49127422,2.73,742,2353.0,12.4,0.0,0.0,0.0,1,0,1,0,0,0,0,0.06536111094367214,6.986301369863014
10.81769612,10.37,767,6634.0,9.4,0.0,0.0,0.0,0,0,1,0,0,0,0,0.13295654938468662,12.082191780821917
10.30895266,19.76,702,0.0,0.0,0.0,0.0,0.0,0,0,1,0,0,0,0,0.0,12.408333334246576
11.1844214,14.65,682,5608.0,47.1,0.0,0.0,0.0,0,1,0,0,0,0,0,0.07788888873297034,9.12054794520548
10.77895629,18.98,682,13649.0,42.4,1.0,0.0,0.0,1,0,1,0,0,0,0,0.28435416663539564,13.232990868493152
10.54534144,14.84,677,9973.0,33.8,0.0,0.0,0.0,0,0,0,0,0,0,0,0.26244736808210795,11.342579909589043
10.75790288,17.95,677,16502.0,63.0,0.0,0.0,0.0,0,0,1,0,0,0,0,0.35110638322175786,7.147945205479452
11.23848862,7.11,667,15773.0,95.0,0.0,0.0,0.0,1,0,1,0,0,0,0,0.2075394735323888,10.682305936986301
11.08214255,2.14,777,3326.0,14.3,6.0,0.0,0.0,0,0,0,0,0,0,1,0.05116923071180732,12.490525115068495
9.980448594,4.83,712,7263.0,39.0,0.0,0.0,0.0,0,0,1,0,0,0,0,0.3362499998897961,4.438470320547945
10.54796956,13.1,767,3451.0,19.4,0.0,0.0,0.0,0,0,0,0,0,0,0,0.0905774279224973,20.71244292328767
10.77895629,13.1,662,16770.0,50.7,0.0,0.0,0.0,0,0,1,0,0,0,0,0.3493749999615785,26.463127854794518
10.49127422,7.93,692,17042.0,75.1,0.0,0.0,0.0,0,0,0,0,0,0,0,0.4733888876761838,6.654908676712329
11.00209984,20.06,697,10686.0,49.4,0.0,0.0,0.0,0,0,0,0,0,1,0,0.1781000002144748,12.493264841095892
12.01370075,0.33,732,45.0,0.4,0.0,0.0,0.0,0,1,0,0,0,0,0,0.00027272727351346844,9.863013698630137
10.38887228,15.84,717,3247.0,33.3,1.0,0.0,0.0,0,0,0,0,0,0,0,0.09991999053434518,4.931506849315069
11.22524339,21.84,677,27839.0,72.7,0.0,1.0,0.0,0,0,1,0,0,0,0,0.37118666760148106,7.23299086849315
11.65702581,2.89,807,0.0,0.0,1.0,0.0,0.0,0,0,0,0,0,0,0,0.0,14.136986301369863
11.00209984,9.58,757,17246.0,13.7,1.0,0.0,0.0,0,0,0,0,0,1,0,0.28743333367947155,35.915068493150685
10.77895629,19.05,667,14036.0,64.4,0.0,0.0,0.0,0,0,1,0,0,0,0,0.292416666634509,17.01095890410959
10.16585182,14.17,692,5643.0,60.7,0.0,0.0,0.0,0,0,0,0,0,0,1,0.21703846088813156,13.476826484931507
10.71441777,21.33,697,17850.0,66.3,1.0,0.0,0.0,0,0,1,0,0,0,0,0.39666666617180757,12.904109589041095
10.91508846,7.59,722,8382.0,20.4,1.0,0.0,0.0,0,0,1,0,0,0,0,0.1524000006423063,6.4110730602739725
11.33857208,23.04,662,24280.0,93.4,3.0,0.0,0.0,0,0,0,0,0,0,1,0.28904761841907056,18.328881279452055
10.49127422,11.9,677,8375.0,91.0,3.0,0.0,0.0,0,0,1,0,0,0,0,0.23263888829292567,8.136986301369863
11.33857208,19.86,742,6437.0,28.6,4.0,0.0,0.0,0,0,0,0,0,0,0,0.07663095221431455,7.569977169863013
11.03488966,20.09,697,16890.0,64.0,0.0,0.0,0.0,0,1,0,0,0,0,0,0.2724193559358049,17.512442923287672
10.37349118,0.38,682,887.0,38.6,0.0,0.0,0.0,0,0,0,0,0,0,0,0.027718750049391026,3.5343607315068493
10.86856845,17.94,667,17771.0,52.1,2.0,0.0,0.0,1,0,1,0,0,0,0,0.3384952376144785,8.956164383561644
10.66895539,14.82,677,13115.0,42.3,2.0,2.0,0.0,0,0,1,0,0,0,0,0.30500000142608813,22.35353881369863
10.08580911,0.0,787,5028.0,12.1,0.0,0.0,0.0,1,0,0,0,0,1,0,0.2094999998596524,10.435730594520548
9.308283446,19.15,692,1.0,0.2,2.0,0.0,1.0,1,0,0,0,0,0,0,9.067005170968774e-05,6.5727168958904105
10.52406404,12.58,702,10251.0,33.0,0.0,0.0,0.0,0,0,1,0,0,0,0,0.27556451620101996,5.835616438356165
10.51867319,16.74,727,6566.0,48.6,1.0,0.0,0.0,0,0,0,0,0,0,0,0.17745945974807278,12.575456621917809
10.81977828,5.06,687,9516.0,63.4,1.0,0.0,0.0,0,0,0,0,0,0,0,0.19032000083936518,12.23013698630137
11.00209984,0.0,672,2126.0,6.4,1.0,0.0,0.0,0,0,1,0,0,0,0,0.035433333376003504,6.904109589041096
10.71441777,4.67,662,7209.0,38.1,1.0,0.0,0.0,1,0,1,0,0,0,0,0.16019999980014346,7.8054794520547945
11.03488966,19.29,677,7180.0,34.4,3.0,0.0,0.0,1,0,1,0,0,0,0,0.11580645207928236,11.832876712328767
10.60905725,12.5,727,7386.0,42.4,0.0,0.0,0.0,0,0,1,0,0,0,0,0.1823703709347394,6.986301369863014
10.46310334,11.59,772,6035.0,19.0,0.0,0.0,0.0,0,0,0,0,0,0,0,0.17242857150988022,16.356278539726027
11.69524702,6.31,662,28653.0,89.3,0.0,0.0,0.0,1,0,0,0,0,0,1,0.2387750004212428,16.84931506849315
11.51292546,15.82,682,49459.0,88.8,1.0,2.0,0.0,0,0,1,0,0,0,0,0.4945900024582253,25.068493150684933
11.40756495,13.04,697,22738.0,30.8,0.0,1.0,0.0,0,1,0,0,0,0,0,0.2526444442707268,13.972602739726028
11.03488966,13.12,742,24406.0,40.3,1.0,0.0,0.0,1,1,0,0,0,0,0,0.3936451628756219,14.3836758
10.34174248,16.49,747,25946.0,37.9,0.0,0.0,0.0,0,0,1,0,0,0,0,0.8369677448374876,11.671347032876714
10.69194491,9.79,732,0.0,0.0,0.0,0.0,0.0,0,0,0,0,0,0,0,0.0,16.27408675890411
11.38586452,9.96,732,4765.0,16.5,0.0,0.0,1.0,0,0,1,0,0,0,0,0.05410591828038612,14.3836758
11.22524339,15.38,662,15222.0,77.3,0.0,2.0,0.0,0,0,1,0,0,0,0,0.20296000051114424,9.369977169863013
11.35040654,1.78,687,8035.0,50.5,1.0,1.0,1.0,0,0,0,0,0,0,1,0.09452941133671959,25.972602739726028
11.22524339,16.54,722,14214.0,39.4,0.0,0.0,0.0,1,0,1,0,0,0,0,0.1895200004772963,13.150684931506849
11.65702581,16.2,732,23442.0,42.1,2.0,0.0,0.0,0,0,1,0,0,0,0,0.20296103874670904,14.052054794520547
12.07254125,15.11,742,101443.0,13.7,6.0,0.0,0.0,0,1,0,0,0,0,0,0.5796742873986167,13.476826484931507
11.51292546,14.32,677,25988.0,98.8,1.0,0.0,0.0,0,0,1,0,0,0,0,0.259880001291663,12.161643835616438
11.6351431,24.84,682,51039.0,93.8,0.0,1.0,0.0,1,0,1,0,0,0,0,0.45167256533033995,20.873972602739727
10.96578158,10.14,702,23370.0,70.0,1.0,0.0,0.0,0,0,1,0,0,0,0,0.40390597935791656,16.43573059452055
12.20607265,15.46,692,119420.0,95.1,0.0,0.0,0.0,0,0,0,0,0,0,0,0.5970999973310671,18.161643835616438
10.81977828,8.78,702,0.0,0.0,0.0,0.0,0.0,0,0,0,0,0,0,0,0.0,10.810958904109588
10.73639668,11.37,677,15564.0,56.6,1.0,0.0,0.0,0,0,1,0,0,0,0,0.3383478245546576,7.4768264849315065
11.35040654,21.8,677,13686.0,48.7,1.0,0.0,0.0,0,0,1,0,0,0,0,0.16101176397689415,13.887671232876713
12.8346813,0.63,702,6921.0,0.0,2.0,0.0,0.0,0,0,0,0,1,0,0,0.018456000091404228,17.34257990958904
10.49127422,7.07,697,4220.0,53.4,2.0,0.0,0.0,0,0,1,0,0,0,0,0.11722222192192792,4.27408675890411
11.1844214,22.57,662,29877.0,75.6,2.0,0.0,0.0,0,0,0,0,0,0,0,0.41495833250266667,8.054794520547945
10.47005058,24.79,697,21573.0,73.7,1.0,0.0,0.0,1,1,0,0,0,0,0,0.6121041885507986,15.257534246575343
11.28978191,7.56,697,18316.0,81.0,1.0,1.0,0.0,1,0,0,0,0,0,1,0.2289500008370454,13.64394977260274
10.08580911,10.1,782,1458.0,18.0,1.0,0.0,0.0,0,0,0,0,0,0,1,0.060749999959302546,14.794520547945206
10.59663473,10.14,747,3179.0,11.0,1.0,0.0,1.0,0,0,1,0,0,0,0,0.07947500024606044,21.369977169863017
11.08214255,7.26,757,4365.0,51.4,0.0,0.0,0.0,0,0,1,0,0,0,0,0.06715384607848435,15.287785389041098
11.00209984,9.2,797,209.0,1.9,0.0,0.0,0.0,0,1,0,0,0,0,0,0.003483333337528096,17.17808219178082
10.81977828,20.42,692,12573.0,71.8,2.0,1.0,0.0,0,0,1,0,0,0,0,0.2514600011090099,21.123287671232877
11.46163217,16.07,702,806.0,10.3,2.0,0.0,0.0,1,1,0,0,0,0,0,0.008484210531259353,7.068493150684931
10.37349118,4.8,697,4134.0,39.4,1.0,0.0,0.0,1,0,1,0,0,0,0,0.12918750023019449,9.53436073150685
11.09741002,2.42,682,0.0,0.0,1.0,0.0,0.0,0,0,1,0,0,0,0,0.0,17.339840183561645
11.14908203,16.51,692,22157.0,98.0,0.0,0.0,0.0,0,1,0,0,0,0,0,0.31880575589075144,13.72340182739726
11.40756495,17.11,722,54925.0,97.8,0.0,0.0,0.0,0,0,1,0,0,0,0,0.6102777773581525,17.915068493150685
11.26446411,16.75,692,50908.0,37.1,0.0,2.0,0.0,0,1,0,0,0,0,0,0.652666663841748,11.753538813698631
11.58058411,16.37,682,16164.0,80.0,1.0,0.0,0.0,0,1,0,0,0,0,0,0.15106542108102347,27.287785389041094
11.60823564,18.58,702,14046.0,80.3,0.0,0.0,0.0,1,0,1,0,0,0,0,0.12769090970057612,19.80821917808219
10.00784757,5.24,792,4767.0,8.7,0.0,0.0,0.0,0,0,1,0,0,0,0,0.2147297292702879,13.72614155342466
11.19821472,21.01,692,23882.0,89.8,0.0,0.0,0.0,0,0,0,0,0,0,0,0.32715068497420946,7.068493150684931
9.903487553,8.88,782,674.0,2.6,1.0,0.0,0.0,0,0,0,1,0,0,0,0.03369999998436752,22.356278539726027
11.1844214,8.98,757,56842.0,14.4,6.0,0.0,0.0,0,0,0,0,0,0,1,0.789472220641851,12.65490867671233
12.13384061,1.88,727,19948.0,77.0,2.0,0.0,0.0,0,0,0,0,1,0,0,0.10721099789173806,27.942465753424656
10.81977828,15.5,687,10979.0,37.2,0.0,2.0,0.0,0,0,0,0,1,0,0,0.21958000096841007,22.92876712328767
10.59663473,15.93,692,14643.0,76.4,0.0,0.0,0.0,0,0,1,0,0,0,0,0.3660750011333951,9.696004567123287
10.91871823,12.85,682,15680.0,89.6,1.0,0.0,0.0,0,0,1,0,0,0,0,0.28405797165793717,7.3151826493150685
10.30895266,19.52,667,16670.0,71.7,0.0,0.0,0.0,0,0,1,0,0,0,0,0.5556666670246789,12.087671232876712
11.21989579,8.22,697,2624.0,48.6,1.0,0.0,0.0,0,0,1,0,0,0,0,0.035174262600635636,10.156164383561643
10.34174248,10.61,722,2773.0,10.8,1.0,0.0,0.0,0,0,1,0,0,0,0,0.08945161321337983,19.422031964383564
11.14186178,11.29,767,2279.0,20.7,3.0,0.0,0.0,0,0,1,0,0,0,0,0.033028985625470235,25.147945205479452
11.26446411,15.74,722,28110.0,31.9,0.0,0.0,0.0,0,0,1,0,0,0,0,0.3603846138247729,11.997260273972604
12.37581542,2.7,792,997.0,1.2,2.0,0.0,0.0,0,0,0,0,0,0,1,0.004206751055345638,24.737100457534247
10.91508846,12.28,747,2787.0,2.3,1.0,0.0,0.0,0,0,1,0,0,0,0,0.050672727486292965,20.21917808219178
11.06663836,5.25,772,1612.0,12.1,4.0,0.0,0.0,1,0,0,0,0,0,0,0.025187500058984295,9.698744293150686
11.08214255,23.89,672,10214.0,65.1,1.0,2.0,1.0,0,1,0,0,0,0,0,0.15713846136211662,19.89041095890411
10.77895629,2.1,672,19892.0,83.6,2.0,0.0,0.0,0,0,1,0,0,0,0,0.41441666662109244,10.60285388219178
10.46310334,1.03,727,1834.0,12.8,1.0,0.0,0.0,0,0,0,0,0,0,0,0.05240000002470926,3.3699771698630134
12.21602298,17.08,682,108397.0,67.3,3.0,0.0,0.0,0,0,0,0,1,0,0,0.5366188099404213,15.945205479452055
11.08214255,9.25,757,3348.0,5.3,0.0,0.0,0.0,0,0,0,0,1,0,0,0.05150769224988903,13.72614155342466
10.40426284,10.04,772,983.0,2.1,1.0,0.0,0.0,0,0,0,0,0,0,0,0.029787878801242163,9.945205479452055
11.06663836,0.58,712,603.0,30.1,0.0,1.0,0.0,0,0,0,0,0,0,0,0.009421875022064225,14.876712328767123
10.81683395,24.22,692,13662.0,60.7,0.0,1.0,0.0,0,0,1,0,0,0,0,0.2740456954706603,17.832876712328765
11.04292184,15.28,687,26044.0,34.5,3.0,0.0,0.0,0,0,1,0,0,0,0,0.41670399821837906,12.74531963561644
10.1266311,16.75,732,16212.0,50.7,0.0,0.0,0.0,0,1,0,0,0,0,0,0.6484800024968665,13.474086758904111
10.49127422,21.33,762,8516.0,11.1,0.0,0.0,0.0,0,0,1,0,0,0,0,0.23655555494955882,17.260388128767126
10.30895266,3.68,732,3953.0,15.9,0.0,0.0,0.0,0,1,0,0,0,0,0,0.13176666675156304,7.068493150684931
11.38509209,13.28,727,12672.0,21.0,3.0,3.0,0.0,0,0,0,0,0,1,0,0.14400000049828937,15.98904109589041
10.85127695,9.6,717,1346.0,23.2,2.0,0.0,0.0,0,0,1,0,0,0,0,0.026085271356165764,4.024657534246575
10.71441777,4.88,732,12425.0,94.2,0.0,0.0,0.0,0,0,1,0,0,0,0,0.27611111076665035,11.175342465753424
10.6454249,19.71,667,12032.0,87.2,3.0,0.0,1.0,1,0,1,0,0,0,0,0.28647618969282285,6.821917808219178
10.95779958,12.86,802,14377.0,10.2,0.0,0.0,0.0,0,1,0,0,0,0,0,0.25047038385326137,15.04109589041096
11.28978191,0.22,767,464.0,18.6,8.0,0.0,0.0,1,0,0,0,0,0,0,0.005800000021204906,23.221917808219178
10.47522952,15.38,697,10900.0,42.4,3.0,0.0,0.0,0,0,1,0,0,0,0,0.30767493727768014,4.682305936986301
10.75790288,18.15,707,7006.0,48.0,1.0,0.0,1.0,0,0,1,0,0,0,0,0.14906382989041544,6.326141553424657
10.77895629,11.93,717,19708.0,37.1,0.0,1.0,0.0,0,0,1,0,0,0,0,0.41058333328818064,17.339840183561645
11.21182037,11.25,707,30949.0,54.3,0.0,0.0,0.0,0,0,1,0,0,0,0,0.4182297306441083,22.19178082191781
10.54534144,13.42,697,6101.0,36.8,3.0,0.0,0.0,0,0,1,0,0,0,0,0.1605526313715974,11.178082191780822
10.1266311,1.54,727,1235.0,28.7,0.0,0.0,0.0,0,0,0,0,0,0,0,0.04940000019020665,5.5069634712328766
10.46310334,19.71,692,18028.0,88.4,1.0,0.0,0.0,0,0,1,0,0,0,0,0.5150857145286033,8.301484019178082
10.89673933,11.02,742,8828.0,54.8,5.0,0.0,0.0,0,0,1,0,0,0,0,0.1634814807534021,9.0
9.77246729,9.37,722,6033.0,31.1,1.0,0.0,0.0,0,0,1,0,0,0,0,0.34387824900761343,13.96986301369863
10.81977828,13.99,752,64885.0,39.6,0.0,0.0,0.0,0,1,0,0,0,0,0,1.297700005723225,13.808333334246576
11.31447453,15.12,672,27905.0,81.8,1.0,2.0,0.0,0,0,1,0,0,0,0,0.34030487677140875,15.780936073972605
11.40863105,6.61,692,14081.0,73.7,0.0,0.0,1.0,0,0,1,0,0,0,0,0.15628884706000976,26.21917808219178
11.00209984,6.02,787,426.0,0.7,0.0,0.0,0.0,1,0,0,0,0,0,0,0.007100000008550091,29.753424657534246
11.28522153,7.16,672,12301.0,56.4,1.0,0.0,0.0,0,0,1,0,0,0,0,0.15446531733219976,34.39463471232877
9.798127037,14.38,722,0.0,0.0,0.0,0.0,0.0,0,0,0,0,0,0,0,0.0,4.191780821917808
9.903487553,4.68,737,2248.0,11.6,0.0,0.0,0.0,0,0,0,0,0,0,1,0.11239999994786082,9.337100457534246
8.9751293,3.04,682,44.0,3.7,2.0,1.0,0.0,0,0,0,0,0,0,0,0.005566773448302421,18.983561643835618
10.51867319,8.53,767,2296.0,7.6,3.0,0.0,0.0,0,0,0,0,0,0,1,0.062054054154976404,9.167123287671233
11.15625052,9.05,702,16264.0,90.6,3.0,0.0,0.0,1,0,1,0,0,0,0,0.23234285738251778,12.411073060273974
10.66895539,17.47,702,12758.0,40.4,0.0,0.0,0.0,0,0,0,0,0,0,0,0.2966976758058736,9.698744293150686
10.77895629,14.08,792,2573.0,16.3,1.0,0.0,0.0,0,0,0,0,0,0,0,0.05360416666077171,13.397374430136987
11.14186178,12.57,762,15176.0,31.6,0.0,0.0,0.0,0,0,1,0,0,0,0,0.21994202977276714,9.369977169863013
10.6454249,5.91,727,7239.0,16.3,2.0,0.0,0.0,0,0,1,0,0,0,0,0.17235714238583316,12.821917808219178
10.57131693,11.2,722,11217.0,52.9,3.0,0.0,0.0,0,1,0,0,0,0,0,0.2876153832094583,7.3151826493150685
10.23995979,14.57,702,12979.0,31.0,0.0,0.0,0.0,0,0,1,0,0,0,0,0.4635357138951116,6.821917808219178
12.20607265,4.84,707,21894.0,0.0,2.0,0.0,0.0,0,0,0,0,0,0,0,0.10946999951068818,15.780936073972605
11.32659589,3.92,682,4933.0,15.1,2.0,0.0,0.0,0,0,0,0,0,0,0,0.059433734748307224,9.531621005479453
10.35456317,4.74,722,6206.0,35.3,0.0,0.0,0.0,0,0,1,0,0,0,0,0.1976433124767106,3.5343607315068493
10.22557105,17.78,717,16326.0,48.6,2.0,0.0,0.0,0,0,1,0,0,0,0,0.5915217401391226,5.013698630136986
10.71441777,5.57,707,33.0,0.3,0.0,0.0,0.0,0,0,1,0,0,0,0,0.0007333333324184678,11.342579909589043
10.46310334,7.65,777,19901.0,29.8,0.0,0.0,0.0,0,0,1,0,0,0,0,0.5686000002681237,12.657648402739728
9.852194258,6.32,737,4385.0,24.0,0.0,0.0,0.0,0,1,0,0,0,0,0,0.23078947371850048,8.167123287671233
10.69194491,18.52,677,18966.0,70.5,2.0,0.0,0.0,0,0,1,0,0,0,0,0.43104545579565795,13.150684931506849
11.22524339,1.49,712,8788.0,39.2,0.0,0.0,1.0,0,0,0,0,1,0,0,0.1171733336284283,17.041095890410958
10.6454249,18.14,697,1276.0,63.8,1.0,0.0,0.0,0,0,0,0,0,0,0,0.030380952297875827,8.468607306849314
10.49127422,14.77,672,22635.0,45.5,0.0,0.0,0.0,0,0,1,0,0,0,0,0.6287499983892982,13.232876712328768
11.52682837,0.83,777,1715.0,8.2,1.0,0.0,0.0,0,1,0,0,0,0,0,0.016913214992492712,22.931506849315067
11.52682837,3.19,777,1715.0,8.2,1.0,0.0,0.0,0,1,0,0,0,0,0,0.016913214992492712,22.931506849315067
9.998797732,22.25,737,2574.0,10.5,1.0,0.0,0.0,0,0,0,0,0,0,0,0.11700000003983299,6.586415526027397
10.98529272,7.08,767,25336.0,35.9,0.0,0.0,0.0,0,1,0,0,0,0,0,0.4294237300536733,36.490525123287675
10.2797298,15.82,667,18485.0,65.3,1.0,0.0,1.0,1,0,1,0,0,0,0,0.6344384965804224,9.696004567123287
10.81985828,17.33,737,9048.0,26.6,1.0,0.0,0.0,0,0,1,0,0,0,0,0.18094552457707755,6.657648402739726
10.8036489,7.37,672,14421.0,83.8,0.0,2.0,0.0,0,1,0,0,0,0,0,0.29310975682459006,19.232876712328768
9.92329018,18.35,742,9121.0,55.4,1.0,0.0,0.0,0,0,1,0,0,0,0,0.4471078430622782,7.887671232876713
12.27839331,17.66,707,120563.0,92.4,0.0,0.0,0.0,0,0,0,0,0,0,0,0.5607581379141803,18.164383561643834
10.04324949,12.05,742,710.0,7.8,4.0,0.0,0.0,0,0,0,0,0,0,0,0.03086956536900062,3.449429224657534
11.08214255,7.74,707,20762.0,48.5,2.0,0.0,0.0,0,0,0,1,0,0,0,0.3194153842569283,9.61381278630137
10.65320408,10.8,732,1839.0,15.6,3.0,0.0,0.0,0,0,1,0,0,0,0,0.04344641864557542,9.454908676712328
11.40756495,1.95,767,8629.0,17.6,0.0,0.0,0.0,0,0,1,0,0,0,0,0.09587777771185248,8.712442923287671
10.81174611,8.4,687,11735.0,93.9,2.0,0.0,0.0,0,0,1,0,0,0,0,0.2365927425773645,9.04109589041096
11.28978191,0.86,717,5506.0,52.4,1.0,0.0,0.0,0,0,0,0,0,0,0,0.06882500025162545,5.731621005479452
10.98189713,6.0,672,3831.0,34.2,0.0,1.0,0.0,1,0,1,0,0,0,0,0.06515306147772139,12.082191780821917
11.22524339,2.54,802,6094.0,2.8,0.0,0.0,0.0,0,0,0,0,0,0,0,0.08125333353796564,17.67408675890411
10.59663473,16.17,712,15597.0,60.0,1.0,0.0,0.0,0,1,0,0,0,0,0,0.38992500120723644,7.394634704109589
11.87756858,3.84,762,52214.0,8.7,8.0,0.0,0.0,0,0,0,0,0,0,1,0.36259722169940684,12.945205479452055
10.16585182,9.14,762,507.0,3.5,0.0,0.0,0.0,1,0,0,0,0,0,1,0.019499999941570565,18.498744293150686
10.38554326,11.12,687,0.0,0.0,1.0,0.0,0.0,0,0,1,0,0,0,0,0.0,11.175342465753424
10.53209621,5.73,682,4760.0,60.3,0.0,0.0,0.0,0,0,1,0,0,0,0,0.12693333358193246,9.038356164383561
11.09741002,22.45,707,25160.0,32.8,2.0,0.0,0.0,1,0,0,0,0,0,0,0.38121212159659756,5.731621005479452
10.30895266,13.4,707,10837.0,83.4,1.0,0.0,0.0,1,0,1,0,0,0,0,0.3612333335660735,9.202739726027398
11.65268741,12.0,777,90335.0,53.5,3.0,0.0,0.0,0,0,0,0,0,0,1,0.7855217370451784,16.276712328767122
11.05089001,2.7,712,4010.0,8.1,0.0,0.0,0.0,0,0,0,0,0,0,1,0.06365079335632406,18.657648402739728
10.1266311,4.56,667,3389.0,47.1,2.0,0.0,1.0,0,0,1,0,0,0,0,0.1355600005219517,13.147945205479452
11.22524339,15.14,707,39702.0,84.5,0.0,0.0,0.0,0,0,1,0,0,0,0,0.5293600013331657,16.520662101369865
11.00209984,0.6,762,653.0,3.2,2.0,0.0,0.0,0,0,0,0,1,0,0,0.010883333346439459,9.287785389041096
11.00209984,9.82,762,5274.0,45.9,1.0,0.0,0.0,0,0,1,0,0,0,0,0.08790000010585254,17.586415526027398
10.858999,14.45,677,11788.0,24.7,3.0,0.0,0.0,0,0,1,0,0,0,0,0.22669230713998634,7.147945205479452
9.774118912,12.7,772,122.0,3.7,0.0,0.0,0.0,0,0,1,0,0,0,0,0.0069424685610750105,16.846575342465755
10.91501573,13.16,662,22122.0,78.7,2.0,0.0,0.0,0,0,1,0,0,0,0,0.4022474379056836,21.86027397260274
10.23995979,0.43,792,103.0,1.5,0.0,0.0,0.0,0,0,0,0,0,0,1,0.003678571425471646,6.210958904109589
11.32176496,11.89,722,8866.0,24.3,1.0,0.0,1.0,0,0,0,1,0,0,0,0.10733656169064666,23.750799087671233
11.51292546,2.32,697,4929.0,33.5,1.0,1.0,0.0,0,0,0,0,0,0,1,0.04929000024498256,16.356278539726027
10.49127422,0.5,702,11794.0,59.3,0.0,0.0,0.0,0,0,0,0,0,0,0,0.3276111102718526,4.602853882191781
10.6454249,23.29,717,462.0,11.3,2.0,0.0,1.0,0,0,0,0,0,0,1,0.010999999969920559,14.301484019178083
11.00209984,22.4,687,5855.0,54.7,0.0,0.0,1.0,1,0,1,0,0,0,0,0.09758333345084691,8.63299086849315
11.00209984,10.06,742,6688.0,39.1,0.0,0.0,0.0,0,0,1,0,0,0,0,0.11146666680089908,10.849315068493151
9.852194258,24.0,707,12220.0,84.9,0.0,0.0,0.0,0,1,0,0,0,0,0,0.6431578948324004,7.397374430136987
10.42228135,20.11,717,8736.0,45.7,1.0,0.0,0.0,0,0,1,0,0,0,0,0.2599999989473367,6.326141553424657
11.14764215,3.29,672,170.0,34.0,0.0,0.0,0.0,0,0,0,0,0,0,0,0.0024495677147569513,10.024657534246575
10.85220675,11.13,662,15923.0,90.5,0.0,0.0,0.0,0,0,1,0,0,0,0,0.3082984825346275,6.901369863013699
9.210340372,0.0,727,0.0,0.0,0.0,1.0,0.0,0,0,0,0,0,0,0,0.0,3.041095890410959
10.49127422,5.17,692,1340.0,53.6,2.0,1.0,0.0,1,0,0,0,1,0,0,0.037222222126868106,12.164383561643836
10.11070495,9.17,692,8575.0,70.3,0.0,1.0,0.0,0,0,0,0,0,0,0,0.34850640228807844,11.26027397260274
10.62132735,16.92,682,21498.0,42.4,1.0,0.0,0.0,0,0,0,0,0,0,0,0.5243414611528585,4.273972602739726
11.55214618,20.12,667,32406.0,91.8,1.0,4.0,0.0,0,1,0,0,0,0,0,0.3115961532614469,22.60285388219178
9.782505656,15.51,672,7902.0,17.0,2.0,0.0,0.0,0,0,1,0,0,0,0,0.4459116302581783,11.753538813698631
11.43388226,10.74,677,46789.0,66.7,3.0,0.0,0.0,1,0,0,0,1,0,0,0.5063744576742374,15.12054794520548
11.24575165,4.62,667,7897.0,47.9,1.0,0.0,0.0,0,0,1,0,0,0,0,0.1031559425356474,14.052054794520547
10.51867319,24.31,742,6422.0,14.5,2.0,0.0,0.0,0,1,0,0,0,0,0,0.17356756784985125,12.904109589041095
10.1266311,12.14,802,1467.0,9.2,0.0,0.0,0.0,0,0,0,0,0,0,1,0.05868000022593777,21.616552512328767
11.51292546,18.88,722,16694.0,33.1,0.0,0.0,0.0,0,1,0,0,0,0,0,0.16694000082972996,5.339840183561644
10.37098805,10.71,762,1698.0,7.9,0.0,0.0,0.0,0,0,1,0,0,0,0,0.053195488804988734,6.326141553424657
10.51856508,20.63,702,8801.0,72.7,0.0,0.0,0.0,0,0,0,0,0,0,0,0.23789058221240672,8.95890410958904
10.71441777,20.69,732,5500.0,28.2,0.0,0.0,0.0,0,0,1,0,0,0,0,0.12222222206974463,7.1506849315068495
11.00209984,7.8,757,3282.0,32.6,3.0,0.0,0.0,0,0,1,0,0,0,0,0.05470000006587183,9.287671232876713
11.69524702,5.76,697,23908.0,62.8,3.0,0.0,0.0,1,0,0,0,0,0,1,0.19923333368481738,5.865867580821917
10.858999,11.86,727,6088.0,8.3,0.0,0.0,0.0,1,1,0,0,0,0,0,0.11707692279167262,4.641210046575343
11.00209984,0.4,707,2217.0,28.4,2.0,0.0,0.0,0,0,0,0,0,0,0,0.0369500000444966,4.438470320547945
11.294956,20.15,677,22247.0,93.1,1.0,0.0,0.0,0,0,1,0,0,0,0,0.2766523672159682,23.34257990958904
11.26446411,14.8,672,14555.0,77.0,0.0,0.0,0.0,0,0,1,0,0,0,0,0.18660256329489752,11.342579909589043
11.51292546,10.51,742,15491.0,25.4,3.0,0.0,0.0,0,0,1,0,0,0,0,0.1549100007699381,10.685045663013698
10.96819829,24.72,702,24299.0,58.6,0.0,0.0,0.0,1,0,1,0,0,0,0,0.4189482756645584,18.737100457534247
11.58058411,15.81,662,44543.0,86.8,0.0,0.0,0.0,1,0,1,0,0,0,0,0.41628972105988793,18.246575342465754
10.4487146,1.46,712,3735.0,21.5,0.0,0.0,0.0,0,1,0,0,0,0,0,0.10826086989210573,8.136986301369863
10.3859137,16.26,717,2352.0,27.3,1.0,0.0,0.0,0,0,0,0,1,0,0,0.07259259272183798,4.273972602739726
10.858999,12.02,672,7607.0,46.7,0.0,0.0,0.0,0,0,1,0,0,0,0,0.14628846118203903,7.394634704109589
10.71441777,8.29,687,12303.0,59.7,0.0,0.0,0.0,0,0,1,0,0,0,0,0.2733999996589215,7.561757991780822
10.77895629,12.63,702,5824.0,44.7,0.0,0.0,0.0,0,1,0,0,0,0,0,0.12133333331999006,3.1232876712328768
10.71441777,6.08,677,5071.0,78.0,1.0,1.0,0.0,1,0,1,0,0,0,0,0.11268888874830454,8.876712328767123
10.88382293,11.37,717,24.0,0.3,0.0,0.0,0.0,0,0,1,0,0,0,0,0.0004502222988860084,6.164383561643835
10.71441777,22.67,702,16616.0,66.7,0.0,0.0,0.0,0,0,1,0,0,0,0,0.3692444439837958,8.720662101369863
10.55581274,15.72,722,31566.0,32.3,1.0,0.0,0.0,1,0,1,0,0,0,0,0.8220312488292778,9.808333334246575
10.54534144,4.04,687,4110.0,91.3,0.0,0.0,0.0,0,0,0,0,0,0,1,0.1081578945971587,9.780936073972603
10.59653473,19.23,722,16738.0,77.9,1.0,0.0,0.0,0,0,1,0,0,0,0,0.41849184838800113,8.548059361643835
12.20607265,4.95,777,54392.0,0.0,0.0,0.0,0.0,0,0,0,0,0,0,0,0.2719599987843862,5.9150684931506845
11.23697432,11.8,717,46427.0,98.4,0.0,0.0,0.0,0,0,0,0,1,0,0,0.611807337236134,18.052054794520547
10.08580911,21.9,662,10944.0,82.3,1.0,0.0,0.0,0,1,0,0,0,0,0,0.4559999996945179,11.506963471232877
11.28978191,20.73,697,16805.0,64.1,0.0,0.0,0.0,0,0,1,0,0,0,0,0.21006250076799235,11.178082191780822
10.54534144,3.22,722,9255.0,63.0,0.0,0.0,0.0,0,0,1,0,0,0,0,0.24355263126440482,7.3151826493150685
10.86969163,13.11,727,16194.0,39.8,1.0,0.0,0.0,0,0,1,0,0,0,0,0.3081108840174807,11.191780821917808
11.91839057,0.22,782,4643.0,5.8,3.0,0.0,0.0,0,0,1,0,0,0,0,0.03095333342861986,11.832990868493152
10.30895266,13.16,752,3808.0,31.0,2.0,0.0,0.0,0,0,1,0,0,0,0,0.12693333341511562,11.257534246575343
11.08214255,15.6,662,9080.0,63.9,1.0,0.0,0.0,0,0,1,0,0,0,0,0.13969230753554132,9.780936073972603
10.49460201,14.45,707,4551.0,25.3,0.0,0.0,0.0,0,0,1,0,0,0,0,0.1259966774297682,4.441210046575343
10.4341158,23.96,742,11927.0,45.5,2.0,0.0,0.0,0,0,1,0,0,0,0,0.3507941189093205,10.520662101369863
11.17885035,3.35,662,5261.0,73.1,2.0,1.0,0.0,1,0,0,0,0,0,1,0.07347765384795123,14.95890410958904
10.5865844,0.91,767,1139.0,27.1,1.0,0.0,0.0,0,0,1,0,0,0,0,0.0287626261833154,15.123287671232877
10.13459927,5.43,707,5280.0,40.6,1.0,0.0,0.0,0,0,1,0,0,0,0,0.20952381025704103,7.726141553424657
11.08214255,11.69,727,13607.0,63.3,3.0,0.0,0.0,0,1,0,0,0,0,0,0.20933846130353642,7.235616438356164
10.54534144,8.72,687,11134.0,70.9,0.0,0.0,0.0,0,0,1,0,0,0,0,0.29299999962159734,11.67408675890411
11.22524339,14.8,712,23623.0,45.7,3.0,0.0,0.0,0,0,0,0,1,0,0,0.31497333412657735,8.136986301369863
11.22524339,11.3,692,9711.0,71.4,0.0,1.0,0.0,0,0,1,0,0,0,0,0.12948000032608867,12.0
10.49127422,2.6,742,2456.0,23.4,0.0,1.0,0.0,0,0,1,0,0,0,0,0.06822222204745379,12.0
10.4744671,13.19,662,11969.0,88.0,2.0,0.0,0.0,1,0,1,0,0,0,0,0.3381073443358647,11.095890410958905
11.00209984,13.16,732,32421.0,55.0,0.0,0.0,0.0,0,0,0,0,0,0,1,0.5403500006507101,12.246575342465754
10.46367461,0.72,742,1348.0,5.2,3.0,0.0,0.0,0,0,0,0,0,1,0,0.03849228995979749,7.580936073972603
11.08214255,20.09,662,26255.0,74.3,1.0,0.0,0.0,0,0,1,0,0,0,0,0.40392307646978387,11.26027397260274
10.77895629,14.58,717,20838.0,62.6,1.0,0.0,0.0,1,0,1,0,0,0,0,0.4341249999522584,14.2986301369863
11.81303006,11.18,737,11188.0,56.0,1.0,0.0,0.0,0,1,0,0,0,0,0,0.08287407386030585,10.027397260273972
11.66992921,0.0,787,0.0,0.0,0.0,0.0,0.0,0,0,0,0,0,0,0,0.0,22.931506849315067
10.95080655,0.32,717,167.0,3.3,2.0,0.0,0.0,0,0,0,0,1,0,0,0.002929824552076963,4.602853882191781
10.30895266,15.44,687,10997.0,75.3,0.0,0.0,0.0,0,0,1,0,0,0,0,0.36656666690284306,5.9150684931506845
10.54534144,20.53,732,2308.0,46.2,0.0,0.0,0.0,0,0,0,0,0,1,0,0.06073684202682294,9.205479452054794
11.08214255,8.6,687,15506.0,95.7,1.0,0.0,0.0,1,0,1,0,0,0,0,0.23855384588613476,8.95890410958904
10.08580911,9.8,682,7720.0,63.7,2.0,0.0,0.0,0,0,1,0,0,0,0,0.3216666664511767,8.794634704109589
10.828401,6.95,687,11973.0,70.8,0.0,0.0,1.0,0,0,1,0,0,0,0,0.2374040810653361,11.586415526027398
10.71441777,1.79,767,142.0,0.6,0.0,0.0,0.0,0,0,0,0,0,0,0,0.0031555555516188613,5.600114156164383
10.16585182,5.77,777,3050.0,2.9,1.0,0.0,0.0,1,0,0,0,1,0,0,0.11730769195619374,12.493264841095892
10.96335901,8.61,697,14453.0,45.5,1.0,0.0,0.0,0,0,1,0,0,0,0,0.25039847612157806,14.052054794520547
10.59663473,7.47,707,7842.0,43.8,2.0,0.0,0.0,0,0,0,0,0,0,0,0.19605000060698521,8.052054794520547
11.15051985,15.72,707,5762.0,43.3,1.0,0.0,0.0,1,0,1,0,0,0,0,0.08278735601738947,8.136986301369863
11.60093634,6.4,742,2339.0,44.1,0.0,0.0,0.0,0,0,0,0,1,0,0,0.021419413968527375,11.178082191780822
10.81985828,20.93,672,17436.0,93.2,0.0,0.0,0.0,0,0,1,0,0,0,0,0.3486921050537051,6.4110730602739725
10.91508846,15.1,762,11648.0,14.8,1.0,0.0,0.0,1,0,1,0,0,0,0,0.21178181907439558,21.698744293150686
10.42228135,9.86,667,8731.0,56.7,1.0,0.0,0.0,1,0,1,0,0,0,0,0.2598511894241297,8.054794520547945
10.93339264,21.32,667,22210.0,98.3,0.0,0.0,0.0,0,0,1,0,0,0,0,0.39649386016403676,9.86312785479452
10.6454249,2.74,727,6496.0,40.1,0.0,0.0,0.0,0,0,1,0,0,0,0,0.1546666662437315,6.328881279452054
9.92329018,6.82,697,3041.0,84.5,2.0,0.0,0.0,1,0,1,0,0,0,0,0.14906862742598267,4.191780821917808
10.30895266,8.56,682,2000.0,46.5,3.0,0.0,0.0,0,0,0,0,0,0,0,0.06666666670961954,3.287671232876712
10.08580911,2.7,717,3717.0,16.1,3.0,1.0,0.0,1,0,0,0,0,1,0,0.15487499989624662,14.158904109589042
11.51292546,18.55,667,34841.0,89.6,0.0,0.0,0.0,0,0,1,0,0,0,0,0.3484100017316773,12.493264841095892
11.44035477,10.86,717,5257.0,32.9,1.0,0.0,0.0,1,0,0,0,0,0,0,0.05652688184113717,11.178082191780822
11.84934056,3.4,662,15193.0,33.4,0.0,0.0,0.0,0,0,1,0,0,0,0,0.10852762983573601,7.1506849315068495
10.261162,5.37,687,3245.0,54.1,2.0,0.0,1.0,0,0,0,0,0,0,0,0.11346153809936281,7.479566210958904
10.52406404,21.94,702,14694.0,43.1,2.0,0.0,0.0,1,0,1,0,0,0,0,0.3950000001031887,5.342579909589041
11.32659589,5.54,762,438.0,0.8,3.0,0.0,0.0,0,0,0,0,0,0,0,0.005277108416735975,11.668607306849315
10.59663473,18.72,742,38605.0,67.7,0.0,0.0,0.0,0,0,0,0,0,0,0,0.9651250029880979,17.997260273972604
10.20359214,6.62,682,6611.0,49.1,1.0,0.0,0.0,0,0,1,0,0,0,0,0.24485185307279742,3.2849315068493152
10.53049493,20.71,662,5723.0,52.0,1.0,0.0,0.0,0,0,1,0,0,0,0,0.15285790607332583,11.342579909589043
11.28978191,3.75,762,8366.0,7.1,0.0,0.0,0.0,0,0,0,0,1,0,0,0.10457500038232811,34.70696347945206
10.57254694,14.9,682,7583.0,80.7,0.0,0.0,0.0,1,0,1,0,0,0,0,0.19419688541155583,7.065753424657534
9.729134165,7.5,692,4524.0,94.2,1.0,0.0,0.0,0,0,1,0,0,0,0,0.2692857143910994,5.260273972602739
11.03488966,0.81,712,3596.0,25.1,1.0,0.0,1.0,0,0,0,0,1,0,0,0.0580000002335793,10.027397260273972
10.71441777,6.4,667,12704.0,54.1,0.0,3.0,0.0,1,0,0,0,0,1,0,0.2823111107589156,14.136986301369863
11.08214255,11.13,717,16724.0,41.7,0.0,0.0,0.0,0,1,0,0,0,0,0,0.2572923074035675,14.26849315068493
11.69524702,4.19,787,311.0,0.0,2.0,0.0,0.0,0,0,0,0,1,0,0,0.002591666671238841,14.134246575342466
11.1844214,19.67,687,19771.0,92.4,1.0,0.0,0.0,0,0,1,0,0,0,0,0.2745972216725315,12.904109589041095
11.12431747,11.01,732,10826.0,41.5,0.0,0.0,0.0,0,0,1,0,0,0,0,0.15967551685147208,9.284931506849315
10.70324447,0.81,797,281.0,1.7,1.0,0.0,0.0,0,0,0,0,1,0,0,0.006314606729918367,9.452168950684932
11.2515607,10.25,662,4289.0,66.0,1.0,0.0,0.0,0,0,0,0,0,0,0,0.055701298747854976,9.128767123287671
11.29849385,15.08,697,21364.0,86.5,0.0,0.0,0.0,1,0,1,0,0,0,0,0.2647335822920542,12.164383561643836
13.25759333,1.61,742,22627.0,27.3,1.0,0.0,0.0,0,0,0,0,0,0,0,0.03953004878498622,17.50696347123288
11.20721519,18.16,662,11258.0,71.7,1.0,0.0,0.0,0,0,1,0,0,0,0,0.15283736084699134,8.791894978082192
10.34817337,17.0,717,0.0,0.0,2.0,0.0,0.0,0,0,1,0,0,0,0,0.0,8.791894978082192
10.30895266,24.68,682,26996.0,66.8,0.0,0.0,0.0,0,0,1,0,0,0,0,0.8998666672464446,4.109589041095891
11.08214255,11.35,737,3834.0,33.3,2.0,0.0,0.0,1,0,0,0,0,0,0,0.0589846153184213,10.931506849315069
11.87756858,1.67,677,9416.0,95.1,2.0,0.0,0.0,0,0,1,0,0,0,0,0.0653888887946071,14.712442923287673
10.81977828,20.04,692,25807.0,59.8,1.0,0.0,0.0,0,0,1,0,0,0,0,0.5161400022763237,9.205479452054794
11.00209984,8.94,732,16167.0,44.3,3.0,0.0,0.0,0,0,0,0,0,0,0,0.26945000032448196,12.164383561643836
10.858999,9.39,687,12678.0,43.6,0.0,0.0,1.0,0,0,1,0,0,0,0,0.2438076917136704,7.405593608219178
14.52835448,0.13,672,8747.0,51.8,1.0,0.0,0.0,0,0,1,0,0,0,0,0.004288199133484114,3.542579909589041
11.08214255,2.9,722,5694.0,17.7,1.0,0.0,0.0,1,0,1,0,0,0,0,0.08759999990169298,3.780936073972603
11.09741002,18.2,672,12008.0,54.2,3.0,1.0,0.0,0,0,1,0,0,0,0,0.18193939412289126,12.657648402739728
10.84778248,20.96,697,14129.0,84.1,0.0,0.0,0.0,0,0,1,0,0,0,0,0.2747763518394419,12.65490867671233
11.58988651,8.92,712,15553.0,20.0,1.0,0.0,0.0,0,0,0,0,1,0,0,0.14400925869853864,8.380936073972602
11.28978191,19.37,682,26966.0,70.2,1.0,0.0,1.0,0,0,0,0,1,0,0,0.33707500123235234,24.819292238356162
11.06663836,13.33,712,2388.0,48.7,2.0,0.0,0.0,0,0,0,0,0,0,0,0.03731250008737872,12.008219178082191
10.46310334,9.63,667,11698.0,78.5,1.0,0.0,0.0,0,0,1,0,0,0,0,0.33422857158617714,3.5343607315068493
11.40756495,12.32,722,5570.0,25.4,3.0,0.0,0.0,0,1,0,0,0,0,0,0.06188888884633426,5.342579909589041
9.915613732,5.99,712,4641.0,33.1,0.0,0.0,0.0,0,0,0,0,0,1,0,0.22925311210975824,12.246575342465754
10.77895629,10.05,682,15774.0,44.8,2.0,0.0,0.0,0,0,1,0,0,0,0,0.32862499996386046,7.315068493150685
10.75312553,10.03,672,9288.0,71.4,0.0,0.0,0.0,0,0,1,0,0,0,0,0.19856336579993888,11.26027397260274
10.2646524,17.56,662,17488.0,90.6,1.0,0.0,0.0,0,0,1,0,0,0,0,0.6093379801590247,5.175342465753425
10.26813067,0.83,807,209.0,2.3,1.0,0.0,0.0,0,0,1,0,0,0,0,0.007256944416316801,14.216438356164383
10.23995979,19.93,667,15049.0,71.3,0.0,0.0,0.0,0,0,1,0,0,0,0,0.5374642852613865,15.696004567123289
10.49127422,15.83,682,23253.0,72.0,1.0,0.0,0.0,0,0,0,0,0,0,0,0.6459166650119882,12.082191780821917
11.14186178,14.02,682,10769.0,63.0,1.0,1.0,0.0,0,0,1,0,0,0,0,0.15607246432676128,9.780936073972603
11.05089001,17.28,692,21357.0,42.0,1.0,0.0,0.0,0,1,0,0,0,0,0,0.3389999984316741,23.835730594520548
11.45105006,7.44,727,29884.0,43.6,0.0,0.0,0.0,0,0,1,0,0,0,0,0.31791489401509554,9.205479452054794
11.46163217,10.42,757,16386.0,11.3,0.0,0.0,0.0,0,0,0,0,1,0,0,0.17248421062681857,32.794634712328765
11.24177269,10.37,702,26888.0,26.2,0.0,0.0,0.0,0,0,1,0,0,0,0,0.35262950977285484,30.904109589041095
10.52406404,6.74,672,7067.0,65.8,0.0,0.0,0.0,0,0,1,0,0,0,0,0.18997311832919794,7.147945205479452
11.73606902,12.94,682,36467.0,62.9,0.0,0.0,0.0,0,1,0,0,0,0,0,0.29173599891603674,10.191780821917808
10.42228135,14.68,687,14371.0,60.9,0.0,1.0,0.0,1,0,1,0,0,0,0,0.42770833160166855,12.739840183561645
11.91582729,9.52,702,25870.0,56.1,0.0,1.0,0.0,1,0,1,0,0,0,0,0.17290931462857023,10.356278539726027
10.59663473,21.96,717,1727.0,8.9,1.0,0.0,0.0,0,0,1,0,0,0,0,0.043175000133672974,11.75627853972603
11.91839057,24.03,672,28846.0,57.9,1.0,0.0,0.0,1,1,0,0,0,0,0,0.1923066672586622,11.753538813698631
10.55581274,9.31,687,2329.0,39.4,0.0,0.0,0.0,0,0,0,0,1,0,0,0.060651041580288535,15.534360731506851
10.46310334,0.86,797,324.0,0.2,0.0,0.0,0.0,0,0,0,0,0,0,0,0.00925714286150807,31.315068493150687
10.81977828,3.89,667,20845.0,47.7,0.0,0.0,0.0,0,0,1,0,0,0,0,0.4169000018386472,16.356278539726027
11.11542853,15.5,707,12569.0,46.2,0.0,0.0,0.0,1,0,1,0,0,0,0,0.18703868982365737,6.493264841095891
10.75790288,13.48,702,9697.0,58.0,0.0,0.0,0.0,0,0,1,0,0,0,0,0.20631914907898352,8.219178082191782
10.42228135,2.61,697,2952.0,30.1,2.0,0.0,0.0,0,0,0,0,0,0,0,0.08785714250143521,6.493264841095891
10.62132735,12.12,692,13427.0,82.9,0.0,0.0,0.0,0,0,1,0,0,0,0,0.3274878034654122,19.561757991780823
11.08214255,13.5,692,6045.0,34.9,1.0,0.0,1.0,1,0,0,0,0,0,0,0.09299999989563296,6.493264841095891
11.40756495,17.39,717,18913.0,34.1,1.0,0.0,0.0,0,0,1,0,0,0,0,0.21014444429994972,12.246575342465754
10.87804719,17.82,667,18593.0,35.0,0.0,5.0,1.0,0,0,1,0,0,0,0,0.35081132164376366,20.134246575342466
10.858999,2.1,792,0.0,0.0,1.0,0.0,0.0,0,0,0,0,0,0,0,0.0,14.2986301369863
11.08214255,8.86,742,13207.0,77.7,0.0,0.0,0.0,0,1,0,0,0,0,0,0.20318461515659628,14.052054794520547
10.66886237,2.34,687,3273.0,44.8,1.0,0.0,0.0,0,0,0,0,0,0,0,0.07612336009129317,5.342465753424658
11.56171563,10.01,687,19368.0,38.6,1.0,3.0,0.0,0,0,1,0,0,0,0,0.18445714269844704,14.3836758
11.15625052,0.57,727,782.0,3.0,1.0,0.0,0.0,1,0,0,0,0,0,0,0.011171428582951852,13.808333334246576
10.66347529,6.15,707,6362.0,69.2,0.0,0.0,0.0,0,0,0,1,0,0,0,0.14876651467542815,7.726141553424657
11.33384664,5.88,717,15342.0,50.0,0.0,1.0,0.0,0,0,0,0,0,0,0,0.1835079670101858,12.32876712328767
10.96819829,9.21,687,871.0,8.1,0.0,0.0,0.0,0,0,1,0,0,0,0,0.01501724137223056,19.312328767123287
11.82041016,8.63,752,13238.0,23.0,1.0,0.0,0.0,0,1,0,0,0,0,0,0.09733823575337787,16.846689498630138
10.81977828,7.15,667,1918.0,56.4,0.0,0.0,0.0,0,0,1,0,0,0,0,0.03836000016917848,7.065753424657534
10.30895266,21.28,752,5649.0,30.2,2.0,0.0,0.0,0,1,0,0,0,0,0,0.18830000012132042,7.4768264849315065
10.71441777,0.8,717,3332.0,30.6,0.0,0.0,0.0,1,0,1,0,0,0,0,0.07404444435207075,7.479566210958904
11.47210347,18.8,662,14706.0,77.0,0.0,2.0,0.0,0,0,0,0,0,0,0,0.1531875000689302,31.561758
11.33857208,14.51,692,27129.0,39.0,2.0,0.0,0.0,0,0,1,0,0,0,0,0.32296428501198376,5.178082191780822
11.15625052,4.08,667,1152.0,13.1,3.0,3.0,0.0,0,0,1,0,0,0,0,0.016457142874118327,15.945205479452055
10.35316092,23.31,712,8837.0,52.6,1.0,0.0,0.0,1,0,1,0,0,0,0,0.28182803796856126,10.356164383561644
10.04324949,22.38,742,2246.0,9.9,1.0,0.0,0.0,0,0,0,0,0,0,0,0.0976521743926414,12.246575342465754
10.30895266,0.0,712,9258.0,71.2,1.0,0.0,0.0,0,0,1,0,0,0,0,0.3086000001988289,12.164383561643836
10.20359214,11.96,667,8671.0,61.5,0.0,0.0,0.0,0,0,1,0,0,0,0,0.32114814974954264,13.397374430136987
11.04292184,20.45,677,20065.0,66.0,2.0,0.0,0.0,0,0,1,0,0,0,0,0.3210399986273912,7.328767123287672
10.14124382,8.79,692,1573.0,39.3,0.0,0.0,0.0,1,0,0,1,0,0,0,0.06200725299791874,10.517922375342465
11.40756495,1.63,792,4359.0,15.3,0.0,0.0,0.0,0,0,1,0,0,0,0,0.04843333330003071,15.696004567123289
10.96819829,10.9,662,10055.0,54.9,3.0,0.0,1.0,0,0,0,0,0,0,0,0.17336206888378677,5.504223745205479
11.15625052,17.07,667,2549.0,57.9,0.0,0.0,0.0,0,0,0,0,0,1,0,0.036414285751846895,20.726141553424657
10.83958091,16.47,702,16021.0,66.8,1.0,0.0,0.0,0,0,1,0,0,0,0,0.3141372554380242,12.411073060273974
10.89635036,0.0,762,0.0,0.0,1.0,0.0,0.0,0,0,0,0,0,0,0,0.0,17.589155252054795
11.35040654,14.08,682,22205.0,88.8,2.0,0.0,1.0,0,0,1,0,0,0,0,0.26123529293489217,19.808333334246576
11.73606902,5.28,727,9438.0,33.5,3.0,0.0,0.0,0,0,1,0,0,0,0,0.07550399971946019,24.986301369863014
11.40756495,5.91,732,18343.0,26.2,0.0,1.0,0.0,0,0,1,0,0,0,0,0.20381111097097115,15.780936073972605
11.77528973,21.2,772,74885.0,0.0,0.0,0.0,0.0,0,0,0,0,0,0,0,0.5760384612145659,18.493264841095893
9.903487553,14.82,702,4873.0,26.9,1.0,0.0,0.0,0,0,0,0,0,0,0,0.24364999988697764,7.811073060273973
11.33857208,10.49,697,11332.0,39.7,0.0,0.0,0.0,0,1,0,0,0,0,0,0.13490476161140477,8.46312785479452
10.87804719,18.93,702,20033.0,82.8,1.0,0.0,0.0,1,0,1,0,0,0,0,0.37798113303337366,10.106849315068493
10.60905725,12.12,667,4565.0,68.1,0.0,1.0,0.0,0,0,1,0,0,0,0,0.11271604973153064,7.4768264849315065
11.51292546,1.2,682,4000.0,80.0,3.0,0.0,0.0,0,0,0,0,0,1,0,0.04000000019880914,14.054794520547945
10.90159787,12.38,672,0.0,0.0,0.0,2.0,0.0,0,0,0,0,0,0,0,0.0,20.630251142465756
10.71441777,9.92,687,1767.0,34.6,1.0,0.0,1.0,0,0,0,0,0,0,0,0.039266666617679774,6.9042237452054795
10.69557468,14.4,672,768.0,64.0,2.0,0.0,0.0,0,0,0,0,0,0,0,0.017391304364364816,10.191780821917808
11.06763786,4.8,717,12226.0,45.6,0.0,1.0,1.0,0,1,0,0,0,0,0,0.19084041010088723,13.890525115068494
10.58415721,1.55,802,2724.0,7.9,0.0,0.0,0.0,0,0,0,0,0,0,0,0.06895504263662998,10.027397260273972
10.79059661,0.62,742,308.0,17.1,4.0,0.0,0.0,0,0,0,0,0,0,0,0.006342407650475364,19.643949772602742
9.60238246,2.43,747,1946.0,6.5,3.0,0.0,0.0,0,0,1,0,0,0,0,0.13148648645390507,6.164383561643835
10.91871823,19.43,717,4446.0,61.7,3.0,0.0,0.0,0,0,0,0,0,0,0,0.08054347844331561,13.068493150684931
10.57131693,5.17,707,8486.0,66.8,1.0,0.0,0.0,0,0,1,0,0,0,0,0.2175897425261178,6.0
11.1844214,23.37,682,19826.0,39.0,2.0,0.0,0.0,0,0,0,0,0,0,0,0.2753611105598912,18.07945205479452
10.59663473,5.97,722,3212.0,35.7,1.0,1.0,0.0,0,1,0,0,0,0,0,0.08030000024861471,7.72340182739726
10.91508846,14.99,667,10918.0,59.0,2.0,0.0,0.0,0,1,0,0,0,0,0,0.19850909174572895,12.326027397260274
11.15625052,9.38,722,8850.0,32.3,0.0,0.0,0.0,0,0,0,1,0,0,0,0.12642857155898196,5.093150684931507
10.30895266,6.04,697,10366.0,64.4,0.0,0.0,1.0,0,0,0,0,0,0,0,0.3455333335559581,17.34246575342466
10.50232405,11.6,677,10765.0,60.5,2.0,0.0,0.0,0,0,1,0,0,0,0,0.29574175931377233,4.109589041095891
10.91508846,5.19,712,5482.0,17.4,0.0,2.0,0.0,1,0,0,0,0,0,0,0.09967272769280877,23.013698630136986
11.04132055,6.46,752,5196.0,34.6,2.0,0.0,0.0,0,0,1,0,0,0,0,0.08326923113207803,12.32876712328767
11.15625052,4.92,792,3114.0,11.3,0.0,0.0,0.0,0,0,0,0,0,0,0,0.04448571433160111,11.342465753424657
10.46321762,19.61,717,213.0,7.1,1.0,0.0,1.0,0,0,0,0,0,0,0,0.006085018852893061,12.164269405479452
9.862665558,10.94,677,6450.0,70.9,3.0,0.0,0.0,0,0,1,0,0,0,0,0.3359375000053324,5.260273972602739
11.40756495,8.81,677,15486.0,33.1,1.0,0.0,0.0,0,1,0,0,0,0,0,0.1720666665483541,6.4110730602739725
10.89821971,10.78,732,5623.0,67.7,1.0,0.0,0.0,0,0,0,0,0,0,0,0.10397559179051086,9.287671232876713
10.87804719,13.09,702,1308.0,6.9,1.0,0.0,0.0,0,1,0,0,0,0,0,0.02467924534556246,12.167123287671233
10.6454249,5.31,737,11556.0,24.3,0.0,0.0,0.0,0,0,1,0,0,0,0,0.2751428563904805,8.301369863013699
10.91508846,13.51,682,623.0,31.1,0.0,0.0,0.0,0,0,0,0,0,1,0,0.011327272775012744,9.616438356164384
11.51292546,7.25,737,0.0,0.0,2.0,1.0,0.0,0,0,0,0,0,0,0,0.0,10.356164383561644
11.77528973,8.32,662,22044.0,81.6,0.0,0.0,0.0,0,0,0,0,0,0,0,0.16956923067388516,8.3836758
10.38183131,8.55,782,8793.0,18.8,0.0,0.0,0.0,0,1,0,0,0,0,0,0.27249906921185096,15.205479452054794
10.53720315,20.66,677,2796.0,38.8,2.0,0.0,0.0,0,0,1,0,0,0,0,0.07418019733941698,12.657648402739728
11.28978191,6.9,707,8298.0,38.6,3.0,0.0,1.0,0,0,0,0,0,0,0,0.1037250003792205,20.301369863013697
10.77895629,22.75,677,10211.0,96.3,0.0,0.0,0.0,0,0,1,0,0,0,0,0.2127291666432724,7.479566210958904
10.81977828,9.22,687,22188.0,70.0,0.0,0.0,0.0,0,1,0,0,0,0,0,0.44376000195710746,7.6438356164383565
10.59663473,18.78,697,21160.0,78.7,0.0,0.0,0.0,1,0,1,0,0,0,0,0.5290000016378229,6.328652967123288
10.30895266,2.52,762,2096.0,46.6,0.0,0.0,0.0,0,1,0,0,0,0,0,0.06986666671168129,10.520547945205479
11.22235924,24.61,682,55632.0,80.7,3.0,0.0,0.0,0,0,1,0,0,0,0,0.7439024370445572,6.657534246575342
9.903487553,10.56,717,3415.0,14.3,0.0,0.0,0.0,0,0,0,1,0,0,0,0.1707499999207939,11.293036528767121
10.75363848,12.23,727,1287.0,7.8,0.0,0.0,0.0,0,0,0,0,0,0,0,0.027500000052407814,8.05742009041096
11.12726298,12.72,687,36164.0,39.4,1.0,0.0,0.0,1,1,0,0,0,0,0,0.5318235316232169,24.98618721369863
11.22524339,19.36,662,20658.0,55.4,0.0,0.0,0.0,0,0,1,0,0,0,0,0.27544000069368135,7.314954336986301
10.30895266,21.48,722,24397.0,53.4,1.0,0.0,0.0,0,1,0,0,0,0,0,0.813233333857294,27.698630136986303
9.60238246,5.48,747,1946.0,6.5,3.0,0.0,0.0,0,0,1,0,0,0,0,0.13148648645390507,6.164269405479452
11.08795638,14.82,767,0.0,0.0,1.0,0.0,0.0,0,0,0,0,0,0,0,0.0,17.589041095890412
10.59663473,16.08,727,14582.0,26.7,2.0,0.0,0.0,1,0,1,0,0,0,0,0.3645500011286736,9.490525115068493
10.91508846,6.11,697,14971.0,46.8,0.0,0.0,0.0,0,0,1,0,0,0,0,0.2722000011472164,10.109474884931506
11.40756495,23.45,692,43868.0,47.8,1.0,0.0,1.0,0,0,1,0,0,0,0,0.48742222188707207,10.602739726027398
10.77895629,2.65,742,6512.0,16.4,0.0,0.0,0.0,0,0,1,0,0,0,0,0.13566666665174712,11.67123287671233
11.15625052,2.81,757,7905.0,30.2,0.0,0.0,0.0,0,1,0,0,0,0,0,0.11292857154505676,11.506735158904108
11.18886982,15.63,717,6161.0,26.6,0.0,0.0,0.0,0,1,0,0,0,0,0,0.08518964083477253,11.999885843835616
10.818177,4.42,712,3964.0,24.0,0.0,0.0,0.0,1,0,1,0,0,0,0,0.07940705152371147,5.0957762547945205
10.20359214,21.78,737,1815.0,60.5,3.0,0.0,0.0,0,0,0,0,1,0,0,0.06722222255742359,13.668493150684931
10.59663473,5.22,772,0.0,0.0,3.0,0.0,0.0,0,0,0,0,0,0,0,0.0,14.465753424657533
11.28978191,9.81,757,1998.0,22.4,1.0,0.0,0.0,0,0,1,0,0,0,0,0.024975000091309058,15.20536529589041
11.48452599,13.16,732,41248.0,5.3,3.0,0.0,0.0,0,0,0,0,1,0,0,0.42436214010803486,6.8493150684931505
11.09741002,13.4,687,24008.0,77.9,0.0,0.0,0.0,0,0,1,0,0,0,0,0.36375757612444815,9.369748857534246
11.92503512,7.99,697,17788.0,52.7,3.0,0.0,0.0,0,1,0,0,0,0,0,0.11780132400819947,22.197146117808217
11.91839057,6.47,757,4232.0,8.9,2.0,0.0,0.0,0,0,0,0,0,0,0,0.028213333420185064,10.931506849315069
10.53049493,7.72,677,0.0,,1.0,0.0,0.0,1,0,0,0,0,0,0,0.0,4.602739726027397
11.35035948,20.44,672,28511.0,56.7,1.0,0.0,0.0,0,0,1,0,0,0,0,0.3354393132957694,15.04109589041096
10.67359577,0.83,792,138.0,0.2,0.0,0.0,0.0,0,0,0,0,0,0,0,0.0031944444579639765,11.342351597260272
11.69524702,18.23,697,114629.0,64.5,2.0,0.0,0.0,0,1,0,0,0,0,0,0.9552416683518878,13.561643835616438
11.23261615,12.88,707,10689.0,18.4,3.0,0.0,0.0,0,0,1,0,0,0,0,0.14147309862096194,8.054680364383561
10.08580911,17.0,732,6188.0,53.8,0.0,0.0,0.0,0,0,1,0,0,0,0,0.2578333331606064,10.35605022739726
10.59533389,14.54,772,4743.0,28.1,0.0,0.0,0.0,1,0,1,0,0,0,0,0.1187293478395122,15.863013698630137
11.04917425,21.83,717,12025.0,37.2,2.0,0.0,0.0,0,0,1,0,0,0,0,0.19120078838400356,14.301255706849314
11.69524702,8.91,792,3706.0,12.8,1.0,0.0,0.0,0,0,0,0,1,0,0,0.030883333387817187,22.273858446575343
11.35040654,9.37,702,8833.0,44.8,1.0,0.0,1.0,0,0,1,0,0,0,0,0.10391764658833158,12.575342465753424
10.71441777,14.64,712,6239.0,63.0,3.0,0.0,0.0,0,0,1,0,0,0,0,0.1386444442714794,12.164269405479452
10.59663473,11.73,672,5671.0,55.1,0.0,0.0,0.0,0,0,1,0,0,0,0,0.1417750004389458,8.794520547945206
10.37349118,13.28,672,2940.0,27.7,1.0,2.0,0.0,0,1,0,0,0,0,0,0.0918750001637087,11.835616438356164
11.03488966,14.26,697,7019.0,13.4,2.0,0.0,0.0,1,0,1,0,0,0,0,0.11320967787527617,7.47945205479452
10.95954023,18.76,682,9883.0,66.7,1.0,1.0,1.0,0,0,1,0,0,0,0,0.17187826031705256,11.917808219178083
12.07254125,3.17,742,1436.0,3.1,,0.0,0.0,0,0,1,0,0,0,0,0.008205714309557225,7.726027397260274
10.64780302,21.04,677,13073.0,55.9,3.0,0.0,0.0,1,0,1,0,0,0,0,0.3105225652183396,7.975228309589041
11.88448902,1.73,762,5681.0,14.1,1.0,0.0,0.0,0,0,0,0,0,0,0,0.039179310399784846,21.28755707671233
11.40756495,13.28,747,48556.0,10.9,0.0,0.0,0.0,0,0,1,0,0,0,0,0.5395111107401448,9.205365295890411
10.81961827,24.89,712,19418.0,83.7,3.0,1.0,0.0,0,0,1,0,0,0,0,0.3884221481685465,6.624657534246575
10.95080655,23.05,687,45988.0,88.4,0.0,0.0,0.0,0,0,1,0,0,0,0,0.8068070149755411,7.47945205479452
12.23076526,12.27,712,77034.0,32.3,2.0,0.0,0.0,0,1,0,0,0,0,0,0.3757756090498443,15.20536529589041
10.53209621,15.84,682,0.0,,0.0,0.0,0.0,0,0,0,1,0,0,0,0.0,5.013584473972603
10.46310334,18.72,722,9910.0,99.1,2.0,0.0,0.0,1,0,1,0,0,0,0,0.28314285727637334,10.684931506849315
11.5228758,11.75,737,1532.0,4.7,0.0,0.0,0.0,0,0,0,1,0,0,0,0.015168316768331129,18.82191780821918
10.4341158,1.52,707,4699.0,28.8,1.0,1.0,0.0,0,0,0,0,0,0,0,0.13820588285024707,7.068378994520548
10.62254611,17.6,797,7017.0,8.4,0.0,0.0,0.0,1,0,0,1,0,0,0,0.17093788146764896,19.150570775342466
10.6454249,21.77,762,13.0,1.9,1.0,0.0,0.0,0,0,0,0,0,1,0,0.0003095238086774183,12.249200912328766
11.46163217,7.06,687,9201.0,49.7,2.0,1.0,1.0,0,0,0,0,0,0,0,0.09685263163538128,17.424657534246574
11.60739893,24.04,757,8220.0,63.2,0.0,0.0,0.0,1,1,0,0,0,0,0,0.07478982430569127,19.89041095890411
10.81977828,1.39,662,2692.0,49.9,3.0,0.0,0.0,0,0,0,0,0,0,0,0.05384000023744967,12.183447487671232
11.50287513,8.86,742,2448.0,61.2,3.0,0.0,0.0,0,0,0,0,0,0,0,0.024727272705431805,12.41095890410959
10.81977828,0.79,757,3894.0,10.5,0.0,0.0,0.0,0,0,0,0,0,0,0,0.0778800003434729,8.712328767123287
10.77895629,20.68,692,13734.0,28.4,0.0,0.0,0.0,0,0,0,0,0,0,0,0.28612499996853424,25.561643835616437
10.81977828,12.05,692,13744.0,62.2,0.0,0.0,0.0,0,0,0,0,0,0,0,0.2748800012122988,4.438356164383562
10.48328685,17.1,687,6111.0,64.3,0.0,0.0,0.0,0,1,0,0,0,0,0,0.17111128492682365,3.452054794520548
11.91839057,6.86,742,84.0,0.2,2.0,0.0,0.0,0,1,0,0,0,0,0,0.0005600000017239002,8.712328767123287
11.45952469,8.65,727,19073.0,28.6,3.0,1.0,0.0,1,0,0,0,0,0,0,0.20119198276889128,12.73972602739726
10.23995979,12.81,667,13817.0,38.4,0.0,1.0,0.0,0,0,1,0,0,0,0,0.4934642852984634,17.2163242
11.69524702,8.13,682,59145.0,81.1,0.0,0.0,0.0,0,1,0,0,0,0,0,0.4928750008695217,8.383561643835616
10.61643736,15.32,667,7091.0,47.3,2.0,2.0,0.0,0,0,1,0,0,0,0,0.1737990196760162,7.397260273972603
10.44290063,13.33,717,18179.0,34.4,0.0,0.0,0.0,0,0,1,0,0,0,0,0.5300000016716364,12.493150684931507
10.43816641,15.99,712,6151.0,52.7,1.0,0.0,0.0,0,0,1,0,0,0,0,0.18018044449870058,12.575342465753424
10.80454281,2.24,777,2056.0,7.3,1.0,0.0,0.0,0,0,0,0,0,1,0,0.041751279417472045,10.358789953424658
11.22524339,14.69,672,29292.0,60.4,1.0,0.0,0.0,0,0,1,0,0,0,0,0.3905600009836051,12.164269405479452
10.40426284,3.42,722,6685.0,19.2,1.0,0.0,0.0,0,0,0,0,0,0,0,0.20257575766663669,5.917808219178082
10.58870336,13.88,702,7198.0,65.4,1.0,0.0,0.0,0,1,0,0,0,0,0,0.18138292561074915,7.47945205479452
10.49824983,8.11,717,6179.0,11.2,2.0,0.0,0.0,1,0,1,0,0,0,0,0.17044576870954142,11.342351597260272
11.44563115,3.98,777,32.0,0.3,0.0,0.0,0.0,0,0,0,0,0,0,0,0.0003422752749305123,8.301255706849314
10.5865844,9.52,817,922.0,3.8,0.0,0.0,0.0,0,0,0,0,0,1,0,0.023282828218627566,18.164269405479452
10.55581274,23.09,687,9912.0,65.6,1.0,0.0,0.0,0,0,0,0,1,0,0,0.258124999632383,13.726027397260275
9.047821442,4.24,732,6699.0,7.2,0.0,1.0,0.0,0,1,0,0,0,0,0,0.7881176474358651,5.7534246575342465
11.53272809,7.31,667,27452.0,96.3,2.0,0.0,0.0,1,0,0,1,0,0,0,0.2691372555119354,10.473972602739726
11.28978191,13.47,702,14958.0,46.7,3.0,0.0,0.0,0,0,1,0,0,0,0,0.18697500068358403,6.575342465753424
11.47210347,5.36,687,45251.0,66.7,3.0,1.0,0.0,1,1,0,0,0,0,0,0.4713645835454346,11.131392693150685
12.1281111,11.97,777,9253.0,33.3,0.0,0.0,0.0,0,0,0,0,0,0,0,0.05001621641930516,15.142351597260273
11.91839057,7.84,697,31405.0,95.7,0.0,0.0,0.0,0,1,0,0,0,0,0,0.20936666731117956,14.219063926027395
10.59663473,9.81,682,6475.0,96.6,0.0,0.0,0.0,0,0,1,0,0,0,0,0.1618750005011769,8.303995432876713
10.71441777,8.75,682,0.0,,1.0,1.0,0.0,1,0,1,0,0,0,0,0.0,6.821917808219178
11.30458678,18.59,717,34566.0,69.0,1.0,0.0,0.0,0,0,1,0,0,0,0,0.42572530653484275,7.232762556164384
11.28978191,6.25,752,3248.0,16.7,0.0,0.0,0.0,0,0,0,0,0,0,0,0.040600000148434345,8.63013698630137
10.91508846,8.42,687,17623.0,83.1,0.0,1.0,0.0,0,0,1,0,0,0,0,0.3204181831686189,10.273858446575343
10.5454467,20.84,672,9642.0,64.3,0.0,2.0,0.0,0,0,0,0,0,0,0,0.2537101348432131,24.98618721369863
11.47029976,22.27,672,16930.0,70.8,0.0,0.0,0.0,0,0,1,0,0,0,0,0.17667254556533596,14.136872145205478
11.22524339,21.06,682,13438.0,71.9,1.0,0.0,1.0,1,1,0,0,0,0,0,0.1791733337845721,14.136872145205478
11.2515607,19.39,692,18198.0,44.3,2.0,1.0,0.0,0,0,1,0,0,0,0,0.23633766253519814,9.452054794520548
10.27505111,4.18,662,0.0,0.0,3.0,0.0,0.0,0,0,1,0,0,0,0,0.0,7.808219178082192
10.26813067,21.92,762,1763.0,26.3,0.0,0.0,0.0,0,0,1,0,0,0,0,0.06121527754050966,8.547945205479452
11.51292546,2.1,702,8439.0,22.0,0.0,0.0,0.0,0,1,0,0,0,0,0,0.08439000041943759,4.8493150684931505
11.28978191,17.78,692,24259.0,56.5,0.0,0.0,0.0,1,0,1,0,0,0,0,0.30323750110864184,5.424657534246576
10.82177629,12.86,762,3339.0,16.9,1.0,0.0,0.0,0,0,0,0,0,0,0,0.06664670639174847,33.78082191780822
9.825526011,11.68,682,9237.0,64.6,1.0,0.0,1.0,1,1,0,0,0,0,0,0.4992972973304592,11.58904109589041
11.99535161,9.38,722,7746.0,26.0,0.0,2.0,0.0,0,0,1,0,0,0,0,0.047814815016331357,10.191666665753425
11.00209984,1.8,717,4506.0,18.7,2.0,0.0,1.0,0,1,0,0,0,0,0,0.07510000009043828,10.465753424657533
11.10465643,0.0,767,1401.0,1.9,1.0,0.0,0.0,0,0,0,0,1,0,0,0.02107400721029769,12.986301369863014
10.71441777,11.31,727,14571.0,59.5,0.0,0.0,0.0,0,1,0,0,0,0,0,0.3237999995960453,7.47945205479452
9.852194258,12.38,662,0.0,,1.0,0.0,0.0,0,0,1,0,0,0,0,0.0,3.287557076712329
10.9560559,15.92,687,3037.0,76.8,0.0,1.0,0.0,0,0,1,0,0,0,0,0.05300174534395279,12.34509132328767
10.61643736,21.97,687,17394.0,93.5,1.0,0.0,0.0,0,0,1,0,0,0,0,0.42632352957899106,10.273858446575343
11.00209984,19.22,687,17745.0,92.4,1.0,0.0,0.0,0,0,1,0,0,0,0,0.29575000035615345,12.41095890410959
10.71441777,19.89,692,4755.0,89.7,1.0,0.0,0.0,0,0,1,0,0,0,0,0.10566666653484286,14.383447487671232
10.57131693,14.8,697,8158.0,57.0,0.0,0.0,0.0,0,1,0,0,0,0,0,0.20917948615697252,4.356050227397261
11.69524702,15.07,722,70685.0,88.7,1.0,0.0,0.0,0,0,0,0,0,0,0,0.589041667705844,14.301255706849314
11.08460106,14.62,667,11294.0,61.4,1.0,1.0,0.0,0,0,1,0,0,0,0,0.17332719506866615,10.191666665753425
10.3859137,22.0,672,6521.0,67.7,3.0,0.0,0.0,0,0,1,0,0,0,0,0.20126543245710266,6.24646118630137
11.01862914,14.85,727,4322.0,44.1,2.0,0.0,0.0,0,0,1,0,0,0,0,0.07085245923996474,6.821917808219178
10.57131693,9.66,717,19383.0,90.2,1.0,0.0,0.0,0,1,0,0,0,0,0,0.4969999975705563,12.98618721369863
10.34174248,14.4,692,19076.0,66.6,0.0,0.0,0.0,1,0,0,0,0,0,0,0.6153548408432865,10.767123287671232
10.95080655,24.55,692,34181.0,59.5,0.0,0.0,0.0,0,1,0,0,0,0,0,0.5996666647577406,7.397260273972603
11.69524702,14.23,677,27550.0,94.6,2.0,1.0,1.0,0,0,1,0,0,0,0,0.22958333373836035,13.89041095890411
11.48452599,19.7,707,13685.0,46.7,1.0,0.0,0.0,0,0,1,0,0,0,0,0.14079218113310846,12.41095890410959
10.59663473,11.49,797,257.0,1.4,0.0,0.0,0.0,0,0,0,0,1,0,0,0.006425000019892272,19.068378994520547
10.83958091,20.82,722,23119.0,50.6,3.0,0.0,1.0,0,0,1,0,0,0,0,0.4533137262637589,23.835616438356166
11.64395373,14.33,762,26402.0,87.3,0.0,0.0,0.0,0,1,0,0,0,0,0,0.23159649062050752,16.767123287671232
12.32385568,4.51,757,2527.0,39.5,0.0,0.0,0.0,0,0,0,0,0,1,0,0.011231111124437473,14.95890410958904
10.98359637,10.55,727,1686.0,52.7,0.0,0.0,0.0,0,0,0,0,0,0,0,0.02862478776557718,9.164269405479452
10.54534144,4.45,712,9877.0,60.6,2.0,0.0,0.0,0,1,0,0,0,0,0,0.25992105229589696,9.369748857534246
12.20607265,15.62,707,36293.0,62.3,3.0,0.0,0.0,1,0,0,0,0,0,0,0.1814649991888831,12.821917808219178
10.87066149,15.6,717,19859.0,63.4,0.0,0.0,0.0,1,0,1,0,0,0,0,0.37747576684719364,10.273858446575343
11.00209984,14.56,687,15629.0,66.2,0.0,0.0,1.0,0,1,0,0,0,0,0,0.2604833336470173,9.369748857534246
10.20359214,18.53,682,5901.0,47.2,0.0,0.0,0.0,0,0,1,0,0,0,0,0.21855555664537551,4.1916666657534245
10.81977828,0.6,682,424.0,8.0,2.0,1.0,0.0,0,0,0,0,0,1,0,0.008480000037399205,3.56986301369863
11.22524339,22.74,682,32682.0,96.1,0.0,0.0,0.0,0,1,0,0,0,0,0,0.43576000109743895,16.356050227397258
11.6421978,2.09,737,11730.0,47.5,0.0,0.0,0.0,0,0,1,0,0,0,0,0.10307557124701523,17.506849315068493
12.10071213,6.65,682,20237.0,24.4,3.0,0.0,0.0,0,0,1,0,0,0,0,0.1124277777634261,10.684931506849315
9.798127037,17.4,672,8562.0,32.9,3.0,0.0,0.0,1,1,0,0,0,0,0,0.47566666660877865,3.205365295890411
10.91348718,16.91,712,17581.0,98.2,0.0,0.0,0.0,1,1,0,0,0,0,0,0.3201668132660301,13.3149543369863
11.90496755,10.14,662,3608.0,37.6,1.0,1.0,0.0,0,0,1,0,0,0,0,0.024378378445327545,12.657534246575343
11.46163217,3.36,757,16098.0,22.8,0.0,0.0,0.0,0,0,0,0,0,0,0,0.1694526316776837,11.424657534246576
11.00209984,24.48,712,44293.0,73.6,0.0,0.0,0.0,0,0,1,0,0,0,0,0.7382166675556554,27.698630136986303
11.09741002,21.49,702,24992.0,77.1,0.0,0.0,0.0,0,0,1,0,0,0,0,0.37866666704857577,14.794520547945206
10.7342204,18.75,732,14499.0,23.9,0.0,0.0,0.0,0,1,0,0,0,0,0,0.31588235169301054,6.493150684931507
9.392661929,3.6,792,1814.0,7.0,0.0,0.0,0.0,0,1,0,0,0,0,0,0.15116666663191897,7.150570775342466
11.8493977,2.74,752,28332.0,51.0,0.0,0.0,0.0,0,1,0,0,0,0,0,0.20237142889349066,16.109474884931505
11.00209984,21.72,697,24325.0,83.2,0.0,0.0,1.0,0,0,1,0,0,0,0,0.4054166671548849,23.260159816438357
10.98529272,22.17,742,65414.0,47.8,0.0,0.0,0.0,0,0,0,0,0,0,0,1.10871186760858,12.575342465753424
11.32659589,14.24,707,56002.0,73.8,0.0,0.0,0.0,0,0,1,0,0,0,0,0.6747228893928038,23.753424657534246
11.6307085,3.07,687,18673.0,66.7,0.0,2.0,0.0,0,0,1,0,0,0,0,0.1659822223262285,12.904109589041095
11.98292909,0.13,767,3713.0,22.8,1.0,0.0,0.0,0,0,0,0,0,1,0,0.023206250097836698,12.493150684931507
11.08214255,13.79,747,14102.0,35.4,4.0,0.0,0.0,0,0,0,0,1,0,0,0.21695384591037487,22.02728310410959
11.03811028,10.59,707,7618.0,47.2,2.0,0.0,0.0,0,0,1,0,0,0,0,0.1224758840884944,4.027283104109589
10.71441777,7.6,727,0.0,0.0,1.0,1.0,0.0,0,0,1,0,0,0,0,0.0,18.493150684931507
11.06663836,13.5,697,8399.0,41.0,2.0,0.0,0.0,1,0,0,0,0,1,0,0.13123437530732573,20.77260273972603
10.90227951,4.24,707,3818.0,61.6,0.0,0.0,0.0,1,0,1,0,0,0,0,0.07031307521971086,4.109474884931507
10.82512397,10.12,672,16083.0,70.2,0.0,0.0,1.0,0,0,1,0,0,0,0,0.31994509452975195,24.28755707671233
10.55581274,7.12,712,13845.0,28.9,0.0,0.0,0.0,0,0,1,0,0,0,0,0.36054687448651557,5.506849315068493
10.59663473,18.75,712,12938.0,49.0,0.0,0.0,1.0,0,1,0,0,0,0,0,0.32345000100142496,12.493150684931507
10.81977828,8.14,697,8243.0,37.0,2.0,0.0,1.0,0,0,1,0,0,0,0,0.16486000072707935,18.73972602739726
10.77895629,13.03,677,14859.0,81.2,3.0,1.0,0.0,0,0,1,0,0,0,0,0.3095624999659568,9.616438356164384
11.57025053,20.39,677,33627.0,74.7,1.0,0.0,0.0,1,0,0,1,0,0,0,0.31753541126959467,17.177968035616438
10.49127422,1.8,747,4782.0,16.7,0.0,0.0,0.0,0,0,0,0,0,0,0,0.13283333299304723,6.904109589041096
11.60823564,15.01,697,71928.0,87.9,1.0,0.0,0.0,0,0,0,1,0,0,0,0.6538909122129459,8.383447487671233
10.84583582,22.73,692,12235.0,70.3,0.0,0.0,0.0,0,0,1,0,0,0,0,0.23840607919829165,10.191666665753425
11.26446411,13.0,682,36920.0,88.6,0.0,0.0,0.0,0,0,0,0,0,0,0,0.4733333312846181,8.219063926027397
10.69194491,18.38,722,8504.0,25.0,1.0,0.0,0.0,0,0,1,0,0,0,0,0.19327272783329513,12.038242008219177
11.1124479,7.07,677,8224.0,52.1,0.0,0.0,0.0,0,0,0,0,0,0,0,0.12274626845702097,16.602739726027398
11.06663836,22.28,697,30970.0,71.0,1.0,0.0,0.0,1,0,1,0,0,0,0,0.4839062511332156,15.287557076712327
10.47107151,17.69,702,12110.0,30.2,2.0,1.0,0.0,1,0,1,0,0,0,0,0.3432539682954086,10.767123287671232
10.27467173,2.24,792,2751.0,16.7,0.0,0.0,0.0,0,0,0,0,0,0,0,0.09489806446693809,38.63013698630137
10.81977828,17.77,677,17807.0,81.3,3.0,0.0,1.0,1,0,1,0,0,0,0,0.3561400015706784,13.3149543369863
10.77895629,17.65,712,6981.0,42.8,0.0,0.0,0.0,0,1,0,0,0,0,0,0.14543749998400596,8.301255706849314
11.65442503,15.49,672,22625.0,86.4,1.0,1.0,0.0,0,0,0,0,1,0,0,0.1963975689031585,14.136872145205478
11.15051985,3.53,677,669.0,15.6,0.0,0.0,0.0,0,0,0,0,1,0,0,0.009612068930168962,8.547945205479452
11.39659388,14.59,677,5529.0,82.5,2.0,0.0,1.0,0,1,0,0,0,0,0,0.0621110334412892,15.20536529589041
11.48246626,16.53,662,1349.0,8.3,3.0,3.0,0.0,0,0,0,0,0,0,0,0.013907216459875932,14.219063926027395
11.31447453,18.74,672,16888.0,51.8,1.0,1.0,0.0,0,1,0,0,0,0,0,0.20595121873913458,15.945205479452055
11.15625052,1.37,677,670.0,60.9,0.0,3.0,0.0,0,1,0,0,0,0,0,0.009571428581301458,6.410844747945205
9.61580548,8.08,707,3946.0,35.9,0.0,0.0,0.0,1,1,0,0,0,0,0,0.2630666666888554,3.5342465753424657
10.81977828,9.58,702,854.0,71.2,1.0,0.0,0.0,1,0,0,0,0,0,0,0.017080000075327645,14.054680364383561
9.862665558,1.25,742,296.0,2.0,0.0,0.0,0.0,0,0,1,0,0,0,0,0.015416666666911378,5.427397260273972
10.49127422,9.57,697,6342.0,74.4,0.0,0.0,0.0,0,0,1,0,0,0,0,0.1761666662153713,6.657534246575342
10.48192509,21.57,747,16973.0,26.4,0.0,0.0,0.0,0,0,1,0,0,0,0,0.4759007452678849,13.397146117808218
10.33851146,22.83,677,2876.0,61.2,2.0,0.0,1.0,0,0,1,0,0,0,0,0.09307443392555562,6.663013698630137
10.18490001,25.43,737,1705.0,6.4,0.0,0.0,0.0,0,0,0,0,0,0,0,0.06433962276853604,3.780821917808219
10.20359214,12.71,732,11837.0,20.6,0.0,0.0,0.0,0,0,1,0,0,0,0,0.43840740959351127,8.63013698630137
10.91501573,9.58,782,9304.0,24.7,1.0,0.0,0.0,0,0,1,0,0,0,0,0.1691759407953386,12.164269405479452
10.70324447,11.73,742,5171.0,44.2,1.0,0.0,0.0,0,0,0,0,0,0,0,0.11620224697654047,12.328652967123286
10.37349118,0.38,702,10.0,0.4,0.0,3.0,0.0,0,0,0,0,0,0,0,0.0003125000005568323,27.205365295890413
10.49127422,16.8,732,16101.0,75.6,0.0,0.0,0.0,0,1,0,0,0,0,0,0.44724999885425626,27.945091315068492
10.81977828,13.82,682,5106.0,60.8,0.0,0.0,0.0,0,0,1,0,0,0,0,0.10212000045037817,10.931506849315069
10.23995979,23.14,752,95.0,0.8,1.0,0.0,0.0,1,0,0,0,0,1,0,0.0033928571399981203,6.575342465753424
10.66061161,13.56,662,2076.0,23.1,2.0,0.0,0.0,0,0,0,0,1,0,0,0.048683585177847204,9.452054794520548
10.52788737,24.97,757,22403.0,32.0,0.0,0.0,0.0,0,1,0,0,0,0,0,0.5999330504632302,18.575342465753426
11.31447453,19.96,662,19608.0,31.1,1.0,0.0,0.0,1,0,1,0,0,0,0,0.23912195032194167,18.082077624657533
11.08980542,13.08,702,35098.0,51.5,2.0,0.0,0.0,0,0,1,0,0,0,0,0.5358473291141393,11.999885843835616
11.41861479,10.64,707,11336.0,31.9,2.0,1.0,0.0,0,1,0,0,0,0,0,0.12457142801073103,9.126027397260273
10.46310334,15.81,797,644.0,2.7,0.0,0.0,0.0,0,0,1,0,0,0,0,0.01840000000867653,12.986301369863014
10.95080655,14.42,732,15444.0,47.8,0.0,0.0,0.0,0,0,1,0,0,0,0,0.2709473675585426,7.068378994520548
10.40426284,1.16,812,2248.0,3.1,0.0,0.0,0.0,0,0,0,0,0,0,0,0.06812121215177251,20.301255706849314
10.65169094,16.83,687,8911.0,53.4,2.0,1.0,0.0,0,0,1,0,0,0,0,0.21084137776122083,6.493150684931507
11.32659589,7.46,687,17430.0,92.2,0.0,0.0,1.0,0,0,1,0,0,0,0,0.20999999932353433,18.904109589041095
10.70324447,29.15,752,5171.0,44.2,1.0,0.0,0.0,0,0,1,0,0,0,0,0.11620224697654047,12.410844747945204
10.4341158,18.46,717,175.0,1.0,0.0,0.0,0.0,1,0,0,0,1,0,0,0.005147058842050062,15.534246575342467
10.81977828,3.12,762,1133.0,18.0,1.0,0.0,0.0,0,0,0,0,1,0,0,0.022660000099937027,7.068378994520548
11.0303147,12.29,762,7232.0,3.6,2.0,0.0,0.0,0,0,0,0,0,1,0,0.11718003127974125,29.342351589041094
10.98529272,18.81,672,12195.0,58.9,3.0,0.0,1.0,1,0,1,0,0,0,0,0.20669491585114247,10.654794520547945
9.825093485,9.41,662,4652.0,89.5,1.0,1.0,0.0,0,0,1,0,0,0,0,0.25156824575508085,30.24646117808219
11.7905572,5.44,682,25120.0,85.4,1.0,0.0,1.0,0,1,0,0,0,0,0,0.19030303060152204,13.397146117808218
11.03488966,8.11,712,5815.0,49.3,2.0,0.0,1.0,0,0,1,0,0,0,0,0.09379032295836029,15.20536529589041
11.00209984,19.72,732,19500.0,30.9,0.0,0.0,0.0,0,0,1,0,0,0,0,0.3250000003913774,13.89041095890411
10.49664864,21.78,762,12879.0,19.5,1.0,0.0,0.0,0,0,1,0,0,0,0,0.3558324577851927,18.410844747945205
11.28978191,11.03,697,43712.0,82.5,0.0,0.0,0.0,1,1,0,0,0,0,0,0.5464000019976484,29.17796802739726
11.60823564,18.62,662,68030.0,82.7,3.0,0.0,0.0,0,0,1,0,0,0,0,0.6184545484073896,17.260159816438357
11.56171563,11.04,677,1527.0,50.9,2.0,0.0,1.0,0,0,0,0,0,0,0,0.014542857130345345,4.52054794520548
10.81977828,20.59,662,19056.0,69.0,0.0,0.0,0.0,0,0,1,0,0,0,0,0.3811200016808473,4.602739726027397
10.46310334,20.78,687,9408.0,64.0,1.0,0.0,0.0,0,0,1,0,0,0,0,0.2688000001267528,12.657534246575343
11.00209984,21.52,707,39010.0,34.2,1.0,0.0,0.0,0,1,0,0,0,0,0,0.6501666674496221,12.410844747945204
11.56171563,11.14,692,30449.0,61.3,2.0,0.0,0.0,0,0,1,0,0,0,0,0.28999047594098587,19.328652967123286
10.75790288,13.53,717,5000.0,23.1,1.0,0.0,0.0,0,0,0,0,0,0,0,0.10638297879704213,23.095776254794522
10.20359214,5.38,752,5959.0,70.9,0.0,0.0,0.0,0,0,0,0,0,0,0,0.22070370480423535,11.917808219178083
12.20607265,12.48,702,53087.0,69.9,1.0,0.0,0.0,1,0,0,0,0,0,0,0.2654349988135518,20.05468036438356
10.46310334,14.47,687,7722.0,48.9,0.0,0.0,0.0,0,1,0,0,0,0,0,0.22062857153260898,6.410844747945205
10.66881585,24.51,687,21043.0,81.6,3.0,0.0,0.0,1,1,0,0,0,0,0,0.4894403870581969,11.260159816438355
10.30895266,14.56,682,8572.0,84.0,1.0,0.0,1.0,0,0,0,0,0,0,0,0.28573333351742936,14.219063926027395
11.3736634,14.79,712,21532.0,66.9,2.0,0.0,0.0,0,0,1,0,0,0,0,0.24749425228866523,14.876712328767123
10.27505111,17.63,722,3717.0,15.1,0.0,0.0,1.0,0,0,1,0,0,0,0,0.1281724136609079,11.835616438356164
11.49272276,0.0,782,5235.0,5.1,0.0,0.0,0.0,0,0,0,0,0,0,0,0.053418367221550356,17.671232876712327
10.4341158,20.33,672,20853.0,43.4,2.0,0.0,0.0,0,0,1,0,0,0,0,0.6133235316186854,4.8493150684931505
11.0090258,19.58,697,15948.0,88.8,0.0,0.0,1.0,1,1,0,0,0,0,0,0.2639654405272231,15.123173515068492
11.40756495,20.77,672,59106.0,62.3,0.0,0.0,0.0,0,1,0,0,0,0,0,0.6567333328817653,7.197146117808219
10.858999,16.98,692,2898.0,41.4,0.0,0.0,0.0,0,0,1,0,0,0,0,0.05573076909498476,4.027283104109589
11.28978191,14.6,762,1127.0,3.8,1.0,0.0,0.0,0,0,0,0,0,1,0,0.014087500051504158,9.235502282191781
11.15625052,6.6,677,16952.0,40.4,2.0,0.0,0.0,1,0,1,0,0,0,0,0.24217142882122736,6.575342465753424
11.88448902,5.53,707,26681.0,41.4,2.0,0.0,0.0,0,0,0,0,0,0,0,0.1840068968098327,15.37522830958904
11.51292546,20.53,702,91557.0,87.8,0.0,0.0,0.0,1,1,0,0,0,0,0,0.9155700045505921,19.39714611780822
11.51292546,4.55,727,3828.0,12.0,0.0,1.0,0.0,0,0,1,0,0,0,0,0.038280000190260344,17.753424657534246
10.69194491,16.04,777,752.0,1.9,1.0,0.0,0.0,0,0,1,0,0,0,0,0.017090909140479532,9.287557076712329
10.59663473,5.7,762,7755.0,10.8,3.0,0.0,0.0,0,0,0,0,1,0,0,0.19387500060025126,26.301255706849318
10.69194491,0.95,797,2051.0,0.7,5.0,0.0,0.0,0,0,0,0,0,0,0,0.04661363649883447,18.18344748767123
10.57131693,11.69,697,8858.0,52.4,2.0,0.0,0.0,0,0,0,0,0,0,0,0.22712820401795325,4.602739726027397
10.858999,5.33,707,4972.0,61.4,0.0,0.0,0.0,0,0,0,0,0,0,0,0.09561538438242383,29.424543369863013
11.08214255,14.95,682,45028.0,95.2,1.0,0.0,0.0,0,0,1,0,0,0,0,0.6927384607610523,8.547945205479452
11.08214255,12.55,802,116416.0,1.4,0.0,0.0,0.0,1,0,0,0,0,0,0,1.7910153826054602,17.260159816438357
11.00209984,24.94,732,21765.0,49.4,0.0,0.0,0.0,0,0,1,0,0,0,0,0.3627500004368374,17.42454337808219
10.49127422,1.77,757,6837.0,17.5,3.0,0.0,0.0,0,0,0,0,0,0,0,0.18991666618014721,11.013584473972603
10.30895266,20.28,717,6024.0,45.3,0.0,0.0,0.0,0,1,0,0,0,0,0,0.20080000012937407,8.63013698630137
10.59663473,12.9,777,4055.0,46.6,0.0,0.0,0.0,0,0,0,0,0,0,0,0.10137500031386446,28.109474876712326
11.30220443,14.79,712,66235.0,97.4,0.0,0.0,0.0,1,0,1,0,0,0,0,0.8177160523711215,18.904109589041095
11.48246626,17.15,687,29243.0,96.2,1.0,0.0,1.0,0,1,0,0,0,0,0,0.30147422604607255,14.219063926027395
11.00209984,10.94,687,20066.0,88.1,1.0,1.0,0.0,0,0,0,0,0,0,0,0.3344333337360707,27.534246575342465
10.47163824,14.96,677,18099.0,69.2,0.0,0.0,0.0,0,1,0,0,0,0,0,0.512719548240062,13.232762556164383
11.73606902,5.46,797,3638.0,20.3,2.0,0.0,0.0,0,0,0,0,0,0,0,0.029103999891862277,25.561643835616437
11.35040654,18.52,747,28180.0,27.0,0.0,0.0,0.0,0,0,0,0,0,0,0,0.33152941026369115,17.589041095890412
10.77895629,9.3,707,,36.2,0.0,0.0,0.0,1,0,1,0,0,0,0,,17.342351597260272
11.51292546,21.54,742,29144.0,31.8,0.0,0.0,0.0,0,0,0,0,0,0,0,0.2914400014485234,11.917808219178083
11.08214255,19.68,687,44548.0,39.6,0.0,0.0,0.0,0,0,0,0,1,0,0,0.6853538453847241,12.328652967123286
10.59663473,15.06,727,6301.0,30.7,0.0,1.0,0.0,0,0,1,0,0,0,0,0.15752500048770898,13.89041095890411
11.00209984,18.08,692,26013.0,37.0,1.0,0.0,0.0,0,0,0,1,0,0,0,0.43355000052209747,8.73972602739726
11.28983191,11.46,762,6222.0,18.7,0.0,0.0,0.0,0,0,0,0,0,0,0,0.07777111163154975,24.164269405479452
,13.3,702,10083.0,53.9,1.0,0.0,1.0,1,0,0,0,1,0,0,,16.602739726027398
11.01862914,9.29,692,14350.0,90.3,0.0,0.0,0.0,0,1,0,0,0,0,0,0.2352459023816506,8.465753424657533
11.31447453,9.06,662,20644.0,90.5,1.0,1.0,0.0,0,1,0,0,0,0,0,0.2517560966159814,18.164269405479452
10.81977828,18.01,672,7423.0,53.4,0.0,0.0,0.0,1,0,0,0,0,0,0,0.1484600006547507,6.164269405479452
9.871377499,15.06,667,8150.0,70.1,2.0,0.0,1.0,0,0,1,0,0,0,0,0.4207971910824992,20.301255706849314
10.71441777,7.17,797,9409.0,11.1,1.0,0.0,0.0,0,0,0,0,0,0,0,0.20908888862804131,16.684931506849313
10.59663473,2.82,742,4712.0,25.3,0.0,0.0,0.0,0,0,1,0,0,0,0,0.11780000036471745,5.671232876712328
10.59663473,23.85,732,12811.0,47.6,0.0,0.0,0.0,1,0,1,0,0,0,0,0.32027500099159495,6.4492009123287675
11.03488966,19.24,662,10748.0,90.3,0.0,0.0,0.0,0,0,1,0,0,0,0,0.1733548394078171,4.388926939726027
10.6454249,16.46,662,13779.0,59.4,1.0,0.0,0.0,0,0,1,0,0,0,0,0.32807142767431896,12.164269405479452
11.1124479,10.33,727,2410.0,4.4,1.0,1.0,0.0,0,0,0,0,1,0,0,0.03597014919521164,14.219063926027395
10.49127422,24.03,662,6668.0,40.9,1.0,0.0,0.0,0,0,0,1,0,0,0,0.18522222174772876,6.410844747945205
11.66992921,5.78,662,23611.0,32.7,0.0,2.0,0.0,0,0,0,0,0,0,0,0.2018034195662143,27.616438356164384
11.28978191,17.61,722,2930.0,10.7,2.0,0.0,1.0,1,0,0,0,0,0,0,0.03662500013390167,10.602739726027398
11.08214255,6.77,692,11817.0,94.5,2.0,0.0,0.0,0,1,0,0,0,0,0,0.18179999979597927,9.287557076712329
10.91508846,11.76,692,6565.0,26.6,1.0,1.0,0.0,0,0,1,0,0,0,0,0.11936363686670733,6.657534246575342
10.9040459,15.09,682,10944.0,37.6,3.0,0.0,0.0,0,0,1,0,0,0,0,0.20119126421017228,8.054794520547945
11.09741002,1.56,697,15807.0,20.0,0.0,0.0,0.0,0,0,0,0,0,0,0,0.2395000002415508,6.328652967123288
10.34817337,1.92,732,814.0,3.8,0.0,0.0,0.0,0,0,1,0,0,0,0,0.026089743688821325,15.20536529589041
10.59663473,16.98,697,8366.0,62.0,2.0,0.0,0.0,0,1,0,0,0,0,0,0.20915000064754377,10.027397260273972
10.40426284,4.51,672,6487.0,53.6,3.0,0.0,0.0,0,0,0,0,0,0,0,0.19657575766394497,5.835616438356165
11.1844214,14.07,672,15885.0,46.9,1.0,1.0,0.0,0,1,0,0,0,0,0,0.22062499955835127,7.972602739726027
10.12647109,11.38,722,6291.0,24.0,0.0,0.0,0.0,0,0,1,0,0,0,0,0.2516802691070203,4.684931506849315
11.08214255,16.26,717,16471.0,37.9,1.0,0.0,0.0,0,0,1,0,0,0,0,0.2533999997156279,7.726027397260274
11.08214255,5.26,762,0.0,0.0,1.0,0.0,0.0,0,0,0,0,0,0,0,0.0,10.602739726027398
10.63258761,9.86,752,11077.0,56.2,0.0,0.0,0.0,0,0,0,0,0,0,0,0.2671456017040633,19.643835616438356
10.91508846,21.51,672,17590.0,86.2,1.0,0.0,0.0,1,1,0,0,0,0,0,0.3198181831660902,10.602739726027398
10.91501573,12.18,692,4520.0,47.1,1.0,0.0,0.0,0,1,0,0,0,0,0,0.08218779582920577,4.8493150684931505
9.975808214,13.67,687,8359.0,64.5,2.0,0.0,0.0,0,0,1,0,0,0,0,0.3887906977194225,3.287557076712329
10.4723179,18.99,712,8775.0,34.1,1.0,0.0,0.0,0,0,1,0,0,0,0,0.24841467522409064,5.0957762547945205
10.69194491,20.54,702,8507.0,56.7,0.0,1.0,0.0,0,0,0,0,0,0,0,0.1933409096516747,6.410844747945205
9.741203889,2.26,752,1223.0,10.7,0.0,0.0,0.0,0,0,0,1,0,0,0,0.07192425315134246,4.931506849315069
10.71441777,11.04,767,15862.0,53.8,0.0,0.0,0.0,0,1,0,0,0,0,0,0.3524888884491435,20.383447487671233
11.40756495,17.71,692,39307.0,86.0,0.0,0.0,0.0,0,0,1,0,0,0,0,0.43674444414414015,9.534246575342467
10.30895266,8.32,677,4255.0,30.8,3.0,0.0,0.0,0,1,0,0,0,0,0,0.14183333342471557,6.0820776246575345
10.46321762,7.1,782,3914.0,15.5,0.0,0.0,0.0,0,0,1,0,0,0,0,0.11181579244236357,13.317694063013697
10.6454249,5.49,747,398.0,1.2,3.0,2.0,0.0,1,0,0,0,1,0,0,0.009476190450277883,36.32865295890411
10.54975275,15.63,722,967.0,6.4,1.0,0.0,0.0,0,1,0,0,0,0,0,0.025335359392383072,21.698630136986303
10.45679779,17.8,672,12893.0,76.7,0.0,1.0,0.0,0,0,1,0,0,0,0,0.37070155184104037,15.377968035616437
11.2515607,5.91,697,17243.0,43.0,1.0,0.0,0.0,1,0,0,0,0,0,0,0.2239350651222344,18.904109589041095
13.12236338,2.19,672,6459.0,23.8,1.0,0.0,0.0,0,0,0,0,1,0,0,0.012917999966469126,6.0
10.57131693,10.83,742,29129.0,48.3,6.0,0.0,0.0,0,1,0,0,0,0,0,0.7468974322464395,17.342351597260272
10.51867319,20.92,742,1620.0,17.2,0.0,0.0,0.0,0,0,1,0,0,0,0,0.04378378385499206,24.0
11.00209984,20.64,712,3353.0,54.1,0.0,0.0,0.0,0,0,0,0,0,0,0,0.055883333400630175,4.931506849315069
11.00209984,17.64,732,24249.0,54.6,1.0,0.0,0.0,0,0,0,0,1,0,0,0.40415000048669286,13.89041095890411
10.54534144,17.91,707,3718.0,19.8,2.0,0.0,0.0,0,0,1,0,0,0,0,0.09784210513679709,3.863013698630137
10.59653473,16.29,667,14244.0,85.8,2.0,0.0,0.0,0,0,1,0,0,0,0,0.3561356128831813,7.479337898630137
11.22524339,20.58,677,57633.0,64.1,0.0,1.0,0.0,0,0,1,0,0,0,0,0.7684400019352763,19.1149543369863
10.30895266,17.04,717,2489.0,32.3,0.0,0.0,0.0,0,1,0,0,0,0,0,0.08296666672012153,3.041095890410959
10.96812932,13.28,662,9816.0,65.4,0.0,1.0,0.0,0,0,1,0,0,0,0,0.16925305221102083,15.369748857534246
11.13458902,8.51,672,20487.0,94.0,0.0,0.0,0.0,0,0,1,0,0,0,0,0.29908029324198887,12.493036528767123
11.59910316,21.84,662,44098.0,92.3,2.0,0.0,0.0,0,1,0,0,0,0,0,0.40456880782949584,13.561643835616438
10.20507253,23.52,712,3573.0,30.8,0.0,0.0,0.0,0,0,1,0,0,0,0,0.13213757398522938,3.9452054794520546
10.81977828,17.54,667,23401.0,35.8,1.0,3.0,0.0,1,0,0,0,0,0,0,0.46802000206410094,16.273858446575343
10.41774727,23.75,702,3877.0,23.8,2.0,0.0,1.0,0,0,1,0,0,0,0,0.11591126559950157,14.876712328767123
10.71973693,1.72,797,1397.0,3.0,0.0,0.0,0.0,0,0,0,0,0,0,0,0.03087975243858067,12.493036528767123
11.03488966,8.25,667,29863.0,82.7,0.0,0.0,0.0,1,0,0,0,0,0,0,0.4816612922623411,5.260159816438356
10.89673933,18.76,682,22677.0,86.3,1.0,1.0,0.0,0,1,0,0,0,0,0,0.41994444257418434,7.726027397260274
10.70324447,7.77,767,6301.0,22.7,1.0,0.0,0.0,0,0,0,0,0,0,0,0.14159550535663923,10.602739726027398
11.28968191,13.02,702,8709.0,30.1,3.0,0.0,0.0,0,0,1,0,0,0,0,0.10887338719237372,9.534132419178082
11.28983191,18.18,677,12749.0,61.9,1.0,0.0,0.0,1,0,1,0,0,0,0,0.1593545326568029,11.835616438356164
10.77895629,16.64,692,14398.0,96.0,0.0,0.0,0.0,0,1,0,0,0,0,0,0.2999583333003463,10.717922375342466
10.59653473,6.39,782,409.0,2.0,0.0,0.0,0.0,0,0,0,0,0,0,0,0.010226022582787219,9.780821917808218
10.54534144,12.95,687,6236.0,67.8,2.0,0.0,0.0,0,1,0,0,0,0,0,0.16410526294595662,13.972602739726028
10.81977828,2.93,707,8453.0,77.6,3.0,0.0,0.0,1,0,1,0,0,0,0,0.16906000074560254,4.767123287671233
10.08580911,3.45,672,3060.0,21.7,0.0,1.0,0.0,0,0,0,1,0,0,0,0.12749999991458558,10.191666665753425
10.73630972,15.94,712,1062.0,48.3,1.0,2.0,0.0,0,0,0,0,0,1,0,0.023088964146208504,9.534132419178082
10.53677857,9.01,762,4007.0,24.0,0.0,0.0,0.0,0,0,0,0,0,0,0,0.10635417729436333,7.8931506849315065
10.16554408,14.82,717,1059.0,11.1,0.0,0.0,0.0,0,0,0,0,0,1,0,0.0407433055244892,11.424543378082191
11.98292909,9.98,772,19414.0,27.9,1.0,0.0,0.0,0,0,0,0,0,1,0,0.12133750051155444,16.191666665753424
10.63103616,16.52,727,2185.0,15.4,0.0,0.0,0.0,0,0,1,0,0,0,0,0.05277777776792971,8.58904109589041
11.01862914,9.45,712,9332.0,97.2,0.0,0.0,0.0,0,0,0,0,0,0,0,0.15298360704010894,8.547831049315068
11.04132055,0.0,707,0.0,0.0,2.0,0.0,0.0,0,0,0,0,0,0,0,0.0,7.314954336986301
10.30895266,10.24,702,10444.0,14.1,1.0,1.0,0.0,0,0,0,0,0,0,0,0.34813333355763326,28.273858438356164
11.00209984,4.96,777,78935.0,26.2,7.0,0.0,0.0,0,0,0,0,0,0,0,1.315583334917609,21.534132419178082
9.392661929,9.6,707,3987.0,31.9,1.0,0.0,0.0,0,1,0,0,0,0,0,0.33224999992362786,3.6164383561643834
10.40426284,18.91,717,9379.0,10.9,0.0,1.0,0.0,0,0,0,1,0,0,0,0.28421212133962387,9.53687214520548
11.08220409,1.55,697,9743.0,62.9,1.0,0.0,0.0,0,0,0,0,0,0,0,0.14988308343531784,12.0
12.20607265,2.49,767,3119.0,1.5,2.0,0.0,0.0,0,1,0,0,0,0,0,0.01559499993029307,10.602739726027398
9.942708266,10.04,767,7797.0,72.2,0.0,0.0,0.0,0,1,0,0,0,0,0,0.3748557691143424,9.451940638356165
11.08214255,1.68,672,2871.0,7.9,2.0,3.0,0.0,0,0,1,0,0,0,0,0.0441692307196629,3.4519406383561644
11.77528973,10.62,727,1780.0,25.8,0.0,0.0,0.0,0,0,0,0,1,0,0,0.013692307684608765,21.28755707671233
11.60823564,8.68,722,1390.0,1.8,1.0,0.0,0.0,0,0,0,0,1,0,0,0.012636363696696625,36.57522830136986
10.49127422,15.2,687,2823.0,33.2,3.0,1.0,1.0,0,1,0,0,0,0,0,0.07841666646578259,8.301255706849314
11.00209984,16.12,692,16382.0,52.3,1.0,1.0,0.0,1,0,1,0,0,0,0,0.2730333336621305,12.246461186301369
11.00209984,11.1,662,6317.0,45.4,0.0,0.0,0.0,0,0,0,0,0,0,0,0.10528333346011955,8.383447487671233
11.41861479,7.89,677,13068.0,30.6,3.0,1.0,0.0,0,0,1,0,0,0,0,0.14360439495803043,14.383447487671232
11.32055357,11.42,662,12844.0,51.8,1.0,0.0,1.0,0,0,0,0,0,0,0,0.15568484884646902,7.150570775342466
10.59663473,24.57,662,1851.0,92.5,3.0,0.0,0.0,0,0,0,0,0,0,0,0.0462750001432708,6.671232876712328
11.35040654,21.91,717,63167.0,84.0,2.0,0.0,0.0,0,1,0,0,0,0,0,0.7431411731059822,14.219063926027395
11.25504424,21.11,717,68356.0,71.6,2.0,0.0,0.0,0,1,0,0,0,0,0,0.8846531619127673,15.309474884931506
10.59653473,5.43,742,9830.0,19.0,5.0,0.0,0.0,0,0,1,0,0,0,0,0.24577457698972704,7.808219178082192
10.71441777,21.57,722,1949.0,48.7,0.0,0.0,0.0,0,0,0,0,0,0,0,0.0433111110570786,6.328652967123288
10.46310334,16.77,717,7708.0,48.2,1.0,0.0,0.0,0,0,0,0,1,0,0,0.22022857153242037,8.008219178082191
10.59663473,11.87,702,13300.0,51.6,0.0,0.0,1.0,0,1,0,0,0,0,0,0.33250000102944444,12.657534246575343
10.87804719,20.92,737,9754.0,39.0,0.0,0.0,0.0,0,1,0,0,0,0,0,0.18403773631545584,6.24646118630137
11.77525896,16.78,662,89952.0,79.5,3.0,0.0,0.0,1,0,1,0,0,0,0,0.6919597524234119,11.67123287671233
11.00209984,19.48,762,0.0,0.0,2.0,0.0,0.0,0,1,0,0,0,0,0,0.0,7.068493150684931
11.00209984,8.92,687,1954.0,4.8,0.0,2.0,0.0,0,0,1,0,0,0,0,0.03256666670588469,19.89041095890411
11.00209984,14.34,707,9737.0,44.7,2.0,0.0,0.0,0,0,0,0,0,0,0,0.16228333352876112,8.136986301369863
10.08580911,17.4,697,4063.0,76.7,0.0,0.0,0.0,0,1,0,0,0,0,0,0.1692916665532553,5.342351597260274
10.97472864,5.24,667,5073.0,50.0,2.0,0.0,0.0,0,0,0,0,0,1,0,0.0868961977108996,13.643835616438356
11.42566678,12.44,682,7945.0,41.4,2.0,0.0,0.0,0,0,0,0,1,0,0,0.08669416478060617,15.616438356164384
9.798127037,21.13,697,3918.0,72.6,1.0,0.0,0.0,0,1,0,0,0,0,0,0.21766666664017692,5.671232876712328
9.40261226,6.14,727,2877.0,70.2,0.0,0.0,0.0,0,0,1,0,0,0,0,0.23737623753434411,11.262899542465751
10.12647109,11.23,682,2083.0,28.1,3.0,0.0,0.0,0,0,1,0,0,0,0,0.08333333342074763,6.739726027397261
9.873234509,11.01,727,6835.0,34.7,0.0,0.0,0.0,0,0,1,0,0,0,0,0.3522469595184246,5.591666665753425
10.50369674,18.77,757,0.0,0.0,1.0,0.0,0.0,0,1,0,0,0,0,0,0.0,6.4930365287671234
10.77895629,0.38,812,52.0,0.3,0.0,0.0,0.0,0,0,0,0,1,0,0,0.001083333333214197,21.78082191780822
10.87804719,10.82,687,2927.0,53.2,2.0,0.0,0.0,0,1,0,0,0,0,0,0.055226415234297645,5.7534246575342465
11.10501738,17.36,697,20024.0,73.1,0.0,0.0,0.0,0,0,1,0,0,0,0,0.30109466955526815,11.586415526027398
11.05879518,8.96,707,3565.0,70.0,2.0,0.0,0.0,0,0,0,0,0,0,0,0.056141732557480145,12.986301369863014
11.11988288,13.55,722,41154.0,47.1,0.0,0.0,0.0,0,0,1,0,0,0,0,0.6096888869748442,18.164383561643834
10.40426284,3.96,682,8644.0,28.0,1.0,0.0,0.0,0,0,0,0,0,0,0,0.26193939405690464,4.520433789041096
9.798127037,1.33,747,139.0,5.0,0.0,0.0,0.0,0,0,0,0,0,0,0,0.007722222221282438,3.9452054794520546
11.2771525,7.53,722,20237.0,32.7,2.0,0.0,0.0,0,0,1,0,0,0,0,0.2561775272731175,15.783561643835617
10.37349118,4.76,662,4378.0,71.2,0.0,0.0,0.0,0,0,0,0,0,0,0,0.1368125002437812,3.6986301369863015
10.95080655,6.06,677,5450.0,40.7,0.0,0.0,0.0,0,0,0,0,0,0,0,0.09561403478334998,24.493036528767124
9.903487553,5.16,722,3621.0,14.9,0.0,0.0,0.0,0,1,0,0,0,0,0,0.18104999991601603,8.712328767123287
10.81977828,6.86,702,12742.0,61.6,1.0,0.0,0.0,0,0,0,0,0,0,0,0.2548400011239167,8.712328767123287
10.87804719,3.83,682,3491.0,23.6,0.0,0.0,0.0,0,0,1,0,0,0,0,0.06586792469522824,10.767123287671232
10.4125917,8.4,687,7305.0,73.0,0.0,0.0,0.0,0,0,0,0,0,0,0,0.21952758644141726,9.205365295890411
10.6454249,3.26,702,3608.0,65.6,1.0,0.0,0.0,1,0,1,0,0,0,0,0.08590476166985579,3.9534246575342467
10.6454249,21.66,682,489.0,27.2,1.0,0.0,0.0,1,0,0,0,0,0,0,0.011642857111019811,7.972602739726027
10.69203582,0.95,667,1315.0,17.1,2.0,1.0,0.0,0,0,0,0,0,0,0,0.029883646877216053,8.136986301369863
11.40756495,13.57,702,7957.0,26.4,1.0,0.0,0.0,0,1,0,0,0,0,0,0.08841111105031987,13.726027397260275
10.77895629,3.33,702,899.0,15.0,0.0,0.0,1.0,0,1,0,0,0,0,0,0.018729166664606983,15.632762556164382
11.13959835,21.63,692,30245.0,40.8,2.0,0.0,0.0,1,0,1,0,0,0,0,0.4393265953862596,14.054794520547945
11.51292546,19.6,717,52132.0,55.7,1.0,0.0,0.0,1,0,0,0,0,0,0,0.5213200025910795,30.419063917808217
11.47001796,14.56,732,30181.0,35.7,1.0,0.0,0.0,0,1,0,0,0,0,0,0.3150417549006799,15.451940638356163
10.95156065,19.92,667,26036.0,89.5,1.0,1.0,0.0,1,0,0,0,1,0,0,0.45642760650220704,25.232762556164385
10.16585182,2.31,747,1220.0,8.4,1.0,0.0,0.0,0,0,0,0,0,1,0,0.046923076782477494,4.931506849315069
10.51325312,16.24,697,3382.0,36.1,0.0,0.0,0.0,0,0,1,0,0,0,0,0.09190217429508286,13.479337898630137
11.00209984,18.4,677,926.0,4.5,3.0,1.0,0.0,0,0,0,1,0,0,0,0.015433333351918743,14.712328767123287
10.6454249,5.71,667,8944.0,57.0,1.0,0.0,0.0,0,0,1,0,0,0,0,0.21295238037006378,4.109589041095891
10.37361617,15.07,762,1152.0,16.5,0.0,0.0,0.0,0,0,0,0,0,0,0,0.035995500705332355,6.739726027397261
10.4341158,0.35,807,102.0,0.3,1.0,0.0,0.0,0,0,0,0,0,0,0,0.003000000010794893,19.561529679452054
11.01862914,17.59,687,6550.0,47.8,2.0,0.0,0.0,0,0,0,0,0,0,0,0.10737704951915061,7.808219178082192
10.77895629,4.28,812,52.0,0.3,0.0,0.0,0.0,0,0,0,0,1,0,0,0.001083333333214197,21.78082191780822
11.7829526,3.18,672,56481.0,61.7,0.0,0.0,1.0,0,0,0,0,1,0,0,0.431152672697056,9.698630136986301
11.65268741,7.55,687,34753.0,95.2,0.0,0.0,0.0,0,0,1,0,0,0,0,0.30219999919777585,13.561529679452054
11.28983191,17.01,712,29889.0,37.4,1.0,0.0,0.0,0,0,0,0,0,0,0,0.37359382120787377,9.534132419178082
10.69194491,3.74,747,11585.0,27.1,1.0,0.0,0.0,0,0,0,1,0,0,0,0.2632954553091162,9.287557076712329
11.51292546,7.87,757,8681.0,23.2,0.0,0.0,0.0,0,0,0,1,0,0,0,0.08681000043146554,28.684931506849313
10.77895629,10.4,667,16746.0,69.2,1.0,0.0,0.0,0,0,0,0,0,0,0,0.3488749999616335,10.520433789041096
10.6454249,1.71,672,1487.0,45.1,0.0,0.0,0.0,1,0,0,0,0,1,0,0.03540476180794777,7.1506849315068495
10.30895266,19.92,672,3211.0,78.3,2.0,0.0,0.0,1,0,1,0,0,0,0,0.10703333340229418,4.931506849315069
10.81977828,4.42,742,1098.0,7.1,0.0,0.0,0.0,0,0,0,0,0,0,0,0.021960000096849827,5.506735158904109
10.46310334,5.69,682,2745.0,40.4,0.0,0.0,0.0,0,0,0,0,0,1,0,0.07842857146555447,14.383447487671232
11.87145968,10.92,662,4736.0,16.8,2.0,1.0,0.0,0,0,1,0,0,0,0,0.033090418710685354,11.178082191780822
10.30908599,1.52,757,1304.0,9.7,0.0,0.0,0.0,0,0,0,0,1,0,0,0.043460871670335396,6.904109589041096
10.78931908,20.56,682,20716.0,82.1,2.0,2.0,0.0,0,0,1,0,0,0,0,0.4271340193053649,9.123287671232877
11.9512062,7.43,662,8545.0,30.6,2.0,0.0,0.0,0,0,0,0,0,0,0,0.05512760972143324,14.301255706849314
10.93310697,22.18,702,5170.0,8.6,2.0,0.0,0.0,0,0,1,0,0,0,0,0.09232142854532796,9.04931506849315
10.4341158,20.56,687,4029.0,24.0,1.0,0.0,0.0,0,1,0,0,0,0,0,0.11850000042639827,3.863013698630137
10.71441777,1.57,722,2258.0,10.7,2.0,0.0,1.0,1,0,0,1,0,0,0,0.0501777777151788,20.71232876712329
11.15625052,24.22,687,8547.0,55.1,1.0,1.0,0.0,0,0,0,1,0,0,0,0.12210000012594562,10.273858446575343
10.02552818,6.74,717,7313.0,29.6,0.0,0.0,0.0,1,0,1,0,0,0,0,0.32364135194854843,4.602625569863013
10.46321762,6.0,747,5541.0,26.5,2.0,0.0,0.0,0,0,1,0,0,0,0,0.15829619466610542,16.027397260273972
10.46310334,13.17,697,19.0,0.2,1.0,0.0,0.0,1,0,1,0,0,0,0,0.0005428571431131275,11.588926939726026
10.30895266,13.44,667,9142.0,81.6,1.0,0.0,0.0,0,0,1,0,0,0,0,0.30473333352967097,3.5341324191780825
10.81977828,16.56,687,5584.0,80.9,2.0,0.0,1.0,0,0,0,1,0,0,0,0.11168000049254047,12.328652967123286
10.54534144,18.09,722,12391.0,66.6,1.0,0.0,0.0,0,1,0,0,0,0,0,0.32607894694729767,6.4930365287671234
10.71441777,5.17,722,5275.0,48.0,0.0,0.0,0.0,0,0,1,0,0,0,0,0.11722222207598235,6.739726027397261
10.49127422,6.9,697,8349.0,43.5,0.0,0.0,0.0,1,0,0,1,0,0,0,0.23191666607255362,6.410844747945205
10.05173513,16.76,667,4013.0,66.9,0.0,0.0,0.0,1,0,1,0,0,0,0,0.17300396602743032,7.726027397260274
10.33501019,10.13,742,20337.0,39.2,3.0,0.0,0.0,0,0,0,0,1,0,0,0.6604637600982192,11.8
10.59653473,3.99,677,7102.0,18.7,0.0,0.0,0.0,0,0,1,0,0,0,0,0.17756775643754236,6.739726027397261
9.998979534,8.13,692,1599.0,9.6,2.0,1.0,0.0,0,0,0,0,0,0,0,0.07266860570771508,4.273858446575343
11.62803827,6.75,677,19328.0,96.2,2.0,0.0,0.0,0,0,0,0,0,0,0,0.17226381497346827,7.561529679452055
10.75790288,20.81,707,25469.0,98.5,1.0,0.0,0.0,0,1,0,0,0,0,0,0.5418936173963732,11.917808219178083
10.96819829,21.12,717,36605.0,91.1,0.0,0.0,0.0,0,1,0,0,0,0,0,0.6311206893576344,12.657420090410957
11.01856357,12.37,712,6432.0,99.0,2.0,0.0,0.0,1,1,0,0,0,0,0,0.10544953738302344,8.630022830136987
11.56171563,23.99,687,68479.0,48.9,0.0,3.0,0.0,0,1,0,0,0,0,0,0.6521809518198552,13.561529679452054
10.59653473,0.51,717,38.0,1.3,0.0,1.0,0.0,0,0,0,0,0,0,0,0.000950095007691722,3.3779680356164383
11.44035477,0.0,737,500.0,2.4,2.0,0.0,0.0,0,0,0,0,0,0,0,0.005376344097502109,3.3697488575342467
10.71840979,6.61,752,0.0,0.0,3.0,0.0,0.0,0,0,0,0,0,0,0,0.0,5.926027397260274
10.81977828,2.42,762,4880.0,38.1,0.0,0.0,0.0,0,0,0,0,0,0,0,0.09760000043044367,8.712328767123287
10.46310334,0.0,772,1238.0,7.3,0.0,1.0,0.0,0,0,0,0,0,0,0,0.03537142858810799,18.65742009041096
10.46310334,10.66,682,1238.0,47.7,0.0,2.0,0.0,0,0,1,0,0,0,0,0.03537142858810799,7.438242008219178
11.00209984,11.22,707,27591.0,54.9,0.0,0.0,1.0,0,0,1,0,0,0,0,0.4598500005537689,18.164383561643834
11.17043516,23.54,667,9371.0,50.1,1.0,3.0,0.0,0,1,0,0,0,0,0,0.13198591496810946,14.383447487671232
10.5627418,7.98,672,11689.0,89.2,0.0,0.0,0.0,0,0,1,0,0,0,0,0.3022991187376835,15.698515980821917
10.59653473,24.63,727,6083.0,56.3,1.0,0.0,0.0,0,0,1,0,0,0,0,0.15209020873128276,9.451940638356165
9.546812609,21.51,682,8172.0,34.0,1.0,0.0,0.0,0,0,0,0,0,0,0,0.5837142854792798,4.191780821917808
10.98108047,10.8,702,1051.0,58.4,1.0,0.0,0.0,0,0,0,0,0,0,0,0.017888752794511683,6.904109589041096
10.14643373,2.68,677,4885.0,35.4,2.0,0.0,0.0,0,0,0,0,0,1,0,0.19156862767061716,4.767123287671233
11.41861479,6.36,752,21135.0,19.7,0.0,0.0,0.0,0,1,0,0,0,0,0,0.23225274620737477,21.383447487671233
11.01856357,21.35,682,12074.0,51.0,0.0,0.0,0.0,0,0,0,0,0,0,0,0.19794740583996037,10.684817350684932
11.65507586,10.12,687,34842.0,95.5,0.0,0.0,0.0,0,1,0,0,0,0,0,0.30225113769753964,13.643721460273971
11.32664408,13.53,687,16389.0,57.7,3.0,0.0,1.0,1,0,0,0,1,0,0,0.1974483154256485,22.438242008219177
9.903487553,18.72,677,9961.0,94.9,1.0,0.0,0.0,0,0,0,0,0,0,0,0.4980499997689687,20.794520547945204
10.92478674,17.96,677,22557.0,98.1,0.0,0.0,0.0,0,0,0,0,0,0,0,0.40616897070687585,12.73972602739726
10.16600565,21.97,707,7552.0,98.1,1.0,0.0,0.0,0,0,1,0,0,0,0,0.2904168593293938,6.2465753424657535
10.0203813,10.04,757,0.0,0.0,6.0,0.0,0.0,1,0,0,0,0,1,0,0.0,14.054794520547945
10.62609644,11.91,682,6170.0,53.7,1.0,0.0,0.0,0,0,1,0,0,0,0,0.14977182299315284,12.73972602739726
11.12726298,18.16,667,16860.0,63.6,1.0,0.0,0.0,0,0,1,0,0,0,0,0.24794117750158826,6.2465753424657535
10.37349118,13.91,692,2131.0,45.3,1.0,0.0,0.0,0,0,0,0,0,0,0,0.06659375011866096,12.0
10.1266311,23.23,702,19096.0,69.6,2.0,0.0,0.0,0,0,0,0,0,0,0,0.7638400029410414,6.821917808219178
10.83958091,12.28,697,5329.0,29.4,2.0,1.0,0.0,0,1,0,0,0,0,0,0.10449019625673996,6.986301369863014
10.04324949,9.34,732,4386.0,14.3,0.0,0.0,0.0,0,0,0,0,0,1,0,0.19069565311047426,4.438242008219178
10.85892207,15.62,717,1645.0,29.9,1.0,0.0,0.0,0,0,1,0,0,0,0,0.03163704905210807,12.657420090410957
11.26446411,13.91,727,49150.0,42.0,3.0,0.0,0.0,1,0,1,0,0,0,0,0.6301282024008391,13.117808219178082
11.26446411,4.26,697,0.0,,0.0,0.0,1.0,0,0,0,0,0,1,0,0.0,11.34509132328767
10.6454249,19.2,787,8671.0,13.9,1.0,0.0,0.0,1,0,0,0,0,0,0,0.206452380387838,17.671118720547945
10.91508846,14.53,667,2569.0,98.8,0.0,0.0,0.0,1,0,1,0,0,0,0,0.04670909110595143,24.73972602739726
11.03488966,3.31,707,8832.0,76.8,1.0,0.0,0.0,0,0,0,0,1,0,0,0.14245161347691113,33.28767123287671
10.83958091,11.6,762,550.0,1.6,3.0,0.0,0.0,0,0,0,0,0,0,0,0.010784313743893222,14.794520547945206
10.77895629,14.77,677,10710.0,54.6,0.0,0.0,0.0,0,0,0,0,0,0,0,0.2231249999754625,11.917808219178083
11.58988651,9.77,732,14068.0,52.7,1.0,0.0,0.0,0,0,1,0,0,0,0,0.13025925875207625,15.287671232876713
10.30895266,1.8,697,2898.0,42.9,0.0,0.0,0.0,0,0,0,0,0,0,0,0.09660000006223872,9.205479452054794
10.91501573,22.13,682,18392.0,87.6,2.0,0.0,0.0,0,0,0,0,0,0,0,0.3344243232059187,14.794520547945206
10.81985828,16.03,672,874.0,21.8,3.0,0.0,0.0,0,0,0,0,0,0,0,0.01747860173302009,6.410844747945205
10.86513399,18.14,677,12836.0,31.3,0.0,2.0,0.0,0,0,0,0,0,0,0,0.24533639048812197,30.493036520547943
10.95080655,22.76,712,8939.0,74.5,0.0,0.0,0.0,1,0,0,0,0,1,0,0.15682456090428726,12.73972602739726
10.81977828,4.82,737,1312.0,9.0,2.0,0.0,0.0,0,0,0,0,0,0,0,0.02624000011572584,6.821917808219178
11.22693529,14.62,722,14173.0,78.7,0.0,0.0,0.0,0,0,1,0,0,0,0,0.18865388014381285,13.479337898630137
10.81977828,16.15,727,1417.0,7.6,1.0,0.0,0.0,1,0,0,0,0,0,0,0.028340000124987438,15.53413241917808
10.62132735,12.38,697,21196.0,46.2,3.0,0.0,0.0,0,0,1,0,0,0,0,0.516975607526095,9.917808219178083
10.81977828,24.91,662,8155.0,78.4,3.0,0.0,0.0,0,0,0,0,0,0,0,0.16310000071931727,12.493036528767123
10.71441777,1.33,712,1661.0,15.8,2.0,0.0,1.0,1,0,0,0,0,0,0,0.036911111065062875,8.876712328767123
10.91802234,10.81,667,6413.0,81.2,1.0,0.0,0.0,0,1,0,0,0,0,0,0.1162584114176806,7.726027397260274
11.3736634,5.41,712,15132.0,33.9,0.0,0.0,0.0,0,0,0,0,0,1,0,0.17393103407171107,18.78904109589041
10.79957558,16.09,662,24568.0,74.4,0.0,0.0,0.0,0,1,0,0,0,0,0,0.5013877536443877,13.331392693150685
10.89673933,11.56,707,8670.0,96.7,1.0,0.0,0.0,0,0,0,0,0,0,0,0.16055555484050704,12.493036528767123
11.83500896,19.0,677,27587.0,74.8,1.0,1.0,0.0,0,0,1,0,0,0,0,0.19990579792892776,16.60262556986301
12.20607265,3.07,662,13793.0,57.7,0.0,2.0,0.0,0,0,0,0,1,0,0,0.06896499969173847,22.931506849315067
10.96819829,15.43,707,7366.0,42.8,2.0,0.0,0.0,0,0,1,0,0,0,0,0.12699999994012665,6.986301369863014
10.34174248,4.26,742,5680.0,27.2,0.0,0.0,0.0,0,0,0,0,0,0,0,0.18322580708690855,5.013698630136986
11.31447453,8.34,737,5688.0,69.3,0.0,0.0,0.0,0,1,0,0,0,0,0,0.06936585339816423,22.19178082191781
10.51688023,13.16,677,10832.0,56.1,3.0,0.0,1.0,0,0,1,0,0,0,0,0.29328212923308106,12.410844747945204
10.34174248,3.02,667,3574.0,60.6,3.0,0.0,0.0,0,0,0,0,1,0,0,0.1152903229803893,20.21917808219178
10.47728798,22.78,702,7438.0,32.3,1.0,0.0,0.0,0,0,1,0,0,0,0,0.20952112581007232,10.608105021917808
10.75790288,1.79,702,3321.0,51.1,2.0,0.0,0.0,0,0,1,0,0,0,0,0.07065957451699538,8.712214610958904
11.56171563,10.71,682,15478.0,96.2,0.0,0.0,0.0,0,1,0,0,0,0,0,0.14740952368270155,12.246575342465754
10.23995979,12.47,662,117.0,5.3,3.0,0.0,0.0,0,0,0,0,0,0,0,0.004178571425050317,3.698515980821918
12.07254125,5.19,782,12760.0,10.9,0.0,0.0,0.0,0,0,0,0,1,0,0,0.07291428592614915,13.169863013698631
10.61888534,24.47,697,37864.0,98.3,0.0,1.0,0.0,0,0,1,0,0,0,0,0.9257701730292843,14.547831049315068
10.59663473,5.43,682,12247.0,66.9,1.0,0.0,0.0,0,0,1,0,0,0,0,0.3061750009479403,12.821803652054793
11.27720313,10.92,672,7465.0,74.6,0.0,0.0,1.0,0,0,1,0,0,0,0,0.09449367102301225,15.6163242
11.33857208,16.11,762,16225.0,55.9,0.0,0.0,0.0,0,1,0,0,0,0,0,0.19315476148473726,16.027397260273972
10.23981692,19.33,687,10029.0,85.0,1.0,0.0,0.0,0,0,1,0,0,0,0,0.35822974775492095,6.2465753424657535
10.40426284,8.0,687,1857.0,33.8,0.0,0.0,0.0,0,0,0,0,0,0,0,0.056272727297972225,9.945205479452055
9.798571383,7.13,712,1905.0,27.2,1.0,0.0,0.0,0,0,0,0,0,0,0,0.10578631714862347,5.178082191780822
9.998797732,20.02,722,2548.0,28.3,1.0,0.0,0.0,0,0,0,0,0,1,0,0.11581818185761246,10.684817350684932
11.22524339,19.44,662,27087.0,97.4,2.0,0.0,0.0,0,0,1,0,0,0,0,0.36116000090956274,15.6163242
11.9511804,11.92,692,64451.0,91.9,2.0,0.0,0.0,0,1,0,0,0,0,0,0.41581290152154887,8.46563926849315
11.18007865,18.95,677,7595.0,87.3,0.0,0.0,0.0,0,0,0,0,0,1,0,0.10594520685601491,17.342351597260272
11.66736182,11.75,677,29735.0,67.3,1.0,0.0,0.0,0,1,0,0,0,0,0,0.2547986285235359,7.808219178082192
10.22194128,7.9,662,5538.0,95.5,1.0,0.0,0.0,0,0,1,0,0,0,0,0.2013818189178009,4.109589041095891
11.98292909,11.19,687,63353.0,77.0,1.0,0.0,0.0,0,0,0,0,0,0,0,0.395956251669337,14.712214610958902
10.93403511,19.25,707,3280.0,29.0,1.0,0.0,0.0,0,0,0,0,1,0,0,0.05851709128936622,9.698515980821918
10.83958091,13.44,752,835.0,2.4,5.0,0.0,0.0,0,0,0,0,0,0,0,0.01637254904754698,14.794520547945206
10.59663473,5.13,717,4225.0,28.9,3.0,0.0,1.0,1,0,0,0,0,0,0,0.10562500032702277,17.26027397260274
10.1960079,6.58,722,5134.0,13.7,1.0,2.0,0.0,0,0,0,0,0,0,0,0.19159576087322608,17.17808219178082
11.29601246,23.03,702,18265.0,46.8,0.0,2.0,0.0,0,0,1,0,0,0,0,0.2268944107108391,34.10958904109589
10.6454249,23.63,742,9347.0,13.5,8.0,0.0,0.0,0,1,0,0,0,0,0,0.22254761843906376,14.265753424657534
11.13616442,8.62,722,22595.0,61.9,1.0,0.0,0.0,0,1,0,0,0,0,0,0.32933477309874243,7.643721460273973
10.6454249,13.43,687,6353.0,45.7,0.0,0.0,0.0,0,0,0,0,0,0,0,0.15126190434827988,8.794520547945206
11.04132055,12.96,692,2188.0,27.7,3.0,0.0,0.0,0,0,0,0,0,0,0,0.03506410271689506,11.835616438356164
10.08580911,12.45,717,3623.0,90.6,0.0,1.0,0.0,1,1,0,0,0,0,0,0.15095833323220378,16.76700913150685
10.70826555,17.41,732,886.0,25.3,3.0,0.0,0.0,0,0,0,0,0,0,0,0.019810392615839174,11.835616438356164
10.54534144,8.53,682,6288.0,22.3,3.0,0.0,1.0,1,0,0,0,1,0,0,0.16547368399682091,11.756050227397258
10.43081625,14.77,672,3318.0,34.9,1.0,1.0,0.0,0,0,0,0,0,0,0,0.09791076471597501,19.561529679452054
11.00209984,14.6,667,7708.0,48.5,1.0,0.0,0.0,0,1,0,0,0,0,0,0.12846666682137112,7.1506849315068495
10.81977828,17.9,757,4169.0,17.6,0.0,0.0,0.0,0,0,0,0,0,1,0,0.08338000036772944,11.342351597260272
10.34174248,8.5,742,4158.0,19.9,0.0,0.0,0.0,0,0,0,0,0,0,0,0.1341290327231278,5.095890410958904
10.51686074,19.77,677,10679.0,55.3,1.0,0.0,1.0,0,0,1,0,0,0,0,0.289145208693922,12.493036528767123
11.20403338,18.11,687,22906.0,75.6,0.0,0.0,0.0,0,1,0,0,0,0,0,0.31196033956162605,12.657420090410957
10.3859137,23.85,682,2379.0,68.0,1.0,0.0,1.0,0,0,1,0,0,0,0,0.07342592605665499,9.780707761643836
10.81977828,10.8,667,0.0,,0.0,0.0,0.0,1,1,0,0,0,0,0,0.0,14.383447487671232
10.59568428,20.84,757,14813.0,36.8,0.0,0.0,0.0,0,0,0,0,0,0,0,0.37067714386440687,21.451940638356163
10.79949394,14.33,682,16979.0,41.0,0.0,1.0,0.0,1,0,1,0,0,0,0,0.3465384933220169,12.421803652054793
10.30895266,15.04,747,2420.0,5.8,0.0,0.0,0.0,0,0,0,0,0,0,0,0.08066666671863965,4.602625569863013
10.30895266,20.4,662,1244.0,44.4,2.0,0.0,0.0,0,0,0,0,0,1,0,0.04146666669338336,8.876712328767123
10.30908599,13.88,752,5063.0,40.8,6.0,0.0,0.0,0,0,0,0,0,0,0,0.16874416661572708,7.315068493150685
10.91508846,26.05,672,19487.0,89.2,2.0,0.0,0.0,0,0,0,1,0,0,0,0.3543090924023649,14.876712328767123
11.08214255,12.04,697,7350.0,37.3,0.0,0.0,0.0,0,0,1,0,0,0,0,0.11307692295002518,22.520433789041096
10.83467754,20.69,707,16881.0,50.7,0.0,0.0,0.0,0,0,0,1,0,0,0,0.3326270016719823,15.53413241917808
10.91508846,14.84,677,7440.0,89.6,0.0,0.0,0.0,0,1,0,0,0,0,0,0.13527272784284883,8.876712328767123
10.48514436,13.45,662,10363.0,71.0,2.0,0.0,1.0,0,0,0,1,0,0,0,0.28963107796425014,12.657420090410957
11.22524339,9.92,687,22796.0,51.9,1.0,0.0,0.0,1,0,0,0,0,0,0,0.3039466674321406,17.095890410958905
10.30895266,0.6,722,767.0,4.2,3.0,0.0,0.0,0,0,0,0,0,0,0,0.025566666683139096,3.9452054794520546
10.70817611,18.52,712,25925.0,66.1,0.0,0.0,0.0,0,0,1,0,0,0,0,0.5797182456108302,6.164383561643835
10.30895266,5.52,712,598.0,2.9,1.0,0.0,0.0,0,0,0,0,0,0,0,0.019933333346176245,4.520433789041096
10.24313332,17.63,677,7474.0,35.8,2.0,1.0,0.0,0,0,0,0,0,1,0,0.2660828081121688,6.986301369863014
10.71163613,13.64,777,5578.0,9.0,2.0,0.0,0.0,0,0,1,0,0,0,0,0.12430083513136163,12.493036528767123
10.63585545,22.36,677,12785.0,77.2,2.0,0.0,0.0,0,0,0,0,0,0,0,0.30733172961653865,15.287671232876713
10.54534144,2.53,732,3421.0,22.1,1.0,0.0,0.0,0,0,1,0,0,0,0,0.09002631567320679,7.643721460273973
11.42954386,5.06,722,5424.0,98.6,0.0,0.0,0.0,0,0,0,0,0,0,0,0.05895652150514241,17.506735158904107
10.46310334,29.42,672,536.0,9.2,2.0,0.0,0.0,0,0,1,0,0,0,0,0.015314285721507176,14.630022830136985
12.07254125,2.47,677,23806.0,60.6,1.0,0.0,0.0,0,0,0,1,0,0,0,0.13603428610955381,4.8493150684931505
10.71441777,13.6,722,23280.0,92.0,3.0,0.0,0.0,0,0,1,0,0,0,0,0.5173333326879372,12.246575342465754
10.87804719,6.23,752,10399.0,31.3,1.0,0.0,0.0,0,0,1,0,0,0,0,0.196207547667052,12.739611871232876
11.28978191,21.72,697,73150.0,72.9,0.0,0.0,0.0,1,0,1,0,0,0,0,0.9143750033429717,20.75890410958904
11.51292546,20.29,707,57152.0,78.7,0.0,0.0,0.0,0,1,0,0,0,0,0,0.571520002840585,16.76700913150685
10.46310334,1.2,722,2400.0,35.8,0.0,0.0,0.0,0,0,1,0,0,0,0,0.06857142860376347,9.123287671232877
11.28978191,9.24,667,33102.0,99.4,2.0,0.0,1.0,1,1,0,0,0,0,0,0.41377500151276897,17.91780821917808
10.6214249,9.39,787,15715.0,21.5,1.0,0.0,0.0,0,0,0,0,0,1,0,0.383255292896065,13.821803652054793
11.1844214,16.86,697,21659.0,49.9,1.0,0.0,0.0,1,1,0,0,0,0,0,0.3008194438422619,6.049315068493151
10.6454249,0.0,772,0.0,0.0,6.0,0.0,0.0,0,0,1,0,0,0,0,0.0,20.630022830136983
10.59663473,13.02,752,12183.0,45.1,0.0,0.0,0.0,0,0,1,0,0,0,0,0.30457500094298656,17.26027397260274
11.31447453,4.36,752,26040.0,49.1,3.0,0.0,0.0,0,0,0,0,0,0,0,0.31756097441775605,9.36986301369863
10.91508846,4.65,682,2801.0,63.7,0.0,0.0,0.0,1,0,0,0,0,0,0,0.05092727294191123,8.794406391780822
11.05879518,14.68,687,17550.0,38.6,2.0,0.0,0.0,1,0,1,0,0,0,0,0.27637795410484617,13.068493150684931
10.81977828,20.45,707,11781.0,58.9,2.0,0.0,0.0,0,0,1,0,0,0,0,0.235620001039151,15.945205479452055
10.93310697,17.04,752,68895.0,41.9,2.0,0.0,0.0,0,1,0,0,0,0,0,1.2302678567950427,20.547831049315068
11.25631561,0.74,782,2440.0,8.6,0.0,0.0,0.0,0,0,0,0,0,0,0,0.03153799430064207,33.99178082191781
11.37779279,20.95,702,31518.0,93.2,0.0,0.0,0.0,0,1,0,0,0,0,0,0.3607829673860765,18.164383561643834
11.28978191,7.93,742,15146.0,27.2,1.0,0.0,0.0,0,0,0,0,0,0,0,0.18932500069217567,17.47408675890411
12.34583459,3.92,782,8247.0,11.1,2.0,0.0,0.0,0,1,0,0,0,0,0,0.035856521664022915,11.978082191780821
10.30895266,17.08,687,10655.0,68.7,1.0,0.0,0.0,0,0,0,0,0,0,0,0.35516666689549814,12.32876712328767
10.81977828,20.3,672,9344.0,79.2,1.0,0.0,0.0,0,1,0,0,0,0,0,0.1868800008241938,10.10958904109589
9.998797732,9.0,697,8935.0,27.8,1.0,0.0,0.0,0,0,0,0,0,0,0,0.40613636377463397,5.095890410958904
9.952277717,1.71,742,1087.0,10.9,1.0,0.0,0.0,0,0,0,0,0,0,0,0.05176190474666402,6.424657534246576
11.05089001,6.17,697,17558.0,62.3,1.0,0.0,1.0,0,0,1,0,0,0,0,0.2786984114090619,24.164383561643834
10.81977828,9.62,717,11579.0,37.0,2.0,0.0,0.0,0,0,0,0,0,0,0,0.23158000102133347,8.547831049315068
10.51325312,4.83,687,5260.0,92.3,0.0,0.0,1.0,0,1,0,0,0,0,0,0.14293478320287872,14.301369863013699
10.23995979,24.77,682,86.0,1.1,0.0,0.0,0.0,0,1,0,0,0,0,0,0.0030714285688404033,8.87659817260274
12.32385568,7.44,742,15611.0,21.0,2.0,0.0,0.0,0,0,0,0,1,0,0,0.06938222230454824,12.0
10.858999,19.41,782,2967.0,5.0,0.0,0.0,0.0,0,0,0,1,0,0,0,0.05705769216867488,36.32876712328767
11.3736634,1.32,722,10318.0,30.9,1.0,0.0,0.0,0,0,1,0,0,0,0,0.11859770086914583,3.452054794520548
11.28983191,1.84,727,2733.0,15.4,1.0,0.0,0.0,0,0,0,0,1,0,0,0.0341607920425949,12.41095890410959
10.7711761,5.24,712,13673.0,58.4,0.0,0.0,0.0,1,0,0,0,0,0,0,0.2870790298806203,15.6163242
10.77895629,1.35,662,3171.0,77.3,0.0,0.0,0.0,0,0,0,0,0,0,0,0.06606249999273497,5.178082191780822
11.35040654,13.19,682,44198.0,51.9,0.0,0.0,0.0,0,1,0,0,0,0,0,0.5199764682340178,20.547831049315068
11.89067673,9.58,662,15030.0,52.2,1.0,0.0,0.0,1,1,0,0,0,0,0,0.10301576468676145,21.123287671232877
10.4341158,10.06,692,5129.0,35.4,1.0,0.0,0.0,0,0,1,0,0,0,0,0.15085294171928437,4.849200912328767
10.42376834,17.31,672,12596.0,46.3,0.0,0.0,0.0,0,1,0,0,0,0,0,0.37432392088968536,5.342465753424658
11.66650455,11.89,687,25588.0,58.0,1.0,0.0,0.0,0,1,0,0,0,0,0,0.2194511155588983,7.972602739726027
10.92952915,3.59,757,14538.0,32.0,1.0,0.0,0.0,0,0,0,0,0,0,0,0.26053763398376995,20.630022830136983
10.46310334,15.69,697,199.0,2.3,1.0,0.0,0.0,1,0,0,0,0,0,0,0.005685714288395388,11.838242008219177
10.96819829,13.57,667,3109.0,42.6,2.0,0.0,0.0,0,1,0,0,0,0,0,0.05360344825059105,6.903995432876712
11.05089001,6.76,667,20227.0,41.0,3.0,1.0,0.0,1,0,0,0,0,0,0,0.32106349057814637,16.898515980821916
10.96812932,10.78,757,4496.0,9.7,3.0,0.0,0.0,0,0,1,0,0,0,0,0.07752258789127442,8.712214610958904
10.6214249,10.74,792,2775.0,13.7,3.0,0.0,0.0,0,0,0,0,0,0,0,0.06767632438985557,12.57522830958904
11.27720313,15.21,727,2801.0,6.7,0.0,1.0,0.0,0,0,0,0,0,0,0,0.035455696253912566,13.643721460273971
10.34174248,10.03,702,6796.0,32.4,0.0,0.0,0.0,0,0,1,0,0,0,0,0.21922580721173074,10.520433789041096
10.51009597,7.16,697,27491.0,56.2,3.0,0.0,0.0,0,0,1,0,0,0,0,0.7494002847604636,9.862899542465753
10.08580911,9.3,662,5062.0,85.8,0.0,0.0,0.0,0,1,0,0,0,0,0,0.21091666652537,4.027397260273973
10.71441777,10.64,667,1030.0,4.6,0.0,3.0,0.0,0,0,0,0,0,1,0,0.022888888860333995,8.712214610958904
10.95080655,10.59,707,5014.0,18.1,0.0,2.0,0.0,0,1,0,0,0,0,0,0.08796491200068199,20.136986301369863
9.942708266,3.58,707,2731.0,97.5,0.0,0.0,0.0,0,1,0,0,0,0,0,0.13129807688229692,10.627511416438356
10.59663473,21.93,712,3266.0,49.5,0.0,0.0,0.0,0,0,1,0,0,0,0,0.0816500002527944,12.742351597260273
10.54534144,13.54,712,1818.0,29.8,2.0,0.0,0.0,0,0,0,1,0,0,0,0.04784210520137093,10.769748857534246
10.27090459,0.66,717,843.0,30.1,0.0,0.0,0.0,0,0,0,0,0,0,0,0.029189750780287405,3.128767123287671
10.6454249,16.23,727,26784.0,63.6,1.0,0.0,0.0,0,0,1,0,0,0,0,0.6377142839704594,9.791666665753425
10.76840078,21.53,742,17194.0,54.8,1.0,0.0,0.0,1,0,1,0,0,0,0,0.3620094309072993,9.87659817260274
11.56171563,20.29,747,8855.0,31.2,7.0,0.0,0.0,0,0,0,0,0,0,0,0.08433333326077802,15.301369863013699
11.98292909,9.55,722,39979.0,49.5,0.0,0.0,0.0,0,0,1,0,0,0,0,0.24986875105343748,12.838242008219177
11.46163217,24.19,667,590.0,84.3,0.0,0.0,0.0,0,0,0,0,0,0,0,0.006210526319408212,14.728652967123287
11.00209984,4.86,752,8575.0,25.0,1.0,0.0,0.0,0,0,0,0,0,0,0,0.14291666683877238,20.89577625479452
11.27663335,11.99,732,42703.0,40.4,3.0,0.0,0.0,1,0,0,0,1,0,0,0.5408523836749856,12.840981734246574
10.37361617,1.84,742,4889.0,10.7,1.0,0.0,0.0,1,0,0,0,0,0,0,0.15276215533712664,7.342465753424658
11.40756495,20.91,747,120338.0,47.5,0.0,0.0,0.0,0,1,0,0,0,0,0,1.3370888879695102,15.454794520547946
11.08214255,5.0,752,86.0,0.5,1.0,0.0,0.0,0,0,0,0,0,0,0,0.0013230769215921315,12.01095890410959
10.858999,12.39,722,26571.0,33.7,0.0,0.0,0.0,0,0,0,0,1,0,0,0.5109807679857972,10.41095890410959
10.91508846,0.33,802,37.0,0.2,0.0,0.0,0.0,0,0,0,0,0,1,0,0.0006727272755625547,8.813584473972602
11.31447453,11.12,677,12336.0,46.0,0.0,1.0,0.0,0,0,1,0,0,0,0,0.1504390238255545,16.46027397260274
10.83958091,6.4,697,10537.0,41.0,2.0,0.0,0.0,0,1,0,0,0,0,0,0.2066078434898234,12.90399543287671
10.71441777,1.73,687,3153.0,30.3,1.0,0.0,0.0,0,0,0,0,0,0,0,0.07006666657925542,9.6163242
10.96812932,9.35,742,3392.0,9.2,1.0,0.0,0.0,0,0,0,0,0,1,0,0.05848679228807892,25.80810502191781
11.32418334,14.16,707,41893.0,62.5,0.0,0.0,0.0,0,0,0,0,0,0,1,0.5059541064690921,16.68481735068493
10.93310697,1.18,672,255.0,15.0,2.0,0.0,0.0,0,0,0,0,0,0,1,0.004553571427284068,3.8628995424657537
11.03488966,18.21,682,19099.0,89.2,1.0,0.0,0.0,0,0,1,0,0,0,0,0.3080483883373557,15.830022830136985
10.91508846,6.41,737,1932.0,11.4,2.0,0.0,0.0,1,0,0,0,0,0,1,0.03512727287532042,6.739611871232877
10.73116563,15.21,707,10197.0,75.5,0.0,0.0,0.0,0,0,1,0,0,0,0,0.22283653758215416,13.808105021917807
11.2515607,22.08,707,9282.0,15.0,1.0,0.0,1.0,0,0,1,0,0,0,0,0.12054545464620887,14.301369863013699
10.91508846,3.53,787,7171.0,10.7,2.0,0.0,0.0,1,0,0,1,0,0,0,0.13038181873132648,38.79440638356164
11.81303006,9.91,767,1579.0,7.2,0.0,0.0,0.0,0,0,0,0,0,0,1,0.011696296266126468,37.31506849315068
11.98292909,10.73,682,33256.0,73.9,0.0,0.0,0.0,0,0,0,0,0,0,0,0.20785000087628797,4.931392693150685
10.87804719,4.3,692,9735.0,72.1,1.0,0.0,0.0,0,0,1,0,0,0,0,0.1836792457485096,4.602625569863013
10.71441777,12.96,757,12341.0,30.8,0.0,0.0,0.0,0,1,0,0,0,0,0,0.27424444410231247,9.862899542465753
10.34817337,13.73,692,14154.0,85.8,0.0,0.0,0.0,1,1,0,0,0,0,0,0.45365384787663027,5.671118720547946
10.23995979,5.57,777,4988.0,14.6,0.0,0.0,0.0,0,0,1,0,0,0,0,0.1781428569927434,16.698744293150686
11.98292909,9.04,682,9925.0,45.1,1.0,2.0,0.0,1,1,0,0,0,0,0,0.06203125026152147,14.712214610958902
11.49685706,19.36,732,36976.0,53.1,2.0,0.0,0.0,0,1,0,0,0,0,0,0.37574944496626306,16.438356164383563
10.30895266,17.72,692,6349.0,44.7,1.0,1.0,0.0,0,0,0,0,1,0,0,0.21163333346968724,17.17808219178082
11.1124479,19.22,702,22897.0,64.5,1.0,0.0,1.0,1,1,0,0,0,0,0,0.34174626810073067,14.301369863013699
11.73606902,10.62,692,35114.0,52.6,0.0,0.0,0.0,0,0,0,0,0,0,0,0.28091199895625396,16.356164383561644
11.75038998,11.16,662,31081.0,28.3,1.0,1.0,0.0,0,0,1,0,0,0,0,0.24511249734118035,18.739611871232874
10.6454249,10.57,682,6770.0,21.2,3.0,0.0,0.0,0,1,0,0,0,0,0,0.1611904757497017,10.356164383561644
11.35040654,5.46,737,6528.0,14.3,1.0,0.0,0.0,0,0,0,0,0,0,0,0.07679999965228444,8.465753424657533
10.30895266,2.64,717,11738.0,30.3,1.0,0.0,0.0,0,0,0,0,0,0,1,0.3912666669187571,5.284817350684931
11.51292546,5.95,732,31752.0,53.1,2.0,0.0,0.0,0,0,0,0,1,0,0,0.31752000157814697,16.76700913150685
11.47210347,8.98,697,6201.0,66.7,1.0,0.0,0.0,0,0,0,0,0,0,0,0.06459375002906544,3.2054794520547945
11.21182037,11.46,772,23891.0,19.3,0.0,0.0,0.0,0,1,0,0,0,0,0,0.3228513520572035,17.588926939726026
10.858999,9.09,687,15217.0,58.1,0.0,0.0,0.0,0,1,0,0,0,0,0,0.2926346146716298,9.945091323287672
10.71441777,11.41,787,2193.0,6.9,0.0,0.0,0.0,0,0,0,0,0,0,1,0.04873333327253636,10.76700913150685
10.75790288,22.49,692,0.0,0.0,3.0,0.0,1.0,1,1,0,0,0,0,0,0.0,22.356164383561644
10.23995979,12.09,667,14320.0,67.5,1.0,0.0,0.0,0,0,1,0,0,0,0,0.5114285709976114,6.986301369863014
11.1844214,16.9,767,28938.0,23.4,0.0,0.0,0.0,0,0,0,0,0,0,0,0.40191666586210695,17.588926939726026
10.54534144,9.06,692,17297.0,77.6,1.0,0.0,1.0,0,0,1,0,0,0,0,0.455184209938456,14.383561643835616
11.1844214,17.87,712,5595.0,14.9,0.0,0.0,1.0,0,1,0,0,0,0,0,0.07770833317777621,10.684817350684932
11.03488966,22.43,682,12792.0,50.6,2.0,2.0,0.0,0,0,1,0,0,0,0,0.20632258147606963,23.753310501369864
11.51292546,7.88,677,6410.0,41.4,0.0,0.0,0.0,0,1,0,0,0,0,0,0.06410000031859164,25.397260273972602
10.858999,7.57,762,1369.0,5.9,0.0,1.0,0.0,0,0,0,0,1,0,0,0.026326923012779207,21.454794520547946
11.46163217,17.68,697,34565.0,89.3,1.0,0.0,0.0,0,0,1,0,0,0,0,0.3638421054751607,9.123287671232877
11.15619338,8.21,732,2535.0,50.7,3.0,0.0,0.0,0,0,0,0,0,0,0,0.03621635509504905,8.41095890410959
11.01006801,16.01,732,35692.0,40.1,3.0,0.0,0.0,0,0,1,0,0,0,0,0.5901455031491417,16.027397260273972
11.42081018,2.14,732,4541.0,96.6,2.0,0.0,0.0,1,0,0,0,1,0,0,0.04979166647060813,12.082191780821917
10.77895629,17.53,707,1966.0,93.6,1.0,0.0,0.0,1,0,0,0,0,0,0,0.04095833332882906,17.83550228219178
10.38887228,24.89,672,3139.0,50.6,1.0,1.0,0.0,0,0,1,0,0,0,0,0.09659650455414522,5.013698630136986
10.59663473,6.48,777,19998.0,18.3,1.0,0.0,0.0,0,0,0,0,0,0,0,0.49995000154788194,13.487671232876712
11.00209984,12.36,692,257.0,5.8,1.0,3.0,0.0,0,0,0,0,0,0,0,0.004283333338491487,14.219178082191782
10.99373159,16.24,662,1995.0,30.7,1.0,0.0,0.0,0,0,0,0,0,0,0,0.03352941181613067,9.698515980821918
11.69524702,13.01,672,14827.0,43.5,3.0,0.0,0.0,1,0,1,0,0,0,0,0.12355833355131285,11.506849315068493
10.73630972,6.03,787,1442.0,13.5,0.0,0.0,0.0,0,0,0,0,0,0,0,0.0313505520704639,12.57522830958904
11.44035477,17.43,707,29046.0,41.8,0.0,0.0,0.0,0,0,1,0,0,0,0,0.3123225813120925,10.684817350684932
10.66886237,9.15,727,6725.0,43.7,1.0,0.0,0.0,0,0,1,0,0,0,0,0.1564098981405275,7.972488583561644
12.76568843,5.86,692,36073.0,72.9,2.0,0.0,0.0,1,0,0,0,0,0,1,0.10306571464289836,6.657420090410959
11.05089001,22.63,717,15655.0,44.3,3.0,0.0,0.0,0,0,1,0,0,0,0,0.2484920623424572,18.246575342465754
10.49127422,19.3,702,5680.0,25.2,0.0,0.0,1.0,0,0,1,0,0,0,0,0.1577777773735902,5.671118720547946
12.3883942,3.64,722,58753.0,94.0,0.0,0.0,0.0,0,0,0,0,0,0,0,0.24480416723562284,8.794406391780822
10.89673933,21.69,722,21462.0,40.9,1.0,0.0,0.0,0,0,0,0,0,0,1,0.3974444426743901,14.383561643835616
11.44571672,12.92,687,26845.0,80.5,0.0,0.0,0.0,0,0,0,0,0,1,0,0.28711229810914557,6.0
11.58988651,11.56,667,13706.0,45.7,1.0,1.0,0.0,1,0,0,0,0,0,1,0.1269074069132753,12.739611871232876
10.71441777,10.69,742,1774.0,13.3,1.0,0.0,0.0,0,1,0,0,0,0,0,0.03942222217304127,7.561643835616438
10.79957558,12.39,672,13335.0,39.8,1.0,1.0,0.0,0,0,0,0,0,0,1,0.27214285635167335,13.232876712328768
10.40477786,2.4,767,1411.0,35.3,1.0,0.0,0.0,0,0,1,0,0,0,0,0.04273556043973708,10.542465753424658
10.57131693,18.22,717,16100.0,39.3,1.0,0.0,0.0,0,0,1,0,0,0,0,0.4128205108025567,6.903995432876712
10.6214249,21.92,722,9042.0,16.2,2.0,0.0,0.0,0,0,0,0,1,0,0,0.22051507212002672,7.232876712328767
11.51292546,7.93,747,86429.0,37.8,0.0,0.0,0.0,1,0,0,0,0,0,1,0.8642900042957188,9.862899542465753
11.98292909,12.61,692,30055.0,72.1,0.0,0.0,0.0,0,0,0,0,0,0,0,0.18784375079194235,9.780707761643836
10.40426284,12.8,667,6793.0,31.4,3.0,2.0,0.0,0,0,0,1,0,0,0,0.20584848494083216,22.273972602739725
12.22342128,7.02,692,61977.0,59.3,0.0,0.0,0.0,0,0,1,0,0,0,0,0.3045552837323237,10.191780821917808
11.45100751,7.85,727,17465.0,95.4,1.0,0.0,0.0,1,0,1,0,0,0,0,0.18580577844074475,18.08219178082192
11.12726298,22.43,717,10635.0,46.9,0.0,0.0,0.0,0,0,1,0,0,0,0,0.15639705947386662,21.953424657534246
11.15625052,1.73,742,7044.0,13.7,3.0,0.0,0.0,0,0,0,1,0,0,0,0.10062857153236937,8.32340182739726
11.00209984,20.58,682,56189.0,89.2,0.0,0.0,0.0,1,0,0,0,0,0,1,0.9364833344610823,18.410958904109588
11.08220409,8.2,742,12418.0,66.2,1.0,0.0,0.0,1,0,1,0,0,0,0,0.1910343970132174,11.427397260273972
11.14186178,11.5,682,36081.0,87.8,1.0,0.0,1.0,0,0,0,1,0,0,0,0.5229130453499744,5.260273972602739
11.17147687,15.18,662,38616.0,76.3,1.0,0.0,0.0,0,1,0,0,0,0,0,0.5433210439187606,18.380936073972602
11.03495418,4.32,782,49421.0,2.7,1.0,0.0,0.0,0,0,1,0,0,0,0,0.7970614783703266,14.712214610958902
10.85892207,7.82,722,5911.0,20.9,3.0,0.0,0.0,0,0,1,0,0,0,0,0.1136818218522862,11.999885843835616
10.59653473,13.08,722,6013.0,51.0,3.0,0.0,0.0,0,0,1,0,0,0,0,0.1503400337171138,10.76700913150685
10.1266311,24.34,672,10098.0,24.7,2.0,0.0,0.0,0,0,1,0,0,0,0,0.4039200015552281,3.350799087671233
10.6454249,11.09,707,3628.0,26.1,2.0,0.0,0.0,0,0,0,0,1,0,0,0.08638095214474412,6.903995432876712
11.22524339,7.81,722,14340.0,71.3,0.0,0.0,0.0,0,0,1,0,0,0,0,0.1912000004815273,19.561643835616437
11.0744205,13.13,687,25716.0,55.4,0.0,0.0,0.0,0,0,1,0,0,0,0,0.39869767552852453,10.931392693150684
11.22524339,24.93,772,3553.0,5.6,1.0,0.0,0.0,0,0,1,0,0,0,0,0.047373333452640616,10.520547945205479
10.6214249,15.31,712,19604.0,43.3,3.0,0.0,0.0,0,1,0,0,0,0,0,0.4780996985004428,8.219292238356164
11.40756495,7.4,697,10868.0,37.6,2.0,0.0,0.0,0,0,1,0,0,0,0,0.12075555547252437,4.027397260273973
11.60823564,24.8,662,36002.0,71.3,1.0,1.0,0.0,0,0,1,0,0,0,0,0.3272909106535769,15.287671232876713
11.22524339,20.23,707,4508.0,30.7,0.0,0.0,0.0,0,1,0,0,0,0,0,0.06010666681804219,12.657420090410957
10.97678203,5.07,817,345.0,0.6,0.0,0.0,0.0,0,0,0,0,0,0,0,0.005897435916425329,11.180821917808219
10.37361617,21.48,717,7779.0,83.6,1.0,0.0,0.0,0,0,1,0,0,0,0,0.2430633680440802,16.411073060273974
10.62132735,13.29,712,30362.0,46.4,1.0,0.0,0.0,0,1,0,0,0,0,0,0.7405365821715085,14.219178082191782
11.31447453,8.68,682,9.0,0.0,0.0,0.0,0.0,0,0,0,0,0,0,1,0.00010975609714899403,14.630022830136985
11.28978191,3.33,762,6628.0,7.3,1.0,0.0,0.0,0,0,0,0,0,1,0,0.08285000030290111,10.75605022739726
10.3155972,12.87,752,14857.0,31.3,2.0,1.0,0.0,0,1,0,0,0,0,0,0.49195364403852726,15.862899542465753
10.1266311,15.98,767,583.0,21.6,3.0,0.0,0.0,0,0,0,0,0,0,0,0.023320000089789857,10.29326484109589
10.80576049,17.67,722,27496.0,33.4,1.0,0.0,0.0,0,0,0,0,0,0,1,0.5576829480903494,9.862899542465753
10.57131693,9.29,712,3910.0,46.3,0.0,0.0,0.0,0,0,1,0,0,0,0,0.10025640976633521,16.931392693150684
10.43399815,11.19,757,10.0,0.1,3.0,0.0,0.0,1,0,0,0,0,1,0,0.0002941522530940452,6.904109589041096
11.02190247,5.67,752,40.0,1.7,0.0,0.0,0.0,0,0,0,0,0,0,1,0.0006535947702617104,4.931392693150685
10.97848998,0.51,702,276.0,0.8,2.0,0.0,0.0,0,0,0,0,0,0,1,0.004709897590033592,11.013584473972603
11.06929109,3.03,727,4483.0,72.3,0.0,0.0,0.0,1,1,0,0,0,0,0,0.06986130595820268,17.83550228219178
10.37349118,4.95,717,995.0,2.2,1.0,2.0,0.0,0,0,0,0,0,0,0,0.031093750055404816,26.21917808219178
10.79314679,10.11,662,15043.0,76.0,1.0,0.0,0.0,0,0,1,0,0,0,0,0.3089799953022858,13.232876712328768
10.77895629,12.43,682,5027.0,62.8,1.0,0.0,0.0,0,0,0,0,1,0,0,0.10472916665514939,5.342579909589041
11.09133097,8.8,717,27406.0,40.5,2.0,0.0,0.0,0,0,1,0,0,0,0,0.4177743923044413,6.328767123287672
10.71441777,24.75,722,28116.0,95.3,1.0,0.0,0.0,0,1,0,0,0,0,0,0.6247999992205345,16.931392693150684
10.26102213,7.22,702,0.0,0.0,2.0,1.0,0.0,0,0,0,0,0,0,0,0.0,4.52054794520548
11.81303006,15.56,722,95356.0,58.1,0.0,0.0,0.0,0,0,0,0,0,0,1,0.7063407389187812,32.465753424657535
11.00209984,8.64,702,3754.0,50.7,1.0,1.0,0.0,0,0,1,0,0,0,0,0.06256666674201183,11.917808219178083
11.6127708,24.03,667,36475.0,92.3,3.0,0.0,0.0,0,1,0,0,0,0,0,0.33009049771773286,12.98618721369863
10.69194491,1.94,822,3879.0,7.9,2.0,0.0,0.0,0,0,0,0,0,0,0,0.08815909116478737,31.72591323287671
11.26446411,11.52,717,12266.0,41.2,1.0,0.0,0.0,1,0,1,0,0,0,0,0.15725640957576179,11.83550228219178
10.91501573,14.34,772,5503.0,55.0,4.0,0.0,0.0,0,0,1,0,0,0,0,0.10006182310799101,11.588926939726026
11.2362229,13.97,682,9375.0,93.7,0.0,0.0,0.0,0,0,0,0,0,0,1,0.12363506841488171,9.964269405479453
10.81977828,24.94,687,8214.0,54.4,0.0,0.0,0.0,0,0,1,0,0,0,0,0.1642800007245214,10.10958904109589
10.55059079,10.71,662,3015.0,82.2,0.0,0.0,0.0,0,0,1,0,0,0,0,0.07892670193332256,12.575342465753424
11.1844214,20.87,662,12089.0,64.6,0.0,0.0,0.0,0,0,0,0,1,0,0,0.16790277744166876,8.958789953424658
11.22524339,3.22,682,15137.0,43.6,0.0,2.0,0.0,0,0,1,0,0,0,0,0.20182666717495668,8.712442923287671
10.73639668,21.65,747,5368.0,16.6,0.0,0.0,0.0,0,0,0,0,0,0,0,0.11669565164542547,8.136986301369863
10.52406404,23.27,667,11531.0,76.9,1.0,0.0,0.0,0,0,1,0,0,0,0,0.3099731183605464,8.219178082191782
11.50287513,3.83,762,10106.0,67.4,3.0,0.0,0.0,0,0,0,0,0,0,1,0.1020808079906429,16.60262556986301
11.36210258,13.86,757,46055.0,20.2,0.0,0.0,0.0,1,0,0,0,0,0,1,0.5355232532625304,12.41095890410959
10.74720759,5.7,677,8033.0,73.0,0.0,0.0,0.0,0,0,1,0,0,0,0,0.17275268844420577,22.602625569863015
9.998797732,11.73,677,1212.0,22.9,3.0,0.0,0.0,1,0,0,1,0,0,0,0.05509090910966495,9.698515980821918
11.09741002,20.25,772,9632.0,6.8,3.0,0.0,0.0,0,0,1,0,0,0,0,0.145939394086583,22.52054794520548
11.15625052,14.33,727,13823.0,79.9,0.0,0.0,0.0,0,0,0,0,0,0,0,0.1974714287751195,13.890296802739725
9.61580548,15.04,662,6553.0,96.0,3.0,0.0,0.0,0,0,0,1,0,0,0,0.43686666670351487,9.123287671232877
9.998797732,5.02,697,2614.0,52.3,0.0,0.0,0.0,0,0,0,0,0,0,0,0.11881818185863383,5.917694063013699
10.97164063,11.48,662,16052.0,88.2,3.0,0.0,0.0,1,0,1,0,0,0,0,0.27580756116333144,13.479452054794521
10.55841352,17.86,737,0.0,0.0,1.0,0.0,0.0,0,0,1,0,0,0,0,0.0,7.3151826493150685
10.77895629,9.8,712,5585.0,6.4,1.0,0.0,1.0,0,0,1,0,0,0,0,0.11635416665387097,11.753424657534246
10.59923136,22.53,682,408.0,2.1,3.0,2.0,0.0,0,0,0,0,0,0,0,0.010173548762439725,11.013698630136986
10.6214249,4.54,702,4693.0,75.2,0.0,0.0,0.0,0,0,0,0,0,0,0,0.11445224877895216,10.520662101369863
11.00209984,12.54,697,27860.0,89.4,3.0,0.0,0.0,0,0,1,0,0,0,0,0.46433333389250125,9.780821917808218
11.42954386,8.28,692,5559.0,58.5,2.0,0.0,1.0,0,0,0,0,0,0,0,0.06042391280366642,16.520662101369865
10.30895266,14.36,727,5028.0,40.2,0.0,0.0,0.0,0,0,1,0,0,0,0,0.16760000010798354,5.260388128767123
11.98292909,7.68,682,5350.0,87.7,3.0,0.0,0.0,0,1,0,0,0,0,0,0.03343750014097127,9.945205479452055
11.31447453,15.5,727,22164.0,96.8,1.0,0.0,0.0,0,1,0,0,0,0,0,0.27029268191225597,9.216552512328766
11.43932198,19.8,762,14494.0,29.6,6.0,0.0,0.0,0,0,0,0,0,0,0,0.1560105056124122,20.794520547945204
10.46310334,17.62,712,15755.0,88.5,0.0,0.0,0.0,0,0,1,0,0,0,0,0.45014285735512233,7.23299086849315
9.903487553,0.6,762,2000.0,11.4,0.0,0.0,0.0,0,0,0,1,0,0,0,0.09999999995361282,3.9452054794520546
11.36917056,20.12,682,25965.0,52.5,1.0,0.0,0.0,0,1,0,0,0,0,0,0.2997921722018931,7.6438356164383565
11.69524702,19.76,692,41077.0,60.0,0.0,1.0,0.0,0,0,1,0,0,0,0,0.34230833393722787,10.356278539726027
11.40756495,4.28,762,14442.0,28.3,0.0,0.0,0.0,0,0,0,0,0,0,0,0.16046666655633024,13.726027397260275
11.3736634,11.88,702,24216.0,73.8,3.0,0.0,0.0,1,0,0,1,0,0,0,0.2783448269284004,11.260388128767124
11.51292546,4.43,707,13175.0,46.9,2.0,0.0,0.0,0,0,0,0,0,0,0,0.13175000065482761,7.808219178082192
11.11274636,4.15,662,11574.0,75.6,1.0,0.0,0.0,0,0,1,0,0,0,0,0.17269471821762955,10.849315068493151
10.46310334,6.38,712,7740.0,37.6,1.0,0.0,0.0,0,0,0,0,0,0,0,0.2211428572471372,3.863013698630137
11.22524339,17.81,767,71386.0,11.6,0.0,0.0,0.0,0,0,0,0,0,0,0,0.9518133357304259,21.945205479452056
11.48246626,19.24,677,34093.0,93.7,0.0,0.0,0.0,0,1,0,0,0,0,0,0.35147422592034855,14.95890410958904
10.6214249,20.46,717,11437.0,41.6,0.0,0.0,0.0,0,0,1,0,0,0,0,0.27892400794478495,7.756164383561644
11.06663836,5.38,702,12945.0,76.6,2.0,0.0,1.0,1,0,0,0,1,0,0,0.2022656254736673,9.863013698630137
11.05089001,15.83,727,11306.0,44.7,1.0,1.0,0.0,0,0,1,0,0,0,0,0.1794603166300748,10.027397260273972
9.61580548,14.0,662,5617.0,87.8,0.0,0.0,0.0,1,0,0,0,0,0,0,0.3744666666982516,8.219292238356164
10.59663473,24.15,782,1478.0,10.4,0.0,0.0,0.0,0,0,0,0,0,0,1,0.03695000011439992,8.301484019178082
10.96819829,14.38,737,8886.0,17.8,0.0,1.0,0.0,0,1,0,0,0,0,0,0.1532068964794957,11.096004567123288
10.78931908,2.72,672,3273.0,69.6,1.0,0.0,0.0,1,0,1,0,0,0,0,0.06748453587499803,8.246689498630136
10.81977828,9.62,752,18917.0,33.2,0.0,0.0,0.0,0,0,1,0,0,0,0,0.3783400016685867,16.84931506849315
11.08214255,22.41,697,2611.0,7.8,0.0,6.0,0.0,0,0,0,0,0,0,0,0.0401692307241518,20.13710045753425
10.27931786,5.36,702,7020.0,42.0,0.0,1.0,0.0,0,0,0,0,0,0,0,0.24103831783108426,10.356278539726027
11.91839057,2.5,722,23165.0,31.7,0.0,2.0,0.0,0,0,0,0,0,0,1,0.15443333380873983,21.123401827397263
10.39696354,16.85,717,0.0,0.0,2.0,0.0,0.0,0,0,0,0,0,0,0,0.0,12.411073060273974
11.47210347,13.44,707,8272.0,33.2,3.0,0.0,0.0,0,0,0,0,0,0,0,0.08616666670543932,6.1808219178082195
10.82988702,14.59,707,3800.0,21.7,1.0,0.0,0.0,0,0,0,0,0,0,0,0.07523560613214882,11.096004567123288
10.59663473,15.75,697,13620.0,29.9,2.0,0.0,0.0,1,1,0,0,0,0,0,0.340500001054213,14.137100457534247
11.38509209,23.88,677,40726.0,83.0,1.0,0.0,1.0,1,1,0,0,0,0,0,0.4627954561468855,10.27408675890411
10.71441777,16.29,662,4373.0,81.0,0.0,0.0,2.0,0,0,0,0,0,0,0,0.09717777765654423,5.917808219178082
10.49127422,21.8,712,23772.0,84.0,0.0,0.0,0.0,1,1,0,0,0,0,0,0.6603333316417229,28.405593616438356
10.56746336,3.98,667,5490.0,12.2,0.0,0.0,0.0,0,0,1,0,0,0,0,0.14131274071863342,5.013698630136986
10.16585182,11.77,662,12597.0,63.0,1.0,0.0,0.0,0,0,0,0,1,0,0,0.4844999985482533,3.205593608219178
10.74181674,3.97,762,4361.0,7.3,1.0,0.0,0.0,0,1,0,0,0,0,0,0.09429189216916384,28.109703205479452
11.35040654,10.74,687,29381.0,88.2,2.0,0.0,1.0,1,0,1,0,0,0,0,0.34565882196442543,18.16449771780822
10.858999,15.42,727,25971.0,66.6,0.0,0.0,0.0,1,0,1,0,0,0,0,0.49944230647544835,10.287785389041096
11.56171563,5.04,707,2134.0,12.5,1.0,0.0,0.0,0,0,0,0,0,0,0,0.020323809506324144,9.945205479452055
11.40756495,8.93,772,126302.0,27.6,1.0,0.0,0.0,1,0,0,0,0,0,1,1.4033555545906122,15.474086758904111
10.83981618,13.81,672,29212.0,63.1,0.0,0.0,0.0,0,0,1,0,0,0,0,0.5726495715883332,8.3836758
11.38962725,24.94,692,27160.0,65.7,1.0,0.0,0.0,0,0,1,0,0,0,0,0.3072398185822958,13.632762556164382
11.71993963,5.84,662,13363.0,99.0,1.0,1.0,0.0,1,0,0,0,0,0,0,0.10864227689585287,17.013698630136986
10.81977828,19.73,692,12985.0,22.9,3.0,0.0,0.0,0,0,1,0,0,0,0,0.25970000114535063,9.205593608219178
11.00209984,7.24,697,3617.0,14.4,0.0,2.0,0.0,0,0,0,0,0,0,1,0.06028333340592883,14.3836758
10.97848998,5.58,757,19572.0,49.3,1.0,0.0,0.0,0,0,0,0,1,0,0,0.33399317258020816,20.794520547945204
10.35316092,19.33,777,2707.0,13.4,1.0,0.0,0.0,0,0,0,0,0,0,0,0.08633116428436068,7.150799087671233
11.46163217,9.79,807,0.0,0.0,2.0,0.0,0.0,0,0,0,0,0,0,0,0.0,20.465867580821918
10.6454249,10.6,692,1878.0,81.7,1.0,0.0,0.0,0,0,0,0,0,1,0,0.044714285592014735,8.465867580821918
11.00209984,23.46,717,44282.0,61.2,1.0,0.0,0.0,0,0,1,0,0,0,0,0.7380333342221013,9.32340182739726
10.81977828,12.14,677,12651.0,86.1,3.0,0.0,0.0,0,0,1,0,0,0,0,0.25302000111588996,6.082305936986301
10.59653473,0.0,687,0.0,,1.0,0.0,0.0,0,0,0,0,0,0,0,0.0,8.054908676712328
10.6454249,19.54,702,2689.0,14.5,1.0,0.0,0.0,0,0,1,0,0,0,0,0.06402380934873675,10.931506849315069
10.34595939,17.46,662,4922.0,65.6,0.0,0.0,0.0,0,0,0,0,0,0,0,0.1581060673173882,5.096004567123288
10.77895629,14.6,742,8900.0,49.2,0.0,0.0,0.0,0,0,1,0,0,0,0,0.185416666646276,20.13710045753425
11.42954386,12.63,727,27920.0,33.0,0.0,0.0,0.0,0,1,0,0,0,0,0,0.3034782596651136,15.123401827397261
10.1266311,11.04,692,9931.0,29.6,0.0,1.0,0.0,1,0,1,0,0,0,0,0.39724000152950784,23.109703197260274
11.00209984,6.48,782,52.0,1.5,0.0,0.0,0.0,0,0,0,0,0,0,1,0.0008666666677103397,7.068607306849315
11.22524339,22.08,692,23176.0,84.3,0.0,0.0,0.0,0,1,0,0,0,0,0,0.3090133341115674,8.054908676712328
11.59910316,14.38,702,56969.0,89.6,1.0,0.0,0.0,0,1,0,0,0,0,0,0.5226513767798664,15.452168950684932
11.00209984,9.94,757,23218.0,29.8,0.0,0.0,0.0,0,0,1,0,0,0,0,0.3869666671326667,13.726027397260275
10.93310697,12.94,702,388.0,6.2,0.0,0.0,0.0,0,0,0,1,0,0,0,0.006928571426612621,24.986301369863014
11.00209984,18.42,682,4170.0,59.2,0.0,1.0,0.0,0,0,1,0,0,0,0,0.06950000008369456,12.246689498630138
11.00209984,19.8,667,23555.0,60.3,1.0,0.0,1.0,1,0,1,0,0,0,0,0.39258333380609717,8.961643835616439
11.05089001,11.09,717,836.0,9.2,3.0,0.0,0.0,0,0,1,0,0,0,0,0.013269841208450603,9.863013698630137
10.82480563,13.09,717,2042.0,13.9,1.0,0.0,0.0,0,0,0,0,0,0,1,0.04063519844157123,3.4521689506849316
9.546812609,0.86,757,185.0,1.7,1.0,0.0,0.0,0,0,0,1,0,0,0,0.013214285708965587,4.854794520547945
11.51292546,15.01,687,25853.0,41.7,0.0,0.0,0.0,0,0,0,0,0,0,1,0.2585300012849532,14.05490867671233
10.27505111,4.34,687,3430.0,25.2,1.0,0.0,0.0,0,0,0,0,0,0,0,0.11827586194697715,6.246689498630137
11.22524339,11.58,707,20133.0,76.8,0.0,0.0,0.0,0,0,1,0,0,0,0,0.2684400006760522,11.917808219178083
10.87804719,16.35,662,6713.0,59.9,0.0,1.0,0.0,0,0,0,0,1,0,0,0.12666037767948074,24.73972602739726
11.08367983,14.91,662,3234.0,98.0,3.0,0.0,0.0,0,0,1,0,0,0,0,0.04967741926525349,12.66027397260274
10.70205455,3.08,677,4901.0,58.7,1.0,2.0,0.0,0,0,1,0,0,0,0,0.11026596089722981,14.794520547945206
10.91523391,12.85,667,18810.0,59.5,0.0,0.0,0.0,0,0,0,1,0,0,0,0.3419502611586362,11.101484019178082
11.35035948,21.12,722,30067.0,61.8,1.0,0.0,0.0,0,0,1,0,0,0,0,0.3537460570609203,20.13710045753425
11.35040654,1.5,792,4658.0,10.7,0.0,0.0,0.0,0,1,0,0,0,0,0,0.05479999975189046,12.246689498630138
11.31447453,0.0,747,3425.0,6.0,0.0,1.0,0.0,0,0,0,0,0,0,0,0.04176829252614495,21.698630136986303
11.69524702,20.67,662,69937.0,97.8,1.0,0.0,0.0,0,0,0,0,1,0,0,0.5828083343615139,16.438470320547946
11.28978191,24.77,712,12216.0,56.6,1.0,0.0,0.0,0,0,0,0,0,0,1,0.15270000055827398,10.27408675890411
10.87812266,8.87,692,5432.0,50.8,0.0,0.0,0.0,0,0,1,0,0,0,0,0.10248283162630642,12.0
12.4292162,10.51,712,89156.0,99.2,2.0,0.0,0.0,0,0,1,0,0,0,0,0.3566239988746311,10.931506849315069
11.3224427,18.06,682,23958.0,87.1,0.0,0.0,0.0,0,0,0,0,0,0,0,0.2898519151866289,8.301484019178082
10.9241383,8.95,772,4975.0,21.0,0.0,0.0,0.0,0,0,0,0,1,0,0,0.0896396396158427,20.301484019178083
11.75978554,16.62,712,46663.0,47.4,1.0,0.0,0.0,1,0,0,0,0,0,1,0.36455468855784834,21.616552512328767
10.63969422,21.55,672,4332.0,98.5,0.0,0.0,1.0,1,0,1,0,0,0,0,0.1037356324491102,14.95890410958904
11.15625052,0.26,807,495.0,4.9,1.0,0.0,0.0,0,0,0,0,0,0,1,0.007071428578722719,18.0
10.61820051,24.43,717,28473.0,26.6,1.0,0.0,0.0,0,0,1,0,0,0,0,0.6966382860827901,10.684931506849315
11.22524339,11.98,677,6372.0,95.7,1.0,0.0,0.0,0,0,1,0,0,0,0,0.08496000021396735,14.137100457534247
11.23848862,22.97,697,47039.0,89.5,0.0,0.0,0.0,1,0,0,0,0,0,1,0.6189342100735457,11.753424657534246
10.73639668,12.5,667,12376.0,97.4,1.0,0.0,0.0,0,0,1,0,0,0,0,0.269043477042434,5.096004567123288
11.69524702,3.91,742,20892.0,33.2,1.0,0.0,0.0,0,0,0,0,1,0,0,0.17410000030714426,11.260388128767124
11.69524702,3.02,667,4339.0,13.7,1.0,3.0,0.0,0,0,1,0,0,0,0,0.03615833339712325,9.01095890410959
11.65268741,8.42,742,94699.0,54.2,3.0,0.0,0.0,0,0,0,0,0,0,1,0.8234695630313981,20.054794520547944
11.00209984,8.66,712,13103.0,53.5,0.0,0.0,1.0,0,1,0,0,0,0,0,0.21838333359631887,12.904109589041095
10.69194491,14.37,732,14869.0,46.9,0.0,0.0,0.0,0,1,0,0,0,0,0,0.33793181916195497,7.150799087671233
11.60827201,17.82,722,28631.0,54.9,0.0,0.0,0.0,0,1,0,0,0,0,0,0.2602723531469204,28.19189498630137
10.81977828,11.16,717,12941.0,96.6,0.0,0.0,0.0,0,0,1,0,0,0,0,0.2588200011414696,9.452168950684932
11.22524339,11.9,752,5263.0,48.7,0.0,0.0,0.0,0,0,0,0,0,0,1,0.07017333351006123,8.794520547945206
11.00209984,17.14,672,13853.0,73.3,1.0,0.0,0.0,0,0,1,0,0,0,0,0.23088333361137187,27.863013698630137
11.04574983,3.56,722,3567.0,66.1,2.0,0.0,0.0,0,0,0,0,0,0,1,0.05691082871386016,22.191894978082193
10.93310697,5.36,737,2707.0,56.4,0.0,0.0,0.0,0,0,1,0,0,0,0,0.048339285700619496,9.780821917808218
11.15625052,10.35,682,7198.0,29.1,2.0,3.0,0.0,0,0,1,0,0,0,0,0.10282857153463866,8.712328767123287
10.45045222,16.22,747,21626.0,64.0,0.0,0.0,0.0,0,0,1,0,0,0,0,0.6257523166407546,21.616552512328767
11.14919713,20.15,692,51489.0,77.9,2.0,0.0,0.0,1,0,0,1,0,0,0,0.7407636552100368,14.3836758
11.60823564,10.92,702,25717.0,33.9,3.0,0.0,0.0,0,1,0,0,0,0,0,0.2337909102071562,14.712328767123287
11.21182037,19.83,667,52639.0,79.2,3.0,0.0,0.0,0,0,1,0,0,0,0,0.7113378393930406,10.109703197260274
11.71177632,14.72,727,73534.0,31.6,2.0,0.0,0.0,0,0,1,0,0,0,0,0.6027377071574405,10.684931506849315
10.59663473,6.59,697,1262.0,42.1,0.0,0.0,0.0,0,0,1,0,0,0,0,0.03155000009768112,6.328881279452054
10.59663473,5.43,687,1434.0,13.7,0.0,1.0,0.0,0,0,0,0,0,0,0,0.035850000110994235,8.137100457534247
11.22524339,1.84,702,5104.0,44.4,1.0,0.0,0.0,0,0,1,0,0,0,0,0.06805333350472213,14.876712328767123
11.69524702,2.82,727,13417.0,31.3,1.0,1.0,0.0,0,0,0,0,1,0,0,0.1118083335305837,18.328881279452055
11.91839057,2.92,827,84236.0,4.6,0.0,0.0,0.0,0,0,0,0,1,0,0,0.5615733350620767,24.008219178082193
11.8493977,11.97,742,2796.0,6.1,4.0,0.0,0.0,0,0,0,0,0,0,1,0.01997142860321191,17.501484019178083
10.70957048,22.78,692,19270.0,97.3,1.0,0.0,1.0,0,1,0,0,0,0,0,0.4303029779212461,23.260388128767122
11.00209984,1.28,702,4980.0,55.3,1.0,0.0,0.0,0,0,0,0,1,0,0,0.08300000009995177,3.5343607315068493
10.30895266,23.12,662,7333.0,71.9,3.0,0.0,0.0,0,0,1,0,0,0,0,0.24443333349082008,3.2877853890410957
10.21097225,7.19,682,5091.0,57.2,0.0,0.0,0.0,0,0,1,0,0,0,0,0.18716911807456982,5.096004567123288
10.54534144,1.96,787,507.0,0.3,7.0,0.0,0.0,0,0,0,0,0,0,0,0.013342105245926876,23.673972602739727
9.878169745,9.23,772,5783.0,25.4,2.0,0.0,0.0,0,0,1,0,0,0,0,0.2965641024311941,14.219292238356166
11.69524702,7.92,717,111055.0,87.2,1.0,0.0,0.0,0,0,1,0,0,0,0,0.9254583349660112,16.60285388219178
11.12726298,5.29,687,10870.0,80.5,0.0,1.0,0.0,0,1,0,0,0,0,0,0.1598529418411782,10.27408675890411
11.00209984,16.52,687,4121.0,71.0,0.0,1.0,0.0,0,1,0,0,0,0,0,0.06868333341604442,8.054908676712328
11.12726298,4.29,697,9273.0,19.7,1.0,0.0,0.0,0,0,1,0,0,0,0,0.13636764762587356,4.684931506849315
10.81977828,8.47,782,14020.0,38.5,0.0,0.0,0.0,0,1,0,0,0,0,0,0.28040000123664355,13.561757991780823
10.71441777,0.0,782,0.0,0.0,3.0,0.0,0.0,0,0,0,0,0,0,0,0.0,12.328881279452055
11.47210347,13.95,722,1175.0,22.2,1.0,0.0,0.0,0,0,0,0,0,0,1,0.012239583338840813,3.120662101369863
10.81977828,5.52,722,3943.0,12.2,2.0,0.0,0.0,0,0,0,0,0,1,0,0.07886000034779496,7.071347032876712
11.08220409,21.03,702,18273.0,85.4,1.0,0.0,0.0,0,0,0,0,0,0,0,0.2811057768257788,10.27408675890411
10.43399815,1.66,732,2221.0,34.2,3.0,0.0,0.0,0,0,0,0,0,1,0,0.06533121541218743,9.005479452054795
10.57867441,5.53,697,14922.0,43.8,1.0,0.0,0.0,1,0,1,0,0,0,0,0.3798106283334383,4.520662101369863
10.85892207,18.19,682,26282.0,68.6,1.0,0.0,0.0,0,0,1,0,0,0,0,0.5054619593845011,9.205593608219178
11.77528973,11.06,672,42125.0,50.7,3.0,0.0,0.0,0,0,0,0,0,0,0,0.32403846135626074,22.44394977260274
11.1844214,3.52,712,16122.0,97.7,0.0,0.0,0.0,0,0,1,0,0,0,0,0.22391666621842865,8.95890410958904
11.51292546,10.6,752,18640.0,44.9,0.0,0.0,0.0,0,1,0,0,0,0,0,0.1864000009264506,19.079566210958905
10.64799303,23.88,747,634.0,14.4,2.0,0.0,0.0,0,0,0,0,0,0,0,0.015056521256420404,12.0
11.27720313,18.14,692,7987.0,42.5,3.0,0.0,0.0,1,0,1,0,0,0,0,0.10110126596929656,12.16449771780822
11.05089001,13.81,672,5034.0,45.4,3.0,1.0,1.0,1,1,0,0,0,0,0,0.0799047615350961,7.890410958904109
11.40756495,13.63,687,51664.0,18.0,2.0,0.0,0.0,1,0,0,0,0,0,1,0.5740444440497331,22.191894978082193
10.70099475,17.03,672,7837.0,41.2,2.0,1.0,0.0,0,1,0,0,0,0,0,0.17650900873018063,7.3151826493150685
10.85892207,3.67,807,1631.0,1.3,1.0,0.0,0.0,0,0,0,0,0,0,0,0.03136779757081353,15.04109589041096
11.51588109,11.13,697,9935.0,16.5,0.0,0.0,0.0,0,0,1,0,0,0,0,0.09905679217293684,13.482305936986302
10.93310697,7.85,747,2839.0,35.0,0.0,0.0,0.0,0,0,1,0,0,0,0,0.050696428557095954,11.178196347945205
10.858999,19.87,707,9423.0,31.3,0.0,0.0,0.0,0,1,0,0,0,0,0,0.1812115380200281,18.73972602739726
11.93031914,15.72,692,37008.0,56.2,0.0,1.0,0.0,0,1,0,0,0,0,0,0.24379446736460617,13.150799087671235
10.49127422,19.03,732,13871.0,38.6,1.0,0.0,0.0,0,0,1,0,0,0,0,0.3853055545684982,11.271347032876713
10.72165816,2.57,677,1864.0,44.4,0.0,2.0,0.0,0,0,0,0,0,0,0,0.041123392255397864,8.548059361643835
10.91508846,18.92,672,20619.0,59.4,0.0,0.0,0.0,0,0,1,0,0,0,0,0.3748909106709274,4.602739726027397
11.29476946,3.67,772,6495.0,0.0,1.0,0.0,0.0,0,1,0,0,0,0,0,0.0807835816991299,12.082191780821917
10.71441777,18.83,722,21526.0,55.5,3.0,0.0,0.0,0,1,0,0,0,0,0,0.47835555495878596,10.027397260273972
10.53049493,17.18,682,4548.0,81.2,0.0,1.0,0.0,0,0,1,0,0,0,0,0.12147435904621455,12.575456621917809
11.62621844,7.77,712,4923.0,29.0,2.0,0.0,0.0,0,0,0,0,0,0,0,0.0439569268288733,10.109703197260274
11.15625052,11.78,732,7875.0,25.8,3.0,0.0,0.0,0,0,0,0,0,0,1,0.11250000011604326,15.526141553424658
9.210340372,21.84,697,5032.0,47.5,0.0,0.0,0.0,0,1,0,0,0,0,0,0.5031999999880155,9.945205479452055
10.78931908,14.57,662,15563.0,50.9,1.0,1.0,0.0,0,0,1,0,0,0,0,0.3208865969516023,16.520662101369865
10.23995979,12.3,742,11679.0,51.2,2.0,0.0,0.0,0,0,1,0,0,0,0,0.41710714250566366,12.328881279452055
10.5454467,2.34,712,647.0,17.5,1.0,0.0,0.0,1,0,0,1,0,0,0,0.01702452367180656,7.23299086849315
11.2009507,11.36,732,737.0,73.7,2.0,0.0,0.0,0,0,0,0,0,0,0,0.010068306010419536,6.821917808219178
11.08214255,4.95,687,12379.0,91.7,0.0,1.0,0.0,0,0,1,0,0,0,0,0.19044615363243017,13.232990868493152
11.00209984,2.88,762,3123.0,10.4,0.0,0.0,0.0,0,0,0,0,1,0,0,0.052050000062680596,9.452168950684932
11.00209984,21.82,692,22252.0,80.2,2.0,1.0,0.0,0,0,0,0,0,0,1,0.3708666671132785,26.71232876712329
11.41861479,13.32,737,14411.0,20.9,0.0,0.0,0.0,0,1,0,0,0,0,0,0.15836263664984515,4.767123287671233
11.53272809,13.56,707,32024.0,63.8,1.0,0.0,0.0,0,0,0,0,0,0,0,0.3139607850252885,16.27408675890411
11.2185544,19.01,692,16390.0,89.6,0.0,0.0,1.0,0,0,1,0,0,0,0,0.22000000096088312,12.328881279452055
11.22524339,11.25,747,13816.0,23.7,6.0,0.0,0.0,0,0,1,0,0,0,0,0.18421333379726507,19.972602739726028
10.96812932,9.48,692,14066.0,24.3,3.0,0.0,0.0,0,0,1,0,0,0,0,0.24253396825593102,10.520662101369863
10.93310697,0.73,742,2240.0,5.1,2.0,0.0,0.0,0,0,0,0,0,0,1,0.03999999998869142,6.493264841095891
11.32328922,0.22,807,106.0,0.5,0.0,0.0,0.0,0,0,0,0,0,0,1,0.0012813383954483352,9.616552512328767
10.30895266,21.76,762,19291.0,34.1,0.0,0.0,0.0,0,0,1,0,0,0,0,0.6430333337476354,14.46586758082192
10.23995979,14.77,692,7443.0,23.0,3.0,0.0,0.0,0,0,0,1,0,0,0,0.26582142834743167,4.931506849315069
11.25161265,18.56,682,18661.0,76.5,0.0,0.0,0.0,0,0,1,0,0,0,0,0.24233805976398937,9.780821917808218
11.22524339,6.88,767,0.0,0.0,0.0,0.0,0.0,1,1,0,0,0,0,0,0.0,7.561757991780822
10.81985828,8.74,692,20248.0,27.7,0.0,0.0,0.0,1,0,1,0,0,0,0,0.4049276062816828,5.178196347945206
11.91839057,6.82,682,0.0,0.0,0.0,0.0,0.0,0,0,0,0,0,0,1,0.0,13.64394977260274
11.05366789,19.13,667,55188.0,98.3,3.0,0.0,0.0,1,0,1,0,0,0,0,0.8735699498294921,11.753424657534246
10.81977828,14.34,747,178.0,0.5,2.0,0.0,0.0,0,0,0,0,0,0,1,0.0035600000157006094,5.422031964383562
10.8731105,14.84,782,9589.0,12.6,0.0,0.0,0.0,0,0,0,0,1,0,0,0.1818199053521885,10.684931506849315
9.798127037,6.27,687,3289.0,32.6,1.0,0.0,0.0,1,0,0,0,0,0,0,0.18272222219998516,9.794520547945206
11.60357023,23.61,692,24417.0,77.5,2.0,0.0,0.0,0,0,1,0,0,0,0,0.223010741615025,30.246689506849318
11.70949504,7.29,752,16405.0,21.1,0.0,0.0,0.0,0,0,0,0,1,0,0,0.13477432114537263,7.980821917808219
10.59663473,19.2,697,5396.0,89.9,3.0,0.0,0.0,0,0,0,0,0,0,0,0.13490000041766032,8.95890410958904
10.92823799,1.38,782,3153.0,23.7,0.0,0.0,0.0,0,1,0,0,0,0,0,0.056578380853718656,11.972602739726028
11.6351431,3.94,662,31852.0,80.6,3.0,1.0,0.0,1,1,0,0,0,0,0,0.28187610554481846,12.411073060273974
10.66895539,10.1,682,8787.0,44.4,1.0,2.0,0.0,0,0,1,0,0,0,0,0.20434883816477592,11.917808219178083
11.05089001,9.03,667,1026.0,51.3,0.0,1.0,0.0,0,0,0,0,0,0,0,0.016285714210371196,32.054794520547944
12.10071213,6.24,747,60936.0,24.7,2.0,0.0,0.0,1,0,0,0,0,0,1,0.33853333329011875,9.863013698630137
11.40756495,10.55,767,2887.0,60.1,3.0,0.0,0.0,0,1,0,0,0,0,0,0.03207777775572119,39.945205479452056
11.64395373,0.45,772,755.0,1.6,0.0,0.0,0.0,0,0,0,0,1,0,0,0.006622807000169804,17.106963471232877
11.1124479,11.62,667,6219.0,57.1,3.0,0.0,0.0,0,0,0,0,0,0,0,0.09282089537137808,11.917808219178083
11.3736634,7.66,707,15565.0,81.5,0.0,0.0,0.0,0,0,1,0,0,0,0,0.17890804555420187,18.904109589041095
11.77528973,10.2,717,29601.0,55.1,2.0,0.0,0.0,1,0,1,0,0,0,0,0.22769999987196854,23.178196347945203
11.22524339,11.47,707,17565.0,53.9,0.0,0.0,0.0,0,0,1,0,0,0,0,0.23420000058982057,9.945205479452055
10.9675084,13.77,672,21159.0,76.1,0.0,0.0,0.0,0,1,0,0,0,0,0,0.36506211049965664,8.137100457534247
9.862665558,9.63,707,6949.0,81.8,1.0,0.0,0.0,0,0,1,0,0,0,0,0.36192708333907825,9.369977169863013
10.77895629,0.75,732,542.0,60.2,0.0,0.0,0.0,0,0,0,0,0,0,0,0.0112916666654249,10.109703197260274
11.77581267,5.07,712,11840.0,56.1,0.0,0.0,0.0,1,0,0,0,0,0,0,0.09102930771064671,12.246689498630138
11.22524339,13.42,742,29258.0,1.6,0.0,0.0,0.0,0,0,1,0,0,0,0,0.3901066676491301,18.657648402739728
11.08214255,12.14,687,18734.0,62.0,2.0,0.0,1.0,0,0,0,0,0,0,0,0.28821538429194177,24.32888127945205
10.43399815,13.38,742,7713.0,32.4,1.0,0.0,0.0,0,1,0,0,0,0,0,0.22687963281143705,9.12340182739726
10.10435114,22.28,687,2842.0,47.4,0.0,0.0,0.0,1,0,0,0,0,0,0,0.11624121220088116,18.49600456712329
12.4049235,20.01,692,77179.0,82.5,1.0,0.0,0.0,0,0,1,0,0,0,0,0.31630737840150136,19.972602739726028
11.08214255,5.19,682,15005.0,64.1,2.0,0.0,1.0,0,0,1,0,0,0,0,0.23084615358709223,5.835616438356165
10.858999,19.45,707,18310.0,56.7,0.0,0.0,0.0,0,0,1,0,0,0,0,0.3521153837574779,10.460388128767123
11.22524339,9.1,707,11136.0,42.7,1.0,0.0,1.0,0,0,0,0,1,0,0,0.14848000037393919,17.096004567123288
10.81985828,10.63,677,14761.0,77.3,0.0,1.0,0.0,0,0,1,0,0,0,0,0.29519638464657844,12.246689498630138
11.24630014,13.39,697,31834.0,71.5,2.0,0.0,0.0,0,0,1,0,0,0,0,0.41560916813191956,11.917808219178083
10.74720759,23.69,712,147.0,0.5,3.0,0.0,0.0,0,1,0,0,0,0,0,0.0031612903275610913,17.42477169041096
10.69194491,17.59,787,406.0,1.2,0.0,0.0,0.0,0,0,0,0,0,1,0,0.009227272754035492,15.802739726027397
10.77895629,14.54,742,3865.0,34.2,0.0,0.0,0.0,0,1,0,0,0,0,0,0.08052083332447829,20.169977169863014
10.49127422,21.93,667,15977.0,83.6,0.0,0.0,0.0,0,1,0,0,0,0,0,0.4438055544186357,3.3699771698630134
10.41271189,13.77,687,6557.0,52.9,2.0,0.0,0.0,0,0,0,0,0,0,1,0.1970252413569634,8.301484019178082
10.4341158,23.86,742,0.0,0.0,0.0,1.0,0.0,0,0,0,0,0,0,0,0.0,13.726027397260275
10.25765937,24.63,687,3206.0,80.1,2.0,0.0,0.0,0,0,0,1,0,0,0,0.11249122764909165,6.164497717808219
11.91839057,13.29,697,93265.0,76.4,1.0,0.0,0.0,0,0,0,0,0,0,0,0.6217666685807088,6.164497717808219
10.53209621,16.64,752,20738.0,40.6,0.0,0.0,0.0,0,1,0,0,0,0,0,0.5530133344164108,10.684931506849315
11.91839057,14.47,722,42053.0,66.6,0.0,0.0,0.0,0,0,0,0,0,0,1,0.2803533341963711,12.904109589041095
10.23995979,1.76,772,1292.0,4.3,1.0,0.0,0.0,0,0,0,0,0,1,0,0.046142857103974436,6.328881279452054
11.54248427,8.55,777,2340.0,5.5,1.0,0.0,0.0,0,0,0,1,0,0,0,0.022718446538597576,14.876712328767123
9.210340372,19.68,752,603.0,6.2,0.0,0.0,0.0,0,0,0,1,0,0,0,0.060299999998563864,3.0712328767123287
10.91508846,6.76,737,5287.0,18.4,0.0,0.0,0.0,0,0,0,0,0,0,0,0.09612727313241153,9.12340182739726
11.7829526,17.68,707,51973.0,95.0,3.0,0.0,0.0,0,0,1,0,0,0,0,0.3967404588814662,11.42477169041096
10.03801845,16.89,717,555.0,23.1,0.0,0.0,0.0,0,1,0,0,0,0,0,0.02425699289768457,22.191894978082193
11.77528973,19.37,757,32255.0,31.6,0.0,0.0,0.0,0,1,0,0,0,0,0,0.24811538447587397,23.753424657534246
10.59663473,21.63,682,15615.0,87.7,3.0,0.0,1.0,1,0,1,0,0,0,0,0.39037500120862967,20.219292238356164
11.64395373,15.02,702,18071.0,65.5,2.0,0.0,1.0,0,0,1,0,0,0,0,0.15851754344379937,24.32888127945205
11.05089001,7.85,712,8854.0,68.1,0.0,0.0,0.0,0,0,1,0,0,0,0,0.14053968188949958,16.684931506849313
11.26446411,14.52,742,45953.0,57.8,2.0,0.0,0.0,0,0,1,0,0,0,0,0.5891410230910632,12.904109589041095
10.81977828,7.39,692,6519.0,98.8,1.0,0.0,0.0,0,0,1,0,0,0,0,0.13038000057501278,13.232990868493152
11.38509209,12.78,722,19457.0,63.6,0.0,0.0,0.0,0,0,0,0,0,0,1,0.22110227349236242,7.23299086849315
10.71441777,14.24,737,14429.0,28.2,0.0,0.0,0.0,0,0,1,0,0,0,0,0.32064444404442644,6.252168950684932
9.680344001,21.6,702,14052.0,98.3,2.0,0.0,0.0,1,0,1,0,0,0,0,0.8782500001948998,19.643949772602742
11.46163217,22.68,712,27844.0,89.8,2.0,0.0,0.0,0,0,0,0,0,0,1,0.29309473701288513,8.219292238356164
10.77895629,14.88,722,5930.0,21.4,1.0,0.0,0.0,0,0,1,0,0,0,0,0.12354166665308054,7.890410958904109
10.27518903,3.06,712,19349.0,86.4,0.0,1.0,0.0,0,0,0,0,0,0,0,0.6671148810339854,9.04109589041096
10.41271189,18.5,707,10160.0,29.8,3.0,0.0,0.0,0,0,0,1,0,0,0,0.30528846304510415,11.178196347945205
10.57131693,10.55,717,2255.0,21.3,0.0,0.0,0.0,0,0,0,0,1,0,0,0.057820512537873625,3.1261415534246573
10.54534144,11.27,712,7572.0,17.1,2.0,0.0,0.0,0,1,0,0,0,0,0,0.1992631576373931,20.794520547945204
10.23995979,20.23,702,2259.0,23.1,3.0,0.0,0.0,0,0,0,0,0,1,0,0.08067857136058688,3.616552512328767
11.69524702,24.5,712,81833.0,84.6,0.0,0.0,0.0,0,1,0,0,0,0,0,0.6819416678697365,17.589155252054795
11.09741002,7.75,727,17088.0,85.4,1.0,0.0,0.0,0,1,0,0,0,0,0,0.258909091170217,20.219292238356164
11.91839057,13.61,672,16473.0,94.1,2.0,2.0,0.0,0,0,1,0,0,0,0,0.10982000033806913,13.232990868493152
11.75194237,11.85,662,28218.0,85.0,2.0,0.0,0.0,0,0,0,0,1,0,0,0.22218897536493282,12.082191780821917
12.07254125,9.59,742,4.0,0.0,1.0,0.0,1.0,0,0,0,0,0,0,1,2.285714292355773e-05,26.30148401917808
11.91839057,7.47,737,16912.0,30.7,0.0,0.0,0.0,0,1,0,0,0,0,0,0.11274666701374522,16.84931506849315
11.15625052,11.64,707,12142.0,38.2,0.0,0.0,0.0,0,0,1,0,0,0,0,0.17345714303606316,4.684931506849315
11.27720313,16.74,682,13596.0,49.3,1.0,0.0,0.0,0,0,1,0,0,0,0,0.1721012660721868,3.9452054794520546
11.45105006,16.46,702,24400.0,32.4,1.0,0.0,0.0,0,0,1,0,0,0,0,0.2595744684101302,8.630251142465754
10.4341158,7.52,712,8960.0,35.3,0.0,0.0,0.0,0,0,0,0,0,0,0,0.26352941271296315,3.1234018273972604
11.00209984,21.09,692,1361.0,11.1,1.0,0.0,1.0,0,0,1,0,0,0,0,0.02268333336064947,10.356278539726027
11.51292546,0.71,787,3520.0,6.8,1.0,0.0,0.0,0,0,0,0,0,0,1,0.03520000017495204,15.04109589041096
11.05089001,7.03,667,31590.0,80.8,0.0,0.0,0.0,1,0,0,0,0,0,1,0.5014285691087973,6.164497717808219
12.00701176,15.02,762,141165.0,59.5,1.0,0.0,0.0,1,0,0,0,0,0,1,0.8612873744233176,20.465867580821918
10.71441777,15.25,677,23951.0,97.4,0.0,0.0,0.0,1,0,1,0,0,0,0,0.5322444437804461,10.60285388219178
11.53272809,20.21,727,8776.0,25.2,2.0,0.0,0.0,1,0,1,0,0,0,0,0.08603921588127442,25.23299086849315
11.20775808,15.99,707,40868.0,66.6,0.0,0.0,0.0,1,0,1,0,0,0,0,0.5545183164927427,9.205593608219178
10.1266311,19.15,737,10485.0,36.2,0.0,0.0,0.0,1,0,1,0,0,0,0,0.4194000016148313,16.520662101369865
11.15625052,11.97,672,11260.0,69.9,1.0,0.0,1.0,0,0,1,0,0,0,0,0.1608571430230663,20.035616438356165
11.00209984,6.16,727,100.0,0.5,0.0,1.0,1.0,0,0,1,0,0,0,0,0.0016666666686737303,22.767123287671232
10.59663473,23.01,797,10538.0,13.9,0.0,0.0,0.0,0,0,1,0,0,0,0,0.26345000081566056,14.3836758
10.81985828,0.36,757,49.0,0.5,2.0,3.0,0.0,0,0,0,0,0,0,0,0.0009799216074576481,8.794520547945206
11.09741002,10.76,792,0.0,0.0,7.0,0.0,0.0,1,0,0,0,0,0,1,0.0,16.027397260273972
10.858999,7.52,752,9856.0,13.3,7.0,0.0,0.0,0,1,0,0,0,0,0,0.18953846107666317,9.12340182739726
10.59653473,15.75,662,13072.0,90.2,0.0,0.0,0.0,0,0,1,0,0,0,0,0.3268326826459524,7.23299086849315
12.09158169,22.49,662,45496.0,62.7,2.0,0.0,0.0,0,1,0,0,0,0,0,0.25507389257067253,12.904109589041095
11.28978191,12.07,667,9229.0,93.2,1.0,0.0,0.0,0,1,0,0,0,0,0,0.1153625004217674,9.61381278630137
11.65268741,13.74,727,40110.0,2.9,0.0,0.0,0.0,0,0,0,0,0,0,1,0.3487826077697692,25.24394977260274
10.71441777,21.87,697,6569.0,22.3,2.0,0.0,0.0,0,0,1,0,0,0,0,0.14597777759566408,8.054794520547945
11.12732181,3.99,702,468.0,7.2,1.0,1.0,0.0,0,0,0,0,0,0,0,0.006881948092879332,13.808219178082192
10.59663473,6.15,732,1101.0,3.3,2.0,0.0,0.0,0,0,0,0,1,0,0,0.027525000085219423,21.041095890410958
10.30895266,9.48,707,14058.0,22.7,0.0,0.0,0.0,0,0,0,0,0,0,0,0.4686000003019158,6.986301369863014
10.83958091,18.71,672,18540.0,62.4,2.0,0.0,0.0,1,0,1,0,0,0,0,0.3635294123850551,12.986301369863014
10.49127422,21.5,702,1478.0,12.2,0.0,0.0,0.0,1,0,0,0,0,0,1,0.04105555545038139,4.27408675890411
11.00209984,21.32,682,7168.0,23.3,1.0,0.0,0.0,1,0,1,0,0,0,0,0.11946666681053299,8.465867580821918
12.10071213,10.07,717,61676.0,28.5,2.0,0.0,0.0,1,0,0,0,0,0,1,0.3426444444007051,9.945205479452055
11.22132693,3.53,712,9826.0,42.7,1.0,0.0,1.0,0,0,1,0,0,0,0,0.13152744824148072,25.56175799178082
11.35040654,7.81,752,2001.0,12.1,1.0,0.0,0.0,0,0,0,1,0,0,0,0.02354117636400447,7.150799087671233
10.44461927,15.51,727,15689.0,37.9,2.0,0.0,0.0,0,0,1,0,0,0,0,0.456619809435977,8.586415526027396
10.81977828,15.46,747,15303.0,48.9,1.0,0.0,0.0,0,0,0,0,0,0,1,0.3060600013498114,18.24668949863014
11.00209984,14.08,672,2490.0,49.8,1.0,1.0,0.0,0,0,0,0,0,0,0,0.04150000004997589,10.438470320547944
10.08580911,21.15,692,1888.0,82.1,0.0,0.0,0.0,0,0,0,0,0,0,0,0.07866666661396653,4.520662101369863
11.17890622,11.93,792,4931.0,8.5,6.0,0.0,0.0,0,0,0,0,0,0,0,0.06886486769923489,13.972602739726028
8.342839804,0.0,687,0.0,,0.0,0.0,0.0,0,0,0,1,0,0,0,0.0,3.391894978082192
10.81977828,20.83,692,10634.0,57.5,2.0,0.0,0.0,0,0,0,0,0,0,0,0.21268000093797912,4.027397260273973
12.07254125,4.16,727,44331.0,86.8,3.0,0.0,0.0,0,1,0,0,0,0,0,0.2533200007360594,19.786301369863015
10.59350484,17.73,747,2895.0,19.6,0.0,0.0,0.0,0,0,1,0,0,0,0,0.07260188088406992,14.876712328767123
11.55214618,5.52,762,1900.0,38.0,4.0,0.0,0.0,0,0,0,0,0,0,1,0.01826923073494875,23.64394977260274
10.73639668,16.33,727,13592.0,25.7,1.0,1.0,0.0,0,1,0,0,0,0,0,0.29547825953141266,11.917808219178083
10.23981692,22.97,742,11488.0,22.3,0.0,0.0,0.0,0,0,1,0,0,0,0,0.4103443356474755,12.246689498630138
11.00209984,12.2,762,5264.0,28.8,2.0,0.0,0.0,0,0,1,0,0,0,0,0.08773333343898516,10.10958904109589
10.23981692,20.75,717,12496.0,57.3,0.0,0.0,0.0,0,0,0,0,0,1,0,0.446349479304566,7.441210046575343
11.14186178,7.1,732,18831.0,48.5,1.0,0.0,0.0,0,0,0,0,1,0,0,0.27291304445512504,8.712328767123287
11.14186178,18.12,677,17085.0,81.4,0.0,0.0,0.0,0,0,1,0,0,0,0,0.2476086965384638,6.575456621917808
11.77528973,5.18,707,26652.0,80.5,2.0,0.0,0.0,0,1,0,0,0,0,0,0.2050153845001083,11.260388128767124
10.59653473,8.55,672,3469.0,56.9,1.0,0.0,1.0,1,0,1,0,0,0,0,0.08673367320217326,12.657648402739728
11.15619338,1.08,757,3416.0,8.6,1.0,0.0,0.0,0,0,0,0,0,0,1,0.04880278856200693,11.59463470410959
10.4341158,17.12,742,7005.0,40.0,0.0,0.0,0.0,0,1,0,0,0,0,0,0.20602941250606102,6.657648402739726
11.28983191,1.62,692,4526.0,20.6,0.0,0.0,1.0,0,0,0,0,0,0,0,0.056572171527546476,7.890410958904109
10.72555551,14.24,722,8511.0,71.5,2.0,0.0,0.0,0,0,1,0,0,0,0,0.1870385027012912,9.698744293150686
11.08214255,9.62,797,4002.0,12.4,0.0,0.0,0.0,0,0,1,0,0,0,0,0.06156923070013616,32.38367580821918
11.03488966,8.52,797,1309.0,3.3,0.0,0.0,0.0,0,0,0,0,0,0,0,0.021112903310832955,11.095890410958905
10.18111929,20.14,692,11307.0,82.8,0.0,0.0,0.0,0,0,1,0,0,0,0,0.4282954541747253,5.32054794520548
10.08580911,14.15,667,9603.0,96.0,1.0,0.0,0.0,0,0,0,0,0,1,0,0.4001249997319495,9.452168950684932
10.91501573,21.41,727,17102.0,73.1,1.0,0.0,0.0,0,0,1,0,0,0,0,0.31096807174138874,10.685045663013698
11.2515607,7.75,712,6907.0,54.3,0.0,0.0,1.0,0,1,0,0,0,0,0,0.08970129877627286,17.095890410958905
11.08214255,1.62,732,3005.0,50.1,0.0,1.0,0.0,0,0,1,0,0,0,0,0.04623076917888785,15.37545662191781
11.53479458,10.51,727,37281.0,69.4,1.0,0.0,0.0,0,0,1,0,0,0,0,0.36474547860648165,28.767123287671232
10.37361617,21.3,692,14629.0,93.8,1.0,0.0,0.0,0,0,0,0,0,0,0,0.45709911442561374,6.169977169863014
10.73630972,21.34,687,18049.0,66.8,2.0,0.0,0.0,0,0,1,0,0,0,0,0.392403685381278,10.10958904109589
10.87012913,16.71,672,2275.0,49.5,1.0,0.0,0.0,0,0,0,0,0,0,0,0.04326575655175124,8.219292238356164
10.30895266,13.28,692,12558.0,61.3,0.0,0.0,0.0,1,0,1,0,0,0,0,0.4186000002697011,3.1013698630136988
10.858999,19.06,762,2477.0,18.2,5.0,0.0,0.0,0,0,1,0,0,0,0,0.04763461526855668,29.34246575342466
11.60823564,1.52,667,2783.0,45.6,1.0,0.0,0.0,0,0,1,0,0,0,0,0.025300000120796196,9.53436073150685
11.00209984,7.12,692,24803.0,77.5,2.0,0.0,1.0,0,0,1,0,0,0,0,0.41338333383114534,15.452168950684932
10.1266311,16.23,757,3997.0,29.6,0.0,0.0,0.0,0,1,0,0,0,0,0,0.15988000061559188,11.260388128767124
10.08580911,18.75,782,0.0,0.0,4.0,0.0,0.0,0,0,0,1,0,0,0,0.0,27.698630136986303
11.1844214,20.5,737,9337.0,16.8,2.0,0.0,0.0,0,0,0,0,1,0,0,0.12968055529596006,12.411073060273974
11.15625052,10.99,732,40109.0,81.7,0.0,0.0,0.0,1,0,0,0,0,0,1,0.5729857148767465,11.427511416438357
10.5454467,14.02,732,10011.0,43.2,3.0,0.0,0.0,0,0,0,1,0,0,0,0.2634196390702558,11.917808219178083
11.21182037,8.77,742,17094.0,19.6,0.0,0.0,0.0,0,0,1,0,0,0,0,0.23100000050503688,22.84931506849315
11.22524339,4.48,682,4712.0,56.8,1.0,0.0,0.0,0,0,1,0,0,0,0,0.06282666682489237,9.369977169863013
10.89673933,14.38,707,1109.0,9.7,2.0,0.0,0.0,0,1,0,0,0,0,0,0.020537036945573506,19.23299086849315
10.81985828,10.92,682,3510.0,41.8,2.0,0.0,0.0,0,0,0,0,1,0,0,0.07019438453421112,15.369977169863015
10.59663473,7.26,737,3770.0,18.6,1.0,0.0,0.0,0,0,0,0,0,0,0,0.09425000029180493,5.194634704109589
9.903487553,23.82,667,5411.0,76.1,1.0,0.0,0.0,0,0,0,0,0,0,0,0.2705499998744995,7.397374430136987
10.77895629,18.13,692,2573.0,67.7,0.0,0.0,1.0,0,0,0,0,0,0,0,0.05360416666077171,20.630251142465756
10.30895266,8.48,752,8840.0,24.6,2.0,0.0,0.0,0,0,1,0,0,0,0,0.2946666668565184,10.931506849315069
11.14186178,8.68,807,7336.0,7.2,0.0,0.0,0.0,0,0,1,0,0,0,0,0.10631884096026752,23.506963471232876
11.36210258,14.34,697,388.0,4.6,1.0,1.0,0.0,0,0,0,0,0,0,1,0.004511627885481745,14.054794520547945
11.91839057,6.14,727,13455.0,20.6,1.0,0.0,0.0,0,1,0,0,0,0,0,0.08970000027613186,22.767123287671232
10.59663473,11.46,717,17523.0,35.9,0.0,0.0,1.0,0,0,1,0,0,0,0,0.4380750013563124,20.12876712328767
10.97164063,16.04,707,12671.0,60.6,1.0,0.0,0.0,0,1,0,0,0,0,0,0.21771477744209897,10.64394977260274
11.30220443,15.21,677,1015.0,25.4,0.0,0.0,0.0,0,0,0,0,0,0,0,0.01253086424332586,14.136986301369863
11.00209984,22.06,697,13932.0,71.8,0.0,0.0,0.0,0,0,1,0,0,0,0,0.2322000002796241,6.082191780821918
11.22524339,15.02,722,40882.0,31.8,2.0,0.0,0.0,0,0,0,0,0,0,1,0.5450933347061226,14.794520547945206
10.1266311,12.82,737,2944.0,22.5,0.0,0.0,0.0,0,0,0,0,0,1,0,0.11776000045341568,5.260388128767123
10.64661467,23.67,667,10106.0,40.3,1.0,0.0,0.0,0,0,1,0,0,0,0,0.24033293587451743,13.64394977260274
10.69203582,20.75,677,920.0,21.9,0.0,0.0,0.0,1,0,0,0,0,0,0,0.020907190210675868,11.178196347945205
10.1266311,11.62,727,2108.0,23.2,0.0,0.0,1.0,0,0,0,0,0,0,1,0.08432000032466042,17.835616438356166
11.22524339,14.58,712,30692.0,92.4,1.0,0.0,0.0,0,0,1,0,0,0,0,0.40922666769728283,15.698744293150686
11.77525896,7.38,727,27399.0,41.1,1.0,0.0,0.0,0,0,0,0,0,0,1,0.21076802357534088,15.04109589041096
10.98529272,11.02,757,2710.0,5.7,0.0,0.0,0.0,0,0,1,0,0,0,0,0.04593220352247611,9.616552512328767
11.42954386,14.05,722,9551.0,43.8,0.0,0.0,1.0,0,0,0,0,0,0,1,0.10381521697928009,19.726141553424657
10.04324949,4.33,727,3612.0,54.6,0.0,1.0,0.0,0,0,1,0,0,0,0,0.15704347903215526,5.835616438356165
10.69194491,18.3,667,10155.0,73.9,1.0,0.0,0.0,0,0,1,0,0,0,0,0.23079545521485326,12.657648402739728
10.59663473,18.78,732,4086.0,32.2,2.0,0.0,0.0,0,0,0,0,0,1,0,0.10215000031626391,10.60285388219178
11.61728548,5.1,752,36923.0,27.7,2.0,0.0,0.0,0,0,1,0,0,0,0,0.3326396397375926,22.60285388219178
10.12085445,18.01,722,4851.0,12.9,2.0,0.0,0.0,0,0,0,0,0,0,0,0.19516414568734147,5.095890410958904
10.73630972,12.11,672,10523.0,57.8,0.0,1.0,0.0,0,0,1,0,0,0,0,0.22878076243931458,7.397374430136987
10.96819829,7.28,687,9108.0,82.8,0.0,0.0,0.0,0,0,0,1,0,0,0,0.15703448268458775,6.0
11.40756495,6.43,767,7264.0,20.8,0.0,0.0,0.0,0,0,1,0,0,0,0,0.08071111105561438,15.369977169863015
11.77528973,10.62,682,12417.0,77.1,0.0,0.0,0.0,0,1,0,0,0,0,0,0.0955153845616781,8.794520547945206
10.54534144,13.07,712,26554.0,47.8,2.0,0.0,0.0,0,1,0,0,0,0,0,0.6987894727817402,13.69326484109589
11.1123882,15.53,697,26208.0,78.5,0.0,0.0,0.0,0,1,0,0,0,0,0,0.39118753166663445,10.27408675890411
10.71441777,5.47,702,452.0,12.6,2.0,0.0,0.0,0,0,0,0,0,0,0,0.010044444431913558,8.054794520547945
10.81977828,10.51,737,2270.0,14.0,1.0,0.0,0.0,1,0,1,0,0,0,0,0.04540000020022687,6.493264841095891
12.11450545,20.69,697,84844.0,79.4,3.0,0.0,0.0,0,0,0,0,0,0,1,0.4648986310689611,8.627511416438356
10.91508846,24.37,697,22723.0,76.9,2.0,0.0,1.0,0,0,0,0,0,0,0,0.4131454562867008,23.835616438356166
10.81977828,2.88,712,1076.0,8.7,3.0,0.0,0.0,1,0,0,0,0,0,0,0.021520000094909304,11.835616438356164
12.66032792,10.05,692,127192.0,670.0,1.0,0.0,0.0,0,0,1,0,0,0,0,0.4037841260989392,24.82191780821918
11.39643659,10.64,662,17965.0,79.5,1.0,0.0,0.0,0,0,0,0,1,0,0,0.20184486121285206,16.27408675890411
10.71441777,5.84,672,20800.0,88.1,1.0,0.0,0.0,0,0,1,0,0,0,0,0.4622222216455797,6.739726027397261
11.19766662,14.97,732,11961.0,17.1,2.0,0.0,0.0,0,0,1,0,0,0,0,0.16393914551526015,17.42477169041096
11.34142515,10.33,717,23149.0,32.6,3.0,0.0,0.0,0,0,0,0,0,0,0,0.2747981947543341,5.095890410958904
10.91508846,13.99,717,7535.0,39.5,1.0,0.0,0.0,0,0,0,0,0,0,0,0.13700000057740133,8.465867580821918
11.91839057,8.44,812,67128.0,31.3,2.0,0.0,0.0,0,0,0,0,0,0,1,0.4475200013776425,18.493264841095893
11.51288546,3.83,747,9961.0,13.2,0.0,0.0,0.0,0,0,0,0,0,0,0,0.09961398497479336,9.287785389041096
10.59663473,7.68,732,13161.0,25.2,0.0,0.0,0.0,0,0,0,0,0,0,0,0.3290250010186856,6.739726027397261
10.88930435,11.08,752,4381.0,14.3,1.0,0.0,0.0,0,0,1,0,0,0,0,0.08173507438647412,5.260388128767123
12.3588109,8.32,677,31458.0,91.2,0.0,0.0,0.0,0,0,1,0,0,0,0,0.1350105577292941,20.71244292328767
10.94199592,12.7,682,3864.0,99.1,0.0,0.0,1.0,0,0,1,0,0,0,0,0.06838938033500588,10.27408675890411
11.1844214,13.27,727,23236.0,42.4,2.0,0.0,0.0,1,0,0,0,0,0,1,0.3227222215761945,11.095890410958905
11.91839057,6.55,662,22783.0,93.7,3.0,1.0,0.0,0,1,0,0,0,0,0,0.15188666713423352,11.095890410958905
11.09741002,18.31,722,39660.0,46.5,0.0,0.0,0.0,0,0,1,0,0,0,0,0.6009090915151455,11.260388128767124
9.998797732,22.8,692,10128.0,46.0,0.0,0.0,0.0,0,0,1,0,0,0,0,0.46036363652036855,14.548059361643837
10.96819829,10.26,782,4198.0,15.4,1.0,0.0,0.0,0,0,1,0,0,0,0,0.07237931031070481,22.849429224657534
11.15619338,6.58,707,16048.0,34.8,2.0,1.0,0.0,0,0,1,0,0,0,0,0.22927024322104428,10.10958904109589
10.25765937,16.17,722,1416.0,40.5,1.0,0.0,0.0,0,0,0,0,0,1,0,0.049684210340334926,5.013698630136986
11.16200536,11.42,672,2698.0,21.4,3.0,3.0,0.0,0,0,1,0,0,0,0,0.03832168621853864,8.054794520547945
11.10495723,8.35,787,2719.0,4.6,0.0,0.0,0.0,0,0,0,0,0,1,0,0.04088721790789305,20.958904109589042
10.37255324,8.48,782,16.0,0.3,0.0,0.0,0.0,0,0,0,0,0,0,0,0.000500469190893406,9.287785389041096
11.41861479,16.8,682,16935.0,91.0,1.0,0.0,1.0,0,0,1,0,0,0,0,0.18609890026126763,15.616552512328768
10.73639668,19.57,697,27261.0,87.4,1.0,0.0,0.0,0,0,1,0,0,0,0,0.5926304320987228,9.452168950684932
10.37349118,0.38,822,510.0,1.0,0.0,0.0,0.0,1,0,1,0,0,0,0,0.015937500028398447,27.309703197260273
11.60823564,18.41,737,2737.0,6.4,1.0,0.0,0.0,1,1,0,0,0,0,0,0.024881818300617746,9.537100457534246
11.00209984,17.24,707,5476.0,46.4,0.0,0.0,0.0,1,0,1,0,0,0,0,0.09126666677657347,13.068493150684931
10.81977828,14.42,682,10460.0,42.9,0.0,0.0,0.0,0,1,0,0,0,0,0,0.20920000092263133,15.452168950684932
12.01370075,10.01,727,9800.0,38.4,1.0,0.0,0.0,0,1,0,0,0,0,0,0.05939393956515535,18.493264841095893
11.03488966,4.49,722,9021.0,27.7,0.0,0.0,0.0,0,0,1,0,0,0,0,0.14550000058596185,4.685045663013699
10.73630972,15.91,697,11562.0,60.2,2.0,0.0,0.0,0,0,1,0,0,0,0,0.2513696831058971,6.082191780821918
11.22524339,23.25,722,55723.0,55.8,3.0,0.0,0.0,0,0,1,0,0,0,0,0.7429733352044732,17.91780821917808
10.90778916,9.12,702,1050.0,44.5,2.0,0.0,0.0,0,0,0,0,0,0,0,0.019230769264096084,8.876712328767123
11.05089001,12.93,712,18231.0,97.0,3.0,0.0,0.0,0,0,0,1,0,0,0,0.2893809510421806,17.953424657534246
11.37939407,9.08,667,55163.0,93.7,0.0,0.0,0.0,0,0,0,0,0,0,0,0.630434287193099,18.986301369863014
10.81977828,22.46,717,24046.0,68.7,2.0,0.0,0.0,0,0,1,0,0,0,0,0.4809200021209936,15.945205479452055
11.05089001,19.2,677,18748.0,72.4,2.0,0.0,0.0,0,1,0,0,0,0,0,0.2975873002105645,11.753424657534246
10.66895539,9.27,687,3294.0,18.7,3.0,1.0,0.0,1,0,1,0,0,0,0,0.07660465152097097,7.808219178082192
10.65735347,18.15,722,4297.0,39.8,0.0,0.0,0.0,0,0,1,0,0,0,0,0.10109636721174375,7.326141553424657
9.305650552,24.98,727,5010.0,63.4,0.0,0.0,0.0,0,0,0,0,0,0,1,0.4554545453545769,6.328881279452054
11.15625052,6.31,737,20423.0,46.7,2.0,0.0,0.0,1,0,1,0,0,0,0,0.2917571431580891,9.53436073150685
11.06663836,7.97,697,16331.0,76.0,0.0,0.0,1.0,0,0,1,0,0,0,0,0.2551718755975636,8.630251142465754
11.47210347,0.13,797,144.0,0.3,2.0,0.0,0.0,0,0,0,0,1,0,0,0.0015000000006749593,13.068493150684931
12.07254125,3.31,757,1631.0,65.2,0.0,0.0,0.0,0,0,0,0,0,0,1,0.009320000027080664,16.10958904109589
10.81977828,18.6,682,8690.0,65.3,3.0,0.0,1.0,0,0,1,0,0,0,0,0.17380000076650728,14.142465753424657
11.45105006,15.29,777,3839.0,6.2,0.0,0.0,0.0,0,1,0,0,0,0,0,0.04084042558305286,11.178082191780822
11.00209984,3.48,702,4628.0,94.4,3.0,0.0,0.0,0,0,0,0,0,0,1,0.07713333342622024,10.60285388219178
10.84081544,15.06,662,19469.0,84.8,1.0,1.0,0.0,1,0,1,0,0,0,0,0.3812741136963331,25.15068493150685
10.59653473,9.18,727,3736.0,14.2,3.0,1.0,0.0,0,0,0,0,0,0,0,0.09340934075621772,13.64394977260274
10.51867319,20.63,692,10455.0,54.5,1.0,0.0,0.0,1,1,0,0,0,0,0,0.28256756802712474,12.082191780821917
10.89673933,6.6,727,2979.0,28.9,1.0,0.0,0.0,1,1,0,0,0,0,0,0.055166666420976986,5.26312785479452
11.46163217,17.72,667,44313.0,93.5,2.0,0.0,0.0,1,0,0,0,0,0,0,0.4664526318507391,19.39737443013699
11.23848862,21.9,687,63202.0,51.3,0.0,0.0,0.0,1,0,1,0,0,0,0,0.831605262549549,16.438470320547946
11.47001796,4.81,702,26223.0,77.4,2.0,0.0,0.0,0,0,0,0,0,0,0,0.27372651465360753,13.89041095890411
11.03488966,6.35,732,3879.0,32.9,0.0,0.0,0.0,0,0,0,0,0,0,1,0.0625645163809939,5.424771690410958
10.32548196,14.4,722,277.0,5.4,2.0,0.0,0.0,0,0,0,0,0,0,0,0.009081967236687033,8.923287671232877
11.40756495,3.27,732,8976.0,15.7,3.0,0.0,0.0,1,0,0,0,0,0,0,0.09973333326475697,10.19189497808219
11.00209984,20.14,687,27759.0,71.7,1.0,0.0,0.0,1,0,0,0,0,0,0,0.4626500005571408,11.342579909589043
10.34148439,6.89,712,11025.0,55.1,1.0,0.0,1.0,1,1,0,0,0,0,0,0.3557369628293018,15.534360731506851
11.08220409,8.4,782,6047.0,11.0,1.0,0.0,0.0,0,0,1,0,0,0,0,0.09302504418899385,31.068493150684933
11.51292546,21.8,687,52757.0,96.4,0.0,0.0,0.0,0,0,1,0,0,0,0,0.5275700026221435,17.589155252054795
10.91501573,12.59,672,6844.0,75.2,2.0,0.0,0.0,0,0,0,0,0,0,0,0.12444541474670007,4.520662101369863
11.76368418,16.16,707,54445.0,87.8,2.0,0.0,0.0,0,1,0,0,0,0,0,0.4236964994600502,12.246689498630138
11.15625052,21.24,702,50822.0,70.0,0.0,0.0,0.0,0,1,0,0,0,0,0,0.7260285721774667,21.53436073150685
10.30895266,14.16,762,1445.0,6.5,2.0,0.0,0.0,0,0,0,0,0,0,0,0.048166666697700124,15.205593608219178
11.08220409,22.1,672,23535.0,66.7,2.0,0.0,1.0,1,0,1,0,0,0,0,0.36205464114237973,13.517922375342467
11.15625052,13.7,697,11129.0,89.0,0.0,0.0,0.0,0,1,0,0,0,0,0,0.15898571444970735,6.986301369863014
10.54534144,19.64,707,6472.0,53.5,1.0,0.0,0.0,0,0,1,0,0,0,0,0.17031578925372534,5.178082191780822
10.71441777,6.0,722,0.0,,1.0,0.0,0.0,0,0,0,0,0,0,0,0.0,14.46586758082192
10.81977828,19.06,732,27835.0,45.8,0.0,0.0,0.0,0,0,1,0,0,0,0,0.5567000024552049,13.076712328767123
11.77528973,13.85,702,26822.0,90.9,2.0,1.0,0.0,0,0,0,0,0,0,1,0.20632307680706533,11.506963471232877
10.4341158,19.55,682,23806.0,76.1,0.0,0.0,0.0,0,0,1,0,0,0,0,0.7001764731076786,6.821917808219178
11.46163217,17.72,667,12586.0,84.5,2.0,0.0,0.0,0,0,0,0,0,0,1,0.13248421060351145,20.550799087671233
10.49127422,22.43,667,9469.0,59.2,1.0,0.0,0.0,0,0,1,0,0,0,0,0.26302777710396574,7.882191780821918
11.16472876,11.61,722,15116.0,38.7,2.0,0.0,0.0,0,0,1,0,0,0,0,0.2141197811536991,17.753424657534246
10.37349118,22.09,702,14166.0,81.4,0.0,0.0,0.0,0,0,0,0,1,0,0,0.44268750078880864,8.068493150684931
10.66895539,7.0,742,10232.0,30.6,1.0,0.0,0.0,0,0,1,0,0,0,0,0.23795348948469186,9.863013698630137
11.2515607,14.96,712,30985.0,79.4,3.0,0.0,0.0,0,1,0,0,0,0,0,0.40240259773893367,13.31518264931507
10.49127422,10.73,752,8128.0,27.7,3.0,0.0,0.0,0,0,1,0,0,0,0,0.22577777719939104,37.726027397260275
10.59663473,20.64,662,15350.0,37.5,1.0,0.0,0.0,0,1,0,0,0,0,0,0.3837500011881182,8.301484019178082
11.91839057,4.06,697,85892.0,2.1,1.0,2.0,0.0,0,0,0,0,0,0,1,0.5726133350960623,19.643949772602742
10.23995979,16.11,697,20722.0,52.1,2.0,0.0,0.0,0,1,0,0,0,0,0,0.7400714279478005,11.178082191780822
11.30220443,1.85,687,6716.0,32.7,2.0,0.0,0.0,0,0,1,0,0,0,0,0.08291358054992756,11.835616438356164
10.66895539,8.6,742,5624.0,32.0,0.0,0.0,0.0,0,1,0,0,0,0,0,0.13079069828595652,8.630251142465754
10.71441777,14.45,672,10942.0,57.0,0.0,0.0,0.0,0,0,1,0,0,0,0,0.2431555552522083,24.49326484109589
10.71441777,9.07,682,9287.0,97.8,0.0,0.0,1.0,0,0,1,0,0,0,0,0.20637777752031244,13.972602739726028
10.59663473,14.88,757,15280.0,56.2,0.0,0.0,0.0,0,0,1,0,0,0,0,0.38200000118270006,16.84931506849315
11.00209984,1.78,797,2111.0,4.0,2.0,0.0,0.0,0,0,0,0,0,0,0,0.035183333375702446,22.19178082191781
10.51867319,14.72,777,1194.0,3.8,1.0,0.0,0.0,0,0,0,0,0,1,0,0.03227027032275341,10.441210046575343
10.81977828,13.94,662,21628.0,93.2,1.0,0.0,0.0,0,1,0,0,0,0,0,0.43256000190771227,6.002739726027397
11.15625052,12.19,772,8850.0,16.5,1.0,0.0,0.0,1,0,0,0,1,0,0,0.12642857155898196,11.178082191780822
10.76595548,9.17,712,17500.0,85.6,0.0,0.0,1.0,0,0,1,0,0,0,0,0.3693541570277243,24.23835616438356
11.14186178,18.14,677,4658.0,44.3,3.0,1.0,1.0,1,0,1,0,0,0,0,0.06750724661844684,14.386415526027399
11.56171563,8.14,757,13333.0,25.8,0.0,0.0,0.0,0,0,1,0,0,0,0,0.1269809522717056,19.068493150684933
11.14186178,14.26,677,13235.0,47.8,1.0,0.0,0.0,0,0,0,0,0,0,0,0.19181159488946845,12.411073060273974
11.28978191,7.21,672,7887.0,37.2,0.0,0.0,0.0,0,0,0,0,0,0,0,0.0985875003604377,8.301484019178082
9.210340372,1.2,667,437.0,9.7,0.0,1.0,0.0,0,0,0,0,0,0,1,0.04369999999895922,5.095890410958904
11.00209984,11.42,702,6116.0,33.1,2.0,0.0,0.0,0,0,0,1,0,0,0,0.10193333345608534,5.342579909589041
11.00209984,10.56,692,5211.0,30.1,0.0,3.0,0.0,0,0,1,0,0,0,0,0.08685000010458808,11.178082191780822
10.51583186,8.52,737,13385.0,57.5,1.0,0.0,0.0,0,0,0,0,0,0,0,0.3627860893158591,12.575456621917809
10.6508871,15.63,727,21002.0,36.7,1.0,0.0,0.0,0,0,0,1,0,0,0,0.49732370363706235,11.506963471232877
11.69524702,14.51,712,53094.0,91.2,2.0,0.0,0.0,0,0,0,0,0,0,0,0.4424500007805628,18.57545662191781
11.22524339,1.81,697,17307.0,31.8,2.0,0.0,0.0,0,0,1,0,0,0,0,0.2307600005811571,28.19178082191781
11.00209984,11.24,742,3649.0,33.8,2.0,0.0,0.0,0,1,0,0,0,0,0,0.06081666673990442,15.863013698630137
11.61728548,1.92,702,3421.0,7.4,1.0,0.0,0.0,0,1,0,0,0,0,0,0.03081981982889538,23.91780821917808
10.18490001,5.34,682,5177.0,12.5,3.0,1.0,0.0,0,0,1,0,0,0,0,0.1953584909517367,28.243721452054793
10.30815234,21.18,682,1125.0,64.3,3.0,0.0,1.0,0,0,1,0,0,0,0,0.03753002403698673,11.260159816438355
11.8493977,8.32,727,44128.0,42.0,1.0,0.0,0.0,1,0,1,0,0,0,0,0.31520000050162206,13.397374430136987
10.93310697,4.18,687,3554.0,37.8,3.0,0.0,0.0,0,0,0,0,0,0,1,0.06346428569634344,19.682305936986303
12.87390202,15.68,792,23217.0,8.5,3.0,0.0,0.0,0,0,0,0,0,0,1,0.05953076911800784,24.76986301369863
10.12647109,12.15,687,1643.0,8.6,2.0,1.0,0.0,0,0,0,1,0,0,0,0.06573051695165068,5.27408675890411
11.44293209,14.05,727,5265.0,39.6,1.0,0.0,0.0,0,0,0,0,0,0,0,0.05646718164503582,13.972602739726028
10.93310697,13.61,677,26821.0,52.6,3.0,0.0,0.0,0,0,1,0,0,0,0,0.4789464284360235,17.50696347123288
11.28978191,21.11,687,64411.0,87.8,2.0,0.0,0.0,0,1,0,0,0,0,0,0.8051375029435974,9.123287671232877
11.51292546,13.57,662,27254.0,80.4,0.0,0.0,0.0,0,0,1,0,0,0,0,0.27254000135458606,14.128767123287671
10.41271189,15.47,692,7321.0,88.2,1.0,0.0,0.0,0,0,0,0,0,0,0,0.21998197223948893,5.098630136986301
10.91508846,14.68,662,23713.0,73.5,1.0,0.0,0.0,0,0,0,1,0,0,0,0.43114545636256374,14.548059361643837
11.87164831,4.69,792,4384.0,5.0,0.0,0.0,0.0,0,0,0,0,1,0,0,0.030625218318596797,34.06301369863014
11.73446773,15.83,702,109255.0,63.4,0.0,2.0,0.0,0,0,0,0,0,0,1,0.8754407094331532,17.589155252054795
11.81303006,18.12,667,17258.0,81.4,1.0,1.0,0.0,1,0,1,0,0,0,0,0.1278370367072898,24.657648402739724
11.28983191,17.64,717,9663.0,30.7,2.0,0.0,0.0,0,0,1,0,0,0,0,0.12078146121756111,6.098630136986301
11.39643659,7.4,687,281.0,7.4,3.0,0.0,2.0,0,0,0,0,0,1,0,0.003157161480702,9.04109589041096
11.60823564,1.07,762,3889.0,18.3,0.0,0.0,0.0,1,0,0,0,0,0,1,0.03535454562334761,11.753538813698631
10.46310334,21.15,667,5518.0,34.9,2.0,1.0,0.0,0,0,1,0,0,0,0,0.1576571429314862,7.23299086849315
11.15625052,2.59,807,5231.0,2.4,1.0,0.0,0.0,0,1,0,0,0,0,0,0.07472857150565362,13.150684931506849
11.98290409,6.84,702,18115.0,98.5,0.0,0.0,0.0,0,1,0,0,0,0,0,0.11322158098146928,13.068493150684931
10.30895266,4.08,817,24665.0,5.3,0.0,0.0,0.0,0,0,0,0,1,0,0,0.8221666671963831,22.60285388219178
11.69524702,5.93,747,5761.0,36.2,1.0,0.0,0.0,0,0,1,0,0,0,0,0.04800833341802882,8.630251142465754
10.59663473,20.43,707,12694.0,63.8,3.0,0.0,0.0,0,0,1,0,0,0,0,0.3173500009825389,19.315068493150687
10.9329641,14.38,712,12837.0,37.8,1.0,1.0,0.0,0,0,1,0,0,0,0,0.22926489552821264,11.178082191780822
11.03650127,3.61,722,14080.0,31.2,0.0,0.0,0.0,0,0,1,0,0,0,0,0.22673107843374718,10.10958904109589
10.1266311,12.38,677,5285.0,60.1,3.0,0.0,0.0,0,0,0,0,0,0,0,0.21140000081396124,3.863013698630137
11.51292546,22.37,727,16386.0,62.0,0.0,0.0,0.0,0,0,1,0,0,0,0,0.16386000081442165,10.005479452054795
10.23981692,7.84,772,1271.0,8.7,1.0,0.0,0.0,0,0,0,0,0,0,0,0.045399342845398795,4.359018265753424
11.14186178,21.86,727,22359.0,25.0,0.0,1.0,0.0,0,1,0,0,0,0,0,0.3240434794207499,15.863013698630137
10.49404814,1.4,772,1569.0,14.7,1.0,0.0,0.0,0,0,0,0,0,0,0,0.04346260406591704,15.452168950684932
11.11542853,6.18,672,5333.0,47.2,1.0,1.0,0.0,0,0,1,0,0,0,0,0.07936011877075064,13.561757991780823
9.998797732,8.67,662,8517.0,71.6,2.0,0.0,0.0,1,0,1,0,0,0,0,0.38713636376816535,3.1232876712328768
10.88743693,17.64,697,7398.0,37.9,0.0,0.0,0.0,0,0,0,0,0,0,0,0.13828037423058986,6.693036528767124
10.91508846,16.95,677,16918.0,90.5,0.0,0.0,0.0,0,1,0,0,0,0,0,0.3076000012964135,23.753424657534246
11.26446411,3.29,682,7921.0,58.7,0.0,0.0,0.0,0,0,1,0,0,0,0,0.10155128161174051,12.493264841095892
11.55214618,9.63,777,19181.0,9.3,2.0,0.0,0.0,0,0,0,0,1,0,0,0.18443269196160628,17.17808219178082
11.38813292,7.34,717,15648.0,45.8,1.0,0.0,0.0,1,0,1,0,0,0,0,0.17727828884812719,8.3836758
11.15619338,18.28,717,4826.0,58.1,1.0,1.0,0.0,0,0,1,0,0,0,0,0.06894679672138333,19.068493150684933
10.57131693,11.57,812,1140.0,9.7,1.0,0.0,0.0,0,1,0,0,0,0,0,0.0292307690878829,12.739840183561645
11.51292546,23.7,727,30929.0,65.9,2.0,0.0,0.0,0,1,0,0,0,0,0,0.30929000153724195,13.808219178082192
10.30895266,11.24,677,23762.0,94.3,1.0,0.0,0.0,1,0,1,0,0,0,0,0.7920666671769898,8.3836758
10.81985828,5.28,732,6477.0,26.0,1.0,0.0,0.0,0,0,0,0,0,0,0,0.1295296377857793,10.438470320547944
11.60823564,10.29,752,28840.0,34.3,0.0,0.0,0.0,0,1,0,0,0,0,0,0.2621818194336192,12.082191780821917
11.35040654,12.01,752,0.0,,0.0,0.0,0.0,0,0,0,0,0,0,0,0.0,10.271347032876712
11.40756495,9.77,672,15080.0,90.3,3.0,1.0,0.0,0,0,1,0,0,0,0,0.1675555554403448,18.172602739726027
10.1266311,13.73,682,10564.0,72.4,0.0,0.0,1.0,1,0,1,0,0,0,0,0.42256000162699836,11.835616438356164
11.23653935,13.72,767,159.0,1.3,1.0,0.0,0.0,0,0,0,0,1,0,0,0.002096187316872168,16.027397260273972
10.74492542,13.76,692,18546.0,94.1,0.0,0.0,0.0,0,0,1,0,0,0,0,0.3997499674716423,11.873972602739727
11.08214255,12.48,692,8681.0,42.3,1.0,0.0,0.0,0,0,1,0,0,0,0,0.13355384600396852,8.054794520547945
10.62132735,2.46,747,5327.0,47.4,7.0,0.0,0.0,0,0,0,1,0,0,0,0.1299268287078462,13.638470320547947
11.00209984,17.5,677,16422.0,76.6,0.0,0.0,0.0,0,0,1,0,0,0,0,0.2737000003296,7.564497717808219
10.1266311,12.48,732,3318.0,18.1,0.0,1.0,0.0,0,0,1,0,0,0,0,0.13272000051101673,10.438470320547944
10.77561739,20.59,722,14379.0,89.3,0.0,0.0,0.0,0,1,0,0,0,0,0,0.3005643808574805,30.411073068493153
10.71441777,15.92,682,9562.0,21.9,1.0,0.0,0.0,1,0,1,0,0,0,0,0.21248888862379967,15.698744293150686
10.40426284,17.67,702,5051.0,51.5,2.0,0.0,0.0,0,0,0,0,1,0,0,0.15306060612927178,6.986301369863014
11.54248427,20.26,722,72333.0,29.9,1.0,0.0,0.0,0,0,0,0,0,0,1,0.7022621339642643,15.616552512328768
10.77895629,13.6,752,6316.0,11.5,3.0,0.0,0.0,0,0,0,0,0,0,0,0.13158333331886285,10.227397260273973
10.83446983,7.43,732,11629.0,37.6,0.0,0.0,0.0,0,0,1,0,0,0,0,0.2291880180660113,7.561757991780822
10.46321762,6.99,677,10606.0,62.0,0.0,0.0,0.0,0,0,1,0,0,0,0,0.3029939434449944,7.232876712328767
9.998615898,10.15,682,8451.0,89.9,2.0,0.0,0.0,0,0,1,0,0,0,0,0.38420621916956416,18.411073060273974
11.00209984,12.42,717,31563.0,40.5,3.0,0.0,0.0,0,0,1,0,0,0,0,0.5260500006334895,6.493264841095891
11.24895992,0.0,782,0.0,0.0,4.0,0.0,0.0,0,1,0,0,0,0,0,0.0,11.095890410958905
11.12726298,19.11,727,35333.0,66.9,3.0,0.0,0.0,0,1,0,0,0,0,0,0.5196029433371067,17.013698630136986
10.18490001,12.14,762,1491.0,5.5,0.0,0.0,0.0,0,0,1,0,0,0,0,0.056264151054479315,5.589155252054795
10.04324949,9.5,712,981.0,25.2,0.0,0.0,0.0,0,0,0,0,0,1,0,0.04265217412252058,3.780936073972603
10.96812932,15.87,667,20341.0,85.1,0.0,0.0,0.0,0,0,1,0,0,0,0,0.3507310854751808,6.0
10.37352243,12.45,672,3633.0,44.9,2.0,0.0,0.0,0,0,0,0,0,0,0,0.11352770240616304,8.136986301369863
10.34137532,5.11,692,5727.0,54.0,1.0,0.0,0.0,0,0,1,0,0,0,0,0.18480977842741905,3.6987442931506846
10.71885237,7.67,667,17293.0,94.5,0.0,1.0,0.0,0,0,1,0,0,0,0,0.3825884939761246,8.3836758
11.35040654,15.61,662,66526.0,93.6,3.0,0.0,0.0,0,0,0,0,0,0,1,0.7826588199858877,15.147831049315068
10.81977828,22.13,677,16767.0,46.2,0.0,0.0,0.0,0,0,0,0,0,0,1,0.3353400014789445,7.068493150684931
10.84028655,21.44,707,19855.0,74.1,1.0,0.0,0.0,0,0,1,0,0,0,0,0.38903910771909317,11.013698630136986
11.5806215,4.58,687,12636.0,30.2,1.0,1.0,0.0,0,0,1,0,0,0,0,0.11808904291878355,15.04109589041096
11.51292546,2.3,717,2548.0,8.4,0.0,0.0,0.0,0,0,0,0,0,0,1,0.025480000126641422,15.123287671232877
10.4487146,7.58,687,3952.0,44.1,1.0,0.0,0.0,0,0,1,0,0,0,0,0.1145507249835614,3.616552512328767
10.83958091,4.35,687,1935.0,22.8,0.0,3.0,0.0,0,0,0,0,0,1,0,0.037941176535333423,10.531621005479453
10.62132735,10.74,752,7112.0,50.4,1.0,0.0,0.0,0,0,1,0,0,0,0,0.1734634138859024,13.150684931506849
11.15625052,20.67,712,14193.0,46.4,3.0,0.0,1.0,0,0,1,0,0,0,0,0.20275714306628598,14.630022830136985
10.60430524,5.78,802,5312.0,7.2,0.0,0.0,0.0,0,0,0,0,0,0,0,0.13178525346865028,12.164383561643836
11.66134547,8.1,697,25311.0,53.5,1.0,0.0,0.0,0,0,0,0,0,0,1,0.21819827588137974,17.824657534246576
10.87804719,5.52,702,6105.0,74.5,0.0,0.0,0.0,0,1,0,0,0,0,0,0.11518867953720094,5.589155252054795
11.22524339,3.33,732,11127.0,13.4,0.0,0.0,0.0,0,0,0,0,1,0,0,0.14836000037363697,8.876712328767123
11.46163217,5.68,722,37964.0,57.4,2.0,0.0,0.0,0,0,0,0,0,0,1,0.3996210528644294,14.95890410958904
11.33814341,11.46,702,4040.0,20.2,0.0,0.0,0.0,0,0,0,0,0,0,1,0.04811585939589516,3.4521689506849316
11.22967356,9.81,742,4218.0,1.4,0.0,1.0,1.0,0,0,0,0,0,0,0,0.055991398460660834,17.753538813698633
11.35035948,7.45,742,8827.0,34.3,1.0,0.0,0.0,0,0,1,0,0,0,0,0.10385194551091707,14.712442923287673
11.69524702,19.87,682,87502.0,96.4,0.0,1.0,0.0,0,0,1,0,0,0,0,0.7291833346197462,13.72614155342466
10.91508846,16.56,782,17709.0,31.1,0.0,0.0,0.0,0,1,0,0,0,0,0,0.3219818195388454,13.64394977260274
10.37361617,19.16,702,6136.0,42.9,0.0,0.0,0.0,0,0,1,0,0,0,0,0.19172603500687443,5.178082191780822
10.59663473,23.13,662,31006.0,85.4,3.0,0.0,0.0,0,0,0,0,0,0,1,0.7751500023999214,8.465867580821918
11.60823564,6.33,682,6585.0,20.3,2.0,1.0,0.0,0,0,0,0,0,0,0,0.05986363664945848,5.178082191780822
10.51867319,16.96,692,5252.0,56.5,2.0,0.0,0.0,0,0,0,0,0,1,0,0.14194594617680142,4.109589041095891
11.28978191,2.77,752,11002.0,20.9,1.0,0.0,0.0,0,0,0,0,0,0,1,0.13752500050279393,15.663127854794523
10.27931786,19.53,692,21894.0,99.5,0.0,0.0,0.0,0,0,1,0,0,0,0,0.7517511297142107,10.241095890410959
10.54534144,23.08,732,4397.0,86.4,0.0,0.0,0.0,0,0,1,0,0,0,0,0.11571052616635202,19.31518264931507
11.81303006,12.18,702,65230.0,68.9,1.0,0.0,0.0,0,0,0,0,0,0,1,0.48318518393884075,9.287785389041096
11.08220409,22.85,682,17820.0,98.5,0.0,0.0,0.0,0,0,1,0,0,0,0,0.27413697493763356,7.3151826493150685
11.52184556,11.22,682,24432.0,68.6,0.0,0.0,0.0,0,1,0,0,0,0,0,0.24215033358396632,9.452168950684932
11.44035477,19.35,692,32307.0,83.3,0.0,0.0,0.0,0,1,0,0,0,0,0,0.3473870975160012,14.92876712328767
11.15625052,8.45,737,7215.0,30.8,2.0,0.0,0.0,0,0,0,0,0,0,0,0.10307142867774631,13.397374430136987
11.15619338,11.73,702,8417.0,43.4,1.0,0.0,0.0,0,0,0,0,1,0,0,0.12024972814005044,7.726141553424657
10.46310334,6.0,662,8597.0,56.9,1.0,0.0,0.0,0,0,1,0,0,0,0,0.24562857154439774,4.027397260273973
11.22524339,20.86,767,38511.0,22.9,2.0,0.0,0.0,0,0,0,1,0,0,0,0.5134800012931727,21.780936073972605
10.81977828,0.36,777,311.0,0.5,2.0,0.0,0.0,0,0,0,0,0,0,0,0.006220000027431964,8.471347032876713
11.22524339,4.75,682,6684.0,66.2,1.0,0.0,0.0,0,0,1,0,0,0,0,0.08912000022444411,15.123287671232877
10.77895629,15.0,687,11011.0,57.1,0.0,2.0,0.0,0,0,1,0,0,0,0,0.2293958333081062,12.575456621917809
10.81977828,6.38,717,4044.0,18.0,0.0,0.0,1.0,0,0,1,0,0,0,0,0.08088000035670374,9.945205479452055
11.71993963,6.52,677,92391.0,72.6,0.0,0.0,0.0,0,0,1,0,0,0,0,0.7511463447343218,7.890410958904109
10.71441777,13.28,767,5889.0,27.1,3.0,0.0,0.0,0,0,0,0,0,1,0,0.13086666650340475,30.986301369863014
10.93310697,7.16,737,30282.0,54.3,1.0,0.0,0.0,0,0,0,0,0,0,1,0.5407499998471221,8.136986301369863
11.81303006,9.33,672,29101.0,96.6,1.0,0.0,0.0,0,1,0,0,0,0,0,0.21556296240693246,4.520662101369863
10.1266311,3.65,712,3238.0,10.4,0.0,0.0,0.0,0,0,0,0,0,0,1,0.12952000049869564,6.0
11.00209984,14.02,692,20002.0,52.2,3.0,0.0,0.0,1,0,1,0,0,0,0,0.3333666670681195,6.493264841095891
11.12726298,13.96,672,6365.0,25.2,1.0,1.0,0.0,0,1,0,0,0,0,0,0.0936029415656945,6.285045663013698
11.00209984,11.26,682,4395.0,57.8,2.0,0.0,1.0,1,0,0,0,0,0,1,0.07325000008821045,17.91780821917808
10.77895629,4.95,687,1718.0,14.9,1.0,0.0,0.0,0,0,0,0,0,0,0,0.035791666662730585,8.630251142465754
11.95969885,0.18,797,2044.0,7.5,2.0,0.0,0.0,0,0,0,0,0,1,0,0.013075240194594513,33.296004575342465
10.84251777,12.53,727,1596.0,8.9,2.0,0.0,0.0,0,0,1,0,0,0,0,0.03120234608410784,6.821917808219178
10.81977828,11.88,722,7085.0,41.7,1.0,0.0,0.0,1,0,1,0,0,0,0,0.14170000062493718,7.643949772602739
11.47950642,11.79,817,1254.0,3.8,0.0,0.0,0.0,0,0,0,0,0,1,0,0.012966156026291,16.334132419178083
10.81977828,15.41,727,6183.0,31.5,1.0,0.0,0.0,0,1,0,0,0,0,0,0.12366000054537567,4.356278539726027
11.15625052,11.23,747,11286.0,69.5,0.0,1.0,0.0,0,0,1,0,0,0,0,0.161228571594878,12.167009131506848
11.71993963,4.64,762,7888.0,7.5,1.0,0.0,0.0,0,0,1,0,0,0,0,0.0641300815800709,15.96986301369863
11.08214255,0.28,752,1070.0,16.5,0.0,0.0,0.0,0,0,0,0,0,0,0,0.01646153844306489,6.246689498630137
11.91839057,6.78,752,24055.0,54.2,1.0,0.0,0.0,0,1,0,0,0,0,0,0.1603666671603383,16.84931506849315
10.59653473,20.16,667,10393.0,78.7,3.0,0.0,0.0,0,0,1,0,0,0,0,0.259850984603686,8.465867580821918
11.18725073,11.37,732,14940.0,40.2,2.0,0.0,0.0,0,0,1,0,0,0,0,0.2069137433580518,13.972602739726028
11.20504069,4.05,782,552.0,2.9,1.0,0.0,0.0,0,0,0,0,0,0,0,0.007510204045590639,7.561757991780822
10.91523391,7.0,702,10720.0,63.4,1.0,0.0,0.0,0,0,1,0,0,0,0,0.19488074426478363,5.260388128767123
11.56171563,14.09,777,3272.0,5.8,3.0,0.0,0.0,0,0,0,0,0,0,0,0.031161904735094937,10.849315068493151
10.59663473,19.67,667,5155.0,56.6,1.0,0.0,0.0,1,0,1,0,0,0,0,0.12887500039900648,8.876712328767123
11.40756495,8.97,757,51498.0,31.0,0.0,0.0,0.0,0,0,1,0,0,0,0,0.5721999996065569,12.246689498630138
10.25132355,6.44,712,5064.0,72.3,2.0,0.0,0.0,0,0,0,0,0,0,0,0.17881355893001302,8.054794520547945
10.27394705,23.12,707,7058.0,94.3,3.0,0.0,0.0,0,0,1,0,0,0,0,0.2436481638429362,6.821917808219178
11.30220443,20.5,702,57822.0,78.5,0.0,0.0,0.0,1,0,1,0,0,0,0,0.7138518544606778,8.876712328767123
9.798127037,14.07,787,14.0,2.8,0.0,0.0,0.0,0,0,0,1,0,0,0,0.0007777777776831232,15.400114156164385
11.47210347,7.09,707,10047.0,70.3,0.0,0.0,0.0,0,0,1,0,0,0,0,0.10465625004709246,13.07123287671233
10.03819326,18.62,662,5040.0,71.0,2.0,0.0,0.0,0,0,1,0,0,0,0,0.22024121555486953,4.767237443835616
9.903687533,13.74,777,3223.0,4.0,0.0,0.0,0.0,0,0,1,0,0,0,0,0.16111777637040273,28.52340183561644
10.858999,7.13,717,8358.0,46.2,2.0,0.0,0.0,0,0,0,0,0,0,0,0.16073076883915896,8.548059361643835
10.4341158,6.78,732,932.0,15.5,0.0,0.0,0.0,0,0,0,0,0,0,0,0.02741176480451804,3.2054794520547945
10.9355326,22.25,692,13303.0,95.0,1.0,0.0,0.0,0,0,1,0,0,0,0,0.23697805257211152,16.10958904109589
10.71441777,8.16,787,176.0,0.3,3.0,0.0,0.0,0,1,0,0,0,0,0,0.003911111106231828,18.164383561643834
10.30895266,17.76,732,312.0,3.6,1.0,0.0,0.0,0,0,0,0,0,0,0,0.01040000000670065,5.342579909589041
11.3223701,1.42,747,4399.0,18.4,0.0,0.0,0.0,0,0,1,0,0,0,0,0.0532244405843085,7.3151826493150685
10.29200994,18.1,672,4321.0,56.5,2.0,2.0,0.0,0,1,0,0,0,0,0,0.14649443991145614,12.164383561643836
11.08214255,20.22,687,16731.0,96.2,1.0,0.0,1.0,0,0,1,0,0,0,0,0.25739999971113897,14.630251142465754
9.998615898,7.31,712,6095.0,73.4,2.0,0.0,0.0,0,0,1,0,0,0,0,0.27709583550331246,10.356278539726027
12.42520818,8.46,662,47014.0,96.5,3.0,0.0,0.0,0,0,0,0,0,0,0,0.1888112441202327,13.972602739726028
11.08201946,4.89,687,2305.0,31.6,1.0,0.0,0.0,1,0,0,0,0,0,0,0.03546590365115948,15.123287671232877
11.3736634,17.26,702,43998.0,87.6,0.0,0.0,0.0,1,0,1,0,0,0,0,0.5057241367358672,19.068493150684933
10.71441777,9.68,712,2058.0,4.2,0.0,1.0,0.0,0,0,1,0,0,0,0,0.045733333276278994,18.411073060273974
11.36214909,4.35,687,13171.0,25.3,3.0,1.0,0.0,0,0,0,0,1,0,0,0.15314403916612776,18.904109589041095
10.74879772,19.81,672,28594.0,67.0,2.0,0.0,0.0,0,1,0,0,0,0,0,0.6139476988980547,19.31518264931507
11.00209984,13.88,662,0.0,0.0,1.0,0.0,0.0,0,0,1,0,0,0,0,0.0,4.356278539726027
10.23981692,5.62,752,47.0,1.6,2.0,0.0,0.0,0,0,0,0,0,0,0,0.0016788112617889407,4.27408675890411
11.32659589,12.68,717,23722.0,51.8,0.0,0.0,0.0,1,0,1,0,0,0,0,0.2858072279950018,18.657648402739728
12.33490552,7.9,747,9393.0,16.0,1.0,0.0,0.0,0,0,0,0,0,0,1,0.04128791197945463,12.821917808219178
12.25486281,13.14,762,56967.0,28.3,2.0,0.0,0.0,0,0,1,0,0,0,0,0.27127142848994007,26.03824200821918
10.71441777,19.81,712,9754.0,61.3,1.0,0.0,0.0,0,0,0,0,0,0,0,0.21675555528514348,8.465867580821918
10.12262308,23.52,692,22479.0,86.8,2.0,0.0,0.0,1,0,0,0,1,0,0,0.9027710865516652,7.8083333342465755
9.852194258,15.47,697,7249.0,47.1,0.0,0.0,0.0,0,0,1,0,0,0,0,0.38152631584615965,3.4521689506849316
10.55174196,4.05,772,8259.0,42.8,2.0,0.0,0.0,0,0,1,0,0,0,0,0.21595544489937982,38.81369863013698
11.46167427,11.89,702,31565.0,68.3,0.0,0.0,0.0,1,0,1,0,0,0,0,0.33224917010383304,12.328881279452055
9.61580548,9.36,662,2368.0,84.6,1.0,0.0,0.0,1,0,0,1,0,0,0,0.15786666667998217,3.471347032876712
11.73606902,13.27,682,30160.0,33.1,2.0,1.0,0.0,0,0,1,0,0,0,0,0.24127999910350914,23.213698630136985
11.31447453,15.2,682,28637.0,63.3,0.0,1.0,0.0,0,1,0,0,0,0,0,0.3492317060061936,14.613812786301372
10.43399815,18.85,697,566.0,8.2,3.0,2.0,0.0,1,0,1,0,0,0,0,0.016649017525122958,7.235616438356164
11.22524339,22.45,732,11194.0,32.9,3.0,0.0,0.0,0,0,0,0,0,0,1,0.14925333370922012,12.082191780821917
10.75798798,9.32,712,3489.0,42.5,1.0,0.0,0.0,0,1,0,0,0,0,0,0.07422772555634458,12.252054794520548
11.22524339,10.03,667,2646.0,22.2,2.0,0.0,0.0,0,0,0,0,0,0,0,0.03528000008885085,9.287785389041096
10.81977828,3.7,707,14499.0,63.0,3.0,1.0,0.0,0,0,1,0,0,0,0,0.28998000127889406,7.068493150684931
10.30895266,2.68,682,3004.0,27.1,2.0,0.0,0.0,0,0,0,0,0,0,0,0.10013333339784856,3.290525115068493
11.03495418,3.5,777,5514.0,19.5,0.0,0.0,0.0,0,0,0,0,0,1,0,0.08892974629679652,18.164383561643834
10.91508846,19.83,707,7284.0,29.0,0.0,0.0,0.0,0,0,0,0,0,0,0,0.13243636419453103,4.109589041095891
11.27720313,3.08,752,2149.0,17.5,7.0,0.0,0.0,0,0,0,0,0,0,0,0.027202531684990396,12.0
11.12726298,18.09,727,22289.0,49.8,1.0,0.0,0.0,0,0,1,0,0,0,0,0.3277794131276928,10.60285388219178
11.69524702,2.93,802,7265.0,11.7,0.0,0.0,0.0,0,0,0,0,1,0,0,0.060541666773473245,12.169863013698631
10.93364254,20.11,737,12755.0,64.4,0.0,0.0,0.0,0,0,1,0,0,0,0,0.22764590410734012,13.808333334246576
11.40756495,15.05,682,26295.0,70.3,0.0,1.0,0.0,0,0,0,0,0,0,0,0.29216666646577366,13.64394977260274
10.81977828,7.8,742,5749.0,33.8,0.0,0.0,0.0,0,0,0,0,0,0,1,0.11498000050709441,10.191780821917808
11.64745636,14.67,702,22908.0,59.2,3.0,0.0,0.0,0,0,1,0,0,0,0,0.20024475482981507,13.811073060273973
10.04324949,2.14,727,948.0,13.5,1.0,0.0,1.0,0,0,0,0,0,0,1,0.04121739150677829,14.630251142465754
11.22524339,0.32,702,2229.0,14.1,0.0,0.0,0.0,0,0,0,0,0,0,0,0.02972000007484828,7.726141553424657
10.6454249,24.37,757,1711.0,24.1,2.0,0.0,0.0,0,0,1,0,0,0,0,0.040738095126697134,9.287785389041096
10.87804719,11.59,707,7398.0,70.5,1.0,0.0,0.0,0,0,1,0,0,0,0,0.13958490601412163,5.605593608219178
10.62132735,10.62,682,6933.0,82.5,1.0,0.0,0.0,0,0,0,0,0,0,1,0.16909756024619815,8.95890410958904
11.15625052,3.02,757,2906.0,4.5,0.0,1.0,0.0,0,0,0,0,0,0,1,0.04151428575710752,21.452168950684932
10.34817337,22.46,732,11049.0,28.3,0.0,0.0,0.0,0,1,0,0,0,0,0,0.35413461672946783,7.232876712328767
11.62625415,17.94,662,15206.0,38.0,2.0,1.0,0.0,0,1,0,0,0,0,0,0.13576785718049636,11.835616438356164
10.83958091,5.65,662,1925.0,96.2,0.0,1.0,0.0,0,0,0,0,0,0,0,0.03774509810362627,7.153424657534247
10.46310334,9.74,737,9376.0,41.5,0.0,0.0,0.0,0,0,0,0,0,0,1,0.26788571441203596,9.205479452054794
10.4341158,21.46,717,12439.0,55.8,0.0,0.0,0.0,0,1,0,0,0,0,0,0.3658529424929184,15.04109589041096
10.95080655,12.21,767,60506.0,31.9,2.0,0.0,0.0,0,0,0,0,0,0,0,1.0615087685507107,10.685045663013698
9.809176873,10.55,727,7226.0,51.6,0.0,0.0,0.0,0,0,1,0,0,0,0,0.39703296705872915,6.657648402739726
10.49750477,11.59,707,4516.0,30.9,0.0,0.0,0.0,0,0,1,0,0,0,0,0.12466528605396805,4.520662101369863
11.35050065,22.16,672,24143.0,59.5,1.0,0.0,0.0,1,0,1,0,0,0,0,0.28400856352802256,8.136986301369863
10.30092049,7.38,777,2770.0,9.1,0.0,1.0,0.0,0,1,0,0,0,0,0,0.0930779568912389,13.972602739726028
11.15625052,6.19,747,16476.0,43.1,0.0,0.0,0.0,0,0,1,0,0,0,0,0.2353714288142132,7.397374430136987
11.73610102,10.54,667,15187.0,87.3,0.0,1.0,0.0,0,1,0,0,0,0,0,0.12149211173879389,13.31518264931507
10.41271189,18.07,682,6720.0,88.4,3.0,0.0,0.0,1,0,0,0,1,0,0,0.20192307791959646,9.04109589041096
11.08214255,7.68,782,4991.0,7.7,0.0,0.0,0.0,0,0,1,0,0,0,0,0.07678461529844567,14.630251142465754
10.37349118,15.11,717,12811.0,41.5,1.0,0.0,0.0,0,1,0,0,0,0,0,0.40034375071335787,7.5450913232876715
11.00209984,15.14,697,10852.0,64.2,1.0,0.0,1.0,1,0,1,0,0,0,0,0.1808666668844732,13.150684931506849
11.00209984,17.86,682,1267.0,31.7,0.0,0.0,0.0,1,0,1,0,0,0,0,0.021116666692096164,10.273972602739725
10.81977828,14.5,722,8775.0,48.0,0.0,0.0,0.0,0,1,0,0,0,0,0,0.17550000077400477,12.822031964383562
10.95954023,21.54,682,4649.0,43.4,0.0,0.0,0.0,0,0,0,0,0,0,0,0.08085217365313946,6.2465753424657535
11.56171563,15.61,697,12352.0,34.7,1.0,0.0,1.0,0,1,0,0,0,0,0,0.11763809513688651,5.589155252054795
12.15477935,9.64,772,12228.0,17.5,1.0,0.0,0.0,0,0,1,0,0,0,0,0.06435789481037893,23.34257990958904
11.06657586,15.45,667,16181.0,96.3,1.0,1.0,0.0,0,0,1,0,0,0,0,0.25284392784373977,11.178082191780822
10.71441777,6.72,697,14244.0,29.6,0.0,0.0,0.0,0,0,0,0,1,0,0,0.3165333329384441,10.52340182739726
10.08580911,11.85,702,153.0,25.5,1.0,0.0,0.0,0,0,0,1,0,0,0,0.0063749999957292795,12.167123287671233
10.2606024,18.18,687,3647.0,66.3,0.0,0.0,0.0,0,0,1,0,0,0,0,0.12758886086334095,7.479566210958904
10.71441777,16.05,692,8959.0,90.5,0.0,0.0,0.0,0,0,1,0,0,0,0,0.19908888864051674,8.136986301369863
10.92773543,22.3,677,28473.0,88.3,1.0,0.0,0.0,0,0,1,0,0,0,0,0.5111849171220553,8.630251142465754
11.0744205,22.47,717,8596.0,90.5,0.0,0.0,0.0,0,0,0,0,0,0,1,0.1332713182004665,26.794520547945204
11.03488966,7.39,672,11307.0,50.0,3.0,0.0,0.0,0,0,1,0,0,0,0,0.18237096847638518,21.369977169863017
10.4341158,0.39,747,1063.0,6.2,4.0,0.0,0.0,0,0,0,0,0,0,1,0.03126470599485266,9.53436073150685
11.28978191,11.38,677,31724.0,90.4,2.0,0.0,0.0,1,0,0,0,0,0,1,0.3965500014497941,12.082191780821917
10.59663473,1.95,722,337.0,3.0,2.0,0.0,0.0,0,0,0,0,0,1,0,0.00842500002608442,12.169863013698631
9.392661929,0.0,687,0.0,0.0,0.0,1.0,0.0,0,0,0,0,0,0,0,0.0,14.227397260273973
10.71441777,7.55,692,11369.0,80.6,0.0,0.0,0.0,0,0,0,0,0,0,1,0.2526444441292594,3.9452054794520546
10.81977828,9.1,732,1825.0,15.6,2.0,0.0,0.0,0,0,1,0,0,0,0,0.03650000016097535,10.027397260273972
11.77528973,3.78,762,20488.0,24.7,1.0,0.0,0.0,0,0,0,0,0,0,1,0.15759999991138446,13.72614155342466
11.33857208,2.63,802,5390.0,10.4,0.0,0.0,0.0,0,0,0,0,0,0,1,0.06416666652713306,11.835730594520548
9.980448594,18.39,677,11297.0,85.6,1.0,0.0,0.0,0,0,1,0,0,0,0,0.5230092590878461,5.178082191780822
10.46321762,16.76,677,1243.0,22.6,0.0,1.0,0.0,0,0,1,0,0,0,0,0.03551022739035716,9.863013698630137
11.2771525,19.9,752,4474.0,82.9,4.0,0.0,0.0,1,0,1,0,0,0,0,0.05663577887137064,9.04109589041096
11.60823564,14.95,677,49238.0,,0.0,4.0,0.0,0,0,0,0,0,0,0,0.44761818395535863,19.15068493150685
10.96439797,17.74,697,11401.0,83.2,0.0,0.0,0.0,1,0,1,0,0,0,0,0.1973174116620733,16.19178082191781
11.35040654,22.11,752,13073.0,16.5,0.0,0.0,0.0,0,0,0,0,0,0,1,0.1537999993036634,15.205479452054794
11.08214255,23.13,682,13641.0,97.4,0.0,0.0,1.0,0,0,1,0,0,0,0,0.20986153822602632,10.27408675890411
12.61153775,5.74,727,132103.0,14.2,0.0,0.0,1.0,0,1,0,0,0,0,0,0.4403433349354512,16.98904109589041
10.34174248,19.21,727,714.0,10.1,3.0,0.0,1.0,0,0,0,0,0,0,0,0.023032258144375477,12.657648402739728
10.91501573,16.52,682,18707.0,73.4,1.0,0.0,0.0,0,0,1,0,0,0,0,0.34015201251702487,21.780936073972605
10.4341158,14.86,667,8969.0,53.7,0.0,0.0,0.0,0,0,1,0,0,0,0,0.26379411859626856,7.890410958904109
9.966462352,10.08,702,4428.0,59.0,0.0,0.0,0.0,0,1,0,0,0,0,0,0.20788732388077935,3.9450913232876714
11.60823564,5.65,777,25476.0,16.5,1.0,0.0,0.0,0,0,0,0,0,0,1,0.2316000011057865,14.712442923287673
10.6454249,21.77,722,14544.0,38.0,0.0,0.0,0.0,0,0,0,0,0,0,0,0.3462857133387978,8.136986301369863
11.16194854,11.42,722,27576.0,73.7,1.0,0.0,0.0,0,0,0,1,0,0,0,0.39170454629519613,13.479566210958906
10.17732422,12.68,697,16280.0,74.7,0.0,0.0,0.0,1,0,0,0,0,0,1,0.6190114057087509,10.191780821917808
10.16585182,23.68,687,16757.0,85.1,0.0,0.0,0.0,0,1,0,0,0,0,0,0.6444999980688323,6.2465753424657535
10.81977828,17.26,707,12013.0,42.5,3.0,1.0,0.0,0,0,1,0,0,0,0,0.24026000105961473,15.287785389041098
10.79957558,2.45,672,8757.0,67.9,0.0,0.0,0.0,0,1,0,0,0,0,0,0.1787142851947209,5.095890410958904
10.1266311,12.62,762,8440.0,17.1,3.0,0.0,0.0,0,0,0,0,0,0,1,0.3376000012998738,14.23013698630137
10.69194491,16.96,757,3628.0,9.3,0.0,0.0,0.0,0,1,0,0,0,0,0,0.08245454569369647,12.164383561643836
9.952277717,8.57,722,9317.0,53.6,1.0,0.0,0.0,1,0,1,0,0,0,0,0.44366666653603376,8.794634704109589
9.392661929,11.5,742,3954.0,24.0,5.0,0.0,0.0,0,0,0,0,1,0,0,0.32949999992426,12.41381278630137
10.77895629,20.07,752,8903.0,77.4,0.0,0.0,0.0,0,1,0,0,0,0,0,0.18547916664626915,17.013698630136986
11.42081018,1.29,777,5921.0,10.5,0.0,0.0,0.0,0,0,0,0,0,0,0,0.06492324535839479,11.506963471232877
11.41420949,20.33,702,32785.0,91.8,3.0,0.0,0.0,0,0,1,0,0,0,0,0.3618653428983297,13.3149543369863
10.30895266,0.8,802,527.0,1.0,0.0,0.0,0.0,0,0,0,0,0,0,0,0.01756666667798475,10.947945205479453
10.29336514,5.81,757,65.0,0.9,0.0,0.0,0.0,0,0,1,0,0,0,0,0.002200704219415885,5.178082191780822
9.998615898,17.13,707,9847.0,44.4,1.0,1.0,0.0,0,1,0,0,0,0,0,0.4476723038886165,8.465867580821918
11.95761129,5.2,752,6077.0,7.8,1.0,0.0,0.0,0,1,0,0,0,0,0,0.03895512805833262,8.301484019178082
10.65725935,7.0,677,7854.0,81.0,0.0,0.0,0.0,0,1,0,0,0,0,0,0.18480000090783144,12.411073060273974
10.91501573,8.66,707,5337.0,56.2,0.0,0.0,0.0,0,0,0,0,0,0,0,0.09704342175674141,4.191780821917808
10.59663473,19.54,722,919.0,6.1,0.0,0.0,0.0,0,0,0,0,0,0,0,0.02297500007113229,22.438470320547946
10.16585182,12.97,677,1365.0,40.1,1.0,1.0,0.0,0,0,1,0,0,0,0,0.052499999842689986,9.123287671232877
11.3736634,23.49,682,28766.0,0.1,1.0,0.0,0.0,0,0,1,0,0,0,0,0.3306436773795163,12.328881279452055
11.15625052,4.08,762,110.0,11.0,0.0,0.0,0.0,0,0,0,0,0,1,0,0.0015714285730494932,7.397374430136987
11.44035477,15.81,692,25892.0,89.0,1.0,0.0,1.0,0,0,1,0,0,0,0,0.2784086027450492,19.232876712328768
10.15019137,8.25,767,72.0,2.8,1.0,0.0,0.0,0,0,0,0,0,0,0,0.0028129395169039406,5.095890410958904
11.32779998,7.52,662,25505.0,60.7,2.0,0.0,0.0,0,0,1,0,0,0,0,0.30691937450679274,3.202739726027397
10.59653473,7.14,737,8773.0,57.2,0.0,1.0,0.0,0,0,0,0,0,0,0,0.21934693427577573,27.698744301369864
11.25544923,7.3,717,14578.0,56.1,0.0,0.0,0.0,0,0,0,1,0,0,0,0.1885899103066214,9.369977169863013
10.28874995,22.2,707,15509.0,53.5,1.0,0.0,0.0,0,1,0,0,0,0,0,0.5275170085576506,6.515182649315069
10.59663473,21.36,732,22026.0,65.9,1.0,0.0,0.0,0,0,0,0,0,0,0,0.5506500017048529,13.479566210958906
11.88448902,19.97,672,29748.0,51.3,0.0,1.0,0.0,0,0,0,1,0,0,0,0.20515862097743348,28.685045671232878
11.00126616,11.15,667,13672.0,93.8,1.0,0.0,0.0,1,0,1,0,0,0,0,0.2280567140321899,12.082191780821917
10.96812932,13.28,692,22195.0,45.7,1.0,0.0,0.0,0,0,1,0,0,0,0,0.3826988074392428,8.794634704109589
11.84228676,6.76,707,0.0,0.0,3.0,1.0,0.0,0,0,0,0,0,0,0,0.0,31.64394978082192
10.96812932,1.41,777,3444.0,23.8,3.0,0.0,0.0,0,0,0,0,0,0,1,0.05938340584909899,14.96986301369863
10.77895629,19.6,687,13632.0,50.7,1.0,0.0,0.0,0,0,0,0,0,0,0,0.28399999996876796,7.1506849315068495
10.44592812,17.51,692,15708.0,95.8,2.0,0.0,0.0,0,0,1,0,0,0,0,0.45657481490541474,9.457648402739727
11.19547123,18.82,692,18384.0,43.5,1.0,1.0,0.0,0,0,1,0,0,0,0,0.2525274735842436,20.71244292328767
11.05089001,15.47,677,27780.0,74.7,1.0,0.0,0.0,0,0,1,0,0,0,0,0.4409523789123897,14.3836758
11.13453063,18.83,727,24185.0,44.9,2.0,0.0,0.0,1,0,0,0,1,0,0,0.35308631103910626,11.26027397260274
10.82972862,17.23,667,6570.0,39.3,1.0,0.0,0.0,0,0,1,0,0,0,0,0.1300990092847699,4.027397260273973
11.06657586,24.7,687,11972.0,72.1,0.0,0.0,0.0,0,0,1,0,0,0,0,0.187074192209706,11.178082191780822
11.20536716,7.59,687,4073.0,81.5,2.0,0.0,0.0,0,0,1,0,0,0,0,0.055396877349411316,12.986301369863014
11.31203252,11.71,692,18126.0,96.9,0.0,0.0,0.0,0,0,1,0,0,0,0,0.2215892426278915,10.027397260273972
11.85651517,3.03,732,2732.0,4.9,0.0,1.0,0.0,0,0,0,0,1,0,0,0.01937588651242805,16.438470320547946
11.95675836,8.21,707,23021.0,78.3,3.0,0.0,0.0,0,0,0,0,0,1,0,0.1476964332747145,17.013698630136986
10.85892207,12.44,707,8898.0,75.4,0.0,0.0,0.0,1,0,1,0,0,0,0,0.171128548611342,7.397374430136987
10.77895629,20.32,687,9216.0,38.9,1.0,1.0,0.0,0,0,1,0,0,0,0,0.19199999997888537,9.369977169863013
10.71441777,6.8,722,9500.0,31.1,1.0,0.0,0.0,0,0,1,0,0,0,0,0.21111111084774073,7.232876712328767
10.58357482,18.08,677,18688.0,92.1,1.0,0.0,1.0,0,1,0,0,0,0,0,0.473341608542239,9.400114156164383
10.59663473,23.88,717,6901.0,21.2,1.0,0.0,0.0,0,0,1,0,0,0,0,0.17252500053415007,6.164383561643835
10.9329641,2.23,747,3200.0,43.2,4.0,0.0,0.0,0,0,0,0,1,0,0,0.05715102170992291,6.2465753424657535
10.96044417,16.97,797,3658.0,5.4,0.0,0.0,0.0,0,0,0,0,0,0,0,0.06355991077862994,36.9041095890411
11.77528973,17.15,782,7181.0,30.3,0.0,0.0,0.0,0,1,0,0,0,0,0,0.055238461507401984,19.31518264931507
10.12647109,19.06,707,1952.0,26.0,0.0,0.0,0.0,1,0,1,0,0,0,0,0.07809249488108468,23.91780821917808
10.91508846,9.6,802,2893.0,5.3,0.0,0.0,0.0,1,0,0,0,0,0,0,0.05260000022168839,15.205479452054794
10.10217446,22.48,662,4624.0,67.0,0.0,1.0,0.0,0,0,0,0,0,0,0,0.18953926938011093,18.822031964383562
10.59663473,20.07,747,12776.0,68.3,0.0,0.0,0.0,0,1,0,0,0,0,0,0.3194000009888859,28.685045671232878
10.59663473,4.47,717,7174.0,56.6,3.0,0.0,1.0,0,1,0,0,0,0,0,0.17935000055528078,13.167123287671233
10.77895629,9.63,742,3501.0,23.5,1.0,0.0,0.0,1,1,0,0,0,0,0,0.07293749999197892,13.569977169863014
10.49127422,18.57,667,8297.0,72.1,0.0,0.0,0.0,1,0,1,0,0,0,0,0.23047222163180947,5.013698630136986
10.77891462,3.73,672,3218.0,42.9,3.0,0.0,0.0,0,0,0,0,0,0,0,0.06704446034374965,4.191780821917808
10.18490001,14.54,717,0.0,0.0,2.0,0.0,0.0,0,0,0,0,0,0,0,0.0,7.726141553424657
11.08214255,8.51,697,15351.0,77.9,1.0,0.0,0.0,0,1,0,0,0,0,0,0.23616923050419547,12.411073060273974
11.16809439,15.69,802,114.0,0.3,0.0,0.0,0.0,0,0,0,0,0,0,0,0.0016093966180856115,14.79463470410959
9.903487553,12.0,667,6574.0,79.2,1.0,0.0,0.0,0,0,1,0,0,0,0,0.32869999984752535,6.822031964383561
10.89673933,23.8,682,35379.0,89.4,0.0,0.0,0.0,1,1,0,0,0,0,0,0.6551666637488234,9.205479452054794
10.43399815,15.64,682,13403.0,83.8,1.0,0.0,0.0,0,0,0,1,0,0,0,0.39425226482194875,9.04109589041096
11.69524702,12.72,687,23997.0,36.9,1.0,1.0,0.0,0,0,1,0,0,0,0,0.1999750003527925,8.794634704109589
11.56171563,13.93,762,10828.0,14.0,2.0,0.0,0.0,0,0,0,0,1,0,0,0.10312380943508802,14.06027397260274
11.03127022,20.59,732,2941.0,56.6,1.0,0.0,0.0,0,0,1,0,0,0,0,0.04760748503626516,5.095890410958904
11.1123882,21.19,727,22930.0,51.2,2.0,0.0,0.0,0,0,1,0,0,0,0,0.3422592376799423,15.205479452054794
10.88556602,17.0,687,6309.0,70.1,0.0,0.0,0.0,1,1,0,0,0,0,0,0.11814606800035082,5.013698630136986
10.81977828,18.62,702,8063.0,64.2,2.0,0.0,1.0,0,1,0,0,0,0,0,0.16126000071120233,20.630251142465756
9.183174704,18.62,717,5209.0,46.9,0.0,0.0,1.0,0,0,1,0,0,0,0,0.5352445539968019,14.219178082191782
11.01039864,11.58,787,1157.0,5.2,0.0,0.0,0.0,0,0,0,0,1,0,0,0.019123967019006698,10.438470320547944
11.59910316,14.12,777,13430.0,30.9,2.0,0.0,0.0,0,0,0,0,1,0,0,0.12321100932355501,21.53436073150685
11.19821472,1.05,737,19.0,0.2,0.0,1.0,0.0,0,0,0,0,0,0,0,0.00026027397263671297,10.027397260273972
10.81977828,14.21,717,19621.0,80.7,0.0,0.0,0.0,0,0,1,0,0,0,0,0.3924200017306835,9.452168950684932
10.30895266,11.16,672,9493.0,56.8,1.0,0.0,0.0,0,0,1,0,0,0,0,0.3164333335372092,11.42477169041096
11.65268741,15.74,677,13273.0,89.7,0.0,1.0,0.0,0,0,1,0,0,0,0,0.1154173909979593,14.219178082191782
10.38108726,23.71,717,14339.0,58.1,0.0,0.0,0.0,0,0,1,0,0,0,0,0.44470288975026906,8.465753424657533
10.30895266,5.76,667,395.0,1.7,2.0,1.0,0.0,0,0,0,1,0,0,0,0.01316666667514986,3.5343607315068493
11.66992921,4.24,797,5491.0,10.6,0.0,0.0,0.0,0,0,0,0,0,0,0,0.046931624109020485,12.493264841095892
11.24723969,11.14,722,9222.0,48.0,1.0,1.0,0.0,0,1,0,0,0,0,0,0.12028486465800259,9.616552512328767
10.87804719,15.42,727,2880.0,27.4,0.0,0.0,0.0,0,0,0,0,0,0,0,0.054339622779220095,6.4110730602739725
11.08214255,8.62,667,21233.0,57.1,3.0,0.0,0.0,0,0,1,0,0,0,0,0.3266615380949503,18.328881279452055
11.00209984,18.92,697,16843.0,90.1,1.0,0.0,0.0,0,0,1,0,0,0,0,0.28071666700471637,6.328881279452054
10.71441777,6.59,717,12644.0,30.8,3.0,0.0,0.0,0,0,1,0,0,0,0,0.28097777742724567,5.589155252054795
10.81985828,3.0,717,6063.0,19.6,0.0,0.0,0.0,0,0,1,0,0,0,0,0.1212503001227698,9.405479452054795
11.00209984,21.46,667,20702.0,82.5,2.0,1.0,0.0,1,1,0,0,0,0,0,0.34503333374883566,19.726141553424657
10.30895266,16.04,677,2640.0,80.0,0.0,0.0,0.0,0,0,1,0,0,0,0,0.08800000005669781,4.356278539726027
11.36210258,18.54,732,23096.0,55.3,1.0,0.0,0.0,0,0,1,0,0,0,0,0.2685581382553773,10.931506849315069
10.91508846,8.92,732,4590.0,17.7,1.0,0.0,0.0,0,0,0,0,0,0,1,0.08345454580627366,7.071232876712329
11.2586008,20.15,692,36123.0,98.4,3.0,0.0,0.0,0,0,1,0,0,0,0,0.46583874783009893,10.685045663013698
10.37349118,20.29,692,16354.0,63.6,0.0,0.0,0.0,0,0,1,0,0,0,0,0.5110625009106435,18.0
10.71441777,14.27,747,7224.0,73.7,0.0,0.0,0.0,0,0,0,0,0,0,0,0.16053333313306095,21.205479452054796
10.94552949,16.78,722,13066.0,24.9,1.0,0.0,0.0,0,0,0,0,0,0,0,0.23044091704210243,7.397374430136987
9.94251594,5.02,687,1889.0,43.9,2.0,0.0,0.0,0,0,0,0,0,1,0,0.09083477587335607,3.3013698630136985
11.24504602,23.29,712,40752.0,89.5,0.0,0.0,0.0,0,0,1,0,0,0,0,0.5327058822541919,12.411073060273974
11.65268741,9.52,717,22424.0,34.4,0.0,0.0,0.0,0,0,1,0,0,0,0,0.19499130383019958,22.61107306027397
10.47925786,24.63,677,8928.0,62.2,2.0,0.0,0.0,0,0,1,0,0,0,0,0.2509980332900378,16.10958904109589
10.54534144,14.49,777,1595.0,5.1,0.0,0.0,0.0,0,0,0,0,0,0,0,0.04197368415631828,13.561757991780823
10.96819829,3.41,737,7711.0,58.4,3.0,0.0,0.0,0,1,0,0,0,0,0,0.13294827579939134,18.822031964383562
11.6351431,1.07,787,4333.0,17.1,0.0,0.0,0.0,0,1,0,0,0,0,0,0.03834513265495725,8.630251142465754
11.35040654,0.42,737,890.0,6.4,1.0,0.0,0.0,0,0,0,1,0,0,0,0.010470588187888045,3.1232876712328768
10.85591733,8.4,792,2475.0,12.3,1.0,0.0,0.0,0,0,0,0,0,1,0,0.04774305560454737,10.60285388219178
11.15625052,16.87,747,4304.0,4.1,4.0,0.0,0.0,0,0,0,0,0,0,1,0.061485714349136536,13.7013698630137
11.40756495,17.32,692,27248.0,79.4,1.0,0.0,0.0,0,0,0,1,0,0,0,0.3027555553473817,20.054794520547944
9.998615898,23.73,707,3228.0,38.4,3.0,0.0,0.0,0,0,0,0,0,0,0,0.14675395520995776,4.438470320547945
10.89807177,17.95,712,14968.0,28.1,1.0,0.0,0.0,0,0,0,0,0,0,0,0.2768160972717468,13.479566210958906
11.08220409,18.92,687,0.0,0.0,1.0,3.0,0.0,0,0,0,0,0,0,0,0.0,15.205479452054794
11.03495418,7.61,702,22493.0,30.9,1.0,0.0,0.0,0,0,0,0,1,0,0,0.36276691756507873,22.112328767123287
10.81985828,15.24,672,2401.0,57.2,0.0,0.0,0.0,0,0,0,1,0,0,0,0.048016158765424755,7.561757991780822
9.952277717,11.77,712,8680.0,24.6,0.0,0.0,1.0,0,1,0,0,0,0,0,0.41333333321163174,41.506963479452054
11.40756495,5.83,697,8091.0,36.4,0.0,0.0,0.0,0,0,1,0,0,0,0,0.08989999993818501,19.561757991780823
11.27720313,9.92,767,1431.0,4.4,4.0,0.0,0.0,0,0,0,0,1,0,0,0.018113924076882858,9.863013698630137
11.26446411,7.29,727,11646.0,33.8,3.0,0.0,0.0,0,1,0,0,0,0,0,0.14930769166144806,7.32054794520548
9.903487553,10.32,697,3688.0,97.1,1.0,0.0,0.0,0,0,0,0,0,0,1,0.18439999991446204,4.232876712328767
10.23995979,10.89,712,9020.0,56.7,1.0,0.0,0.0,0,0,1,0,0,0,0,0.3221428568714005,6.493150684931507
11.28978191,24.5,737,13734.0,75.5,1.0,0.0,0.0,0,1,0,0,0,0,0,0.17167500062764693,25.64394977260274
10.858999,18.58,687,6180.0,92.2,0.0,0.0,0.0,0,0,1,0,0,0,0,0.11884615355659277,15.238356164383562
11.22524339,13.63,712,15646.0,81.9,1.0,1.0,0.0,0,1,0,0,0,0,0,0.2086133338587152,17.835730594520548
10.59663473,19.44,727,17944.0,57.5,0.0,0.0,0.0,0,0,1,0,0,0,0,0.44860000138889855,12.246575342465754
10.59663473,13.68,682,4764.0,79.4,2.0,1.0,0.0,0,0,1,0,0,0,0,0.11910000036874235,6.4110730602739725
10.49127422,16.37,667,16083.0,71.8,0.0,0.0,0.0,0,1,0,0,0,0,0,0.4467499988555372,4.027397260273973
11.22524339,8.0,677,17321.0,87.6,0.0,1.0,0.0,0,0,1,0,0,0,0,0.23094666724829388,12.164383561643836
11.91839057,7.5,762,79333.0,4.5,0.0,0.0,0.0,0,0,0,0,1,0,0,0.5288866682947877,6.4110730602739725
11.00209984,22.24,702,9520.0,76.2,0.0,0.0,0.0,0,0,0,0,0,0,0,0.1586666668577391,12.082191780821917
10.58354949,18.57,682,9625.0,56.0,2.0,0.0,0.0,0,0,1,0,0,0,0,0.24379432710597526,6.493264841095891
10.66895539,22.02,752,22486.0,26.6,0.0,0.0,0.0,1,1,0,0,0,0,0,0.5229302350032038,7.6905251150684935
11.73606902,10.53,742,9348.0,49.5,2.0,0.0,0.0,0,0,0,0,0,1,0,0.0747839997221354,34.35627854794521
10.37349118,1.13,752,833.0,8.2,2.0,0.0,0.0,0,0,0,0,0,0,0,0.02603125004638413,10.356278539726027
10.98494147,10.46,777,152.0,0.6,1.0,0.0,0.0,0,0,0,0,0,0,0,0.002577176268081779,8.49326484109589
11.1844214,19.87,672,5517.0,34.1,2.0,0.0,0.0,1,0,1,0,0,0,0,0.07662499984661152,13.150684931506849
11.06657586,16.78,762,11160.0,14.9,1.0,0.0,0.0,0,0,1,0,0,0,0,0.17438589918646166,12.493264841095892
11.87756858,4.35,667,157.0,52.3,1.0,1.0,1.0,0,0,0,0,0,0,0,0.001090277776205747,22.438470320547946
11.40645322,22.59,702,30523.0,77.7,1.0,0.0,0.0,0,0,0,0,0,0,1,0.33952169092360174,13.643835616438356
10.91643301,22.18,667,43110.0,93.3,1.0,0.0,0.0,0,0,1,0,0,0,0,0.7827650105624513,30.49326484931507
10.1266311,18.0,672,9394.0,44.6,3.0,0.0,0.0,1,1,0,0,0,0,0,0.3757600014468026,10.356278539726027
11.23848862,16.56,712,21118.0,65.2,0.0,0.0,0.0,1,0,0,0,0,0,0,0.277868420849362,8.890525115068494
11.10122093,16.55,722,24345.0,93.6,0.0,0.0,0.0,0,1,0,0,0,0,0,0.36746060572426387,22.685045663013696
10.37361617,22.08,697,10543.0,29.1,0.0,0.0,0.0,0,0,1,0,0,0,0,0.3294275728613881,14.301369863013699
10.71441777,15.68,677,17826.0,92.8,2.0,0.0,0.0,0,0,0,0,0,0,1,0.3961333328391396,19.15068493150685
11.2771525,17.96,702,754.0,9.5,1.0,2.0,0.0,0,0,0,0,0,0,0,0.009544787051634659,8.876826484931506
11.28978191,10.95,702,13742.0,64.5,0.0,0.0,0.0,1,1,0,0,0,0,0,0.17177500062801254,9.369977169863013
11.35040654,2.82,767,7603.0,20.7,0.0,0.0,0.0,0,1,0,0,0,0,0,0.08944705841855372,17.26027397260274
10.85892207,10.87,677,11419.0,84.6,1.0,1.0,0.0,0,0,1,0,0,0,0,0.21961304749302252,7.643949772602739
10.30895266,17.8,697,1568.0,44.8,1.0,0.0,0.0,0,0,0,0,0,0,0,0.052266666700341725,9.452168950684932
9.903487553,5.04,722,3246.0,22.2,1.0,0.0,1.0,0,0,1,0,0,0,0,0.1622999999247136,14.46586758082192
10.88743693,10.56,747,25121.0,88.4,1.0,0.0,0.0,0,0,0,0,0,0,0,0.4695514032233912,17.34246575342466
10.28465997,7.25,772,6469.0,14.9,1.0,0.0,0.0,0,0,0,0,0,0,0,0.22093579192448018,20.221917808219178
11.1844214,10.43,687,13693.0,68.8,0.0,0.0,0.0,0,0,1,0,0,0,0,0.19018055517485072,8.712442923287671
9.740968623,8.26,697,3090.0,55.2,0.0,0.0,0.0,0,0,0,0,0,0,0,0.18176470588932409,3.2356164383561645
11.40756495,16.53,667,15534.0,87.3,3.0,0.0,0.0,0,0,1,0,0,0,0,0.17259999988132071,3.6220319643835617
11.1124479,11.77,742,220.0,4.0,1.0,0.0,0.0,0,0,0,0,1,0,0,0.003283582084210191,14.054680364383561
11.16863071,24.91,692,6344.0,32.4,0.0,1.0,0.0,0,0,1,0,0,0,0,0.08951348929437308,24.246575342465754
11.08214255,9.73,762,717.0,2.7,1.0,0.0,0.0,0,0,0,0,0,0,0,0.011030769218390211,16.04931506849315
11.31498659,16.54,697,12147.0,91.3,0.0,0.0,0.0,1,0,1,0,0,0,0,0.14805831163220998,17.17808219178082
10.55518754,10.76,672,9961.0,99.6,0.0,0.0,0.0,0,0,1,0,0,0,0,0.2595632695355144,5.424771690410958
11.15619338,21.21,692,40125.0,92.0,1.0,0.0,0.0,0,0,1,0,0,0,0,0.5732470407056581,15.698744293150686
11.32659589,4.41,672,12513.0,99.3,0.0,0.0,0.0,0,0,0,0,1,0,0,0.1507590356589435,16.76723744383562
10.87804719,20.15,737,18154.0,54.4,0.0,0.0,0.0,0,0,1,0,0,0,0,0.3425283027548478,16.273972602739725
11.30958454,4.97,787,11.0,1.0,3.0,0.0,0.0,0,0,0,0,0,0,1,0.0001348039216969876,10.767237443835617
11.01862914,17.7,762,12416.0,21.9,3.0,0.0,0.0,0,0,1,0,0,0,0,0.20354098424882047,13.235616438356164
10.43399815,24.71,702,8375.0,58.2,1.0,0.0,0.0,0,0,1,0,0,0,0,0.24635251196626284,10.767237443835617
11.40756495,17.63,682,6345.0,90.6,0.0,0.0,1.0,0,0,0,0,1,0,0,0.0704999999515244,12.904109589041095
11.8493977,0.32,747,3926.0,11.5,0.0,0.0,0.0,0,0,1,0,0,0,0,0.02804285718748568,4.438470320547945
10.73630972,11.48,712,16727.0,53.1,2.0,0.0,0.0,0,0,1,0,0,0,0,0.3636620558132106,8.136986301369863
10.51888938,13.46,702,4800.0,94.1,1.0,0.0,0.0,1,0,1,0,0,0,0,0.1297016867018445,8.794634704109589
11.15619338,14.8,687,10619.0,47.8,0.0,1.0,0.0,0,0,0,0,0,0,0,0.1517086685421404,8.794520547945206
10.57131693,9.72,667,10490.0,96.2,1.0,0.0,0.0,0,0,1,0,0,0,0,0.268974357659554,6.493264841095891
10.75790288,19.38,727,9554.0,34.2,1.0,1.0,0.0,0,0,0,0,0,0,1,0.2032765958853881,11.26027397260274
10.71441777,21.68,687,12000.0,82.2,0.0,0.0,0.0,0,0,1,0,0,0,0,0.2666666663339883,7.479566210958904
11.13470581,8.22,752,2932.0,17.2,0.0,0.0,0.0,0,1,0,0,0,0,0,0.04279792122884372,23.506963471232876
11.58058411,13.38,707,35598.0,57.9,0.0,0.0,0.0,0,0,1,0,0,0,0,0.33269158993085085,15.287557076712327
10.4491745,10.53,797,5133.0,7.3,0.0,0.0,0.0,0,0,0,0,1,0,0,0.14871419975489328,15.452168950684932
10.46310334,11.67,672,8105.0,87.2,1.0,0.0,0.0,0,0,0,0,0,1,0,0.23157142868062622,5.671347032876712
10.858999,16.59,757,43232.0,41.1,0.0,0.0,0.0,1,0,0,0,0,0,1,0.8313846133589997,15.123287671232877
12.47125984,7.82,712,11697.0,33.2,0.0,0.0,0.0,0,0,0,0,0,0,1,0.04486164134710571,24.0
9.210340372,8.28,677,802.0,6.3,1.0,1.0,0.0,1,0,1,0,0,0,0,0.08019999999808991,5.260273972602739
10.93310697,11.16,712,18513.0,60.1,2.0,0.0,0.0,1,1,0,0,0,0,0,0.33058928562082335,6.487557076712329
11.00209984,4.32,752,3428.0,6.1,0.0,0.0,0.0,0,0,0,0,0,0,0,0.05713333340213547,18.739840183561643
11.08220409,20.16,727,25147.0,60.3,1.0,0.0,0.0,0,1,0,0,0,0,0,0.3868531149695102,9.309474884931507
11.60823564,15.75,717,35544.0,67.6,2.0,0.0,0.0,0,1,0,0,0,0,0,0.32312727427006105,7.561757991780822
10.6454249,17.86,687,8817.0,60.0,1.0,0.0,0.0,0,0,0,0,0,0,0,0.20992857085452285,7.972602739726027
11.51292546,19.26,717,26711.0,41.7,2.0,0.0,0.0,0,0,1,0,0,0,0,0.2671100013275977,11.342465753424657
11.35035948,7.78,697,18067.0,60.6,0.0,0.0,0.0,1,0,0,0,0,0,0,0.212562943190862,13.232762556164383
10.91523391,20.4,702,7085.0,41.7,1.0,0.0,0.0,0,0,1,0,0,0,0,0.1287994471190291,15.205479452054794
10.30895266,23.24,737,16775.0,47.4,0.0,0.0,0.0,0,0,0,0,0,0,1,0.559166667026934,14.301369863013699
10.81977828,6.19,667,11819.0,75.8,0.0,0.0,0.0,0,0,1,0,0,0,0,0.23638000104250284,10.191780821917808
10.71441777,20.35,737,4717.0,51.3,0.0,0.0,0.0,0,0,1,0,0,0,0,0.1048222220914519,5.342465753424658
11.00209984,13.0,697,5878.0,52.0,0.0,0.0,0.0,1,0,0,0,0,0,1,0.09796666678464186,10.520662101369863
11.03811028,22.98,672,18182.0,72.7,0.0,0.0,0.0,0,0,1,0,0,0,0,0.29231511216815503,6.328767123287672
10.08580911,13.5,692,2109.0,42.2,1.0,0.0,0.0,0,0,0,0,0,1,0,0.08787499994113104,7.232876712328767
10.85892207,15.07,707,12324.0,25.5,2.0,0.0,0.0,1,0,0,0,0,0,0,0.23701823253384793,15.287671232876713
11.32659589,18.88,717,5033.0,17.1,1.0,0.0,0.0,0,0,0,0,0,0,0,0.06063855402153461,5.342465753424658
10.49127422,20.37,742,8990.0,58.0,0.0,0.0,0.0,1,0,0,0,0,0,0,0.24972222158249574,10.10958904109589
10.96819829,14.07,702,14057.0,37.8,0.0,0.0,0.0,0,0,1,0,0,0,0,0.24236206885125716,16.027397260273972
11.22524339,21.01,672,10025.0,57.8,1.0,1.0,0.0,0,0,0,0,1,0,0,0.13366666700329924,16.76723744383562
9.903487553,0.0,772,7405.0,18.5,0.0,0.0,0.0,0,1,0,0,0,0,0,0.37024999982825146,11.353424657534246
11.22524339,3.06,752,4498.0,5.3,0.0,0.0,0.0,1,0,0,0,0,0,0,0.059973333484373066,10.273972602739725
11.08827754,9.76,692,0.0,0.0,1.0,0.0,0.0,0,0,0,0,1,0,0,0.0,11.671347032876714
9.915663128,8.83,767,4120.0,5.7,1.0,0.0,0.0,0,0,1,0,0,0,0,0.20350703886989363,22.685045663013696
11.15625052,0.26,762,186.0,0.7,2.0,0.0,0.0,0,0,0,0,0,0,1,0.0026571428598836885,11.999885843835616
11.08214255,22.45,737,32820.0,73.4,0.0,0.0,0.0,0,0,1,0,0,0,0,0.504923076356439,18.986301369863014
11.1844214,12.25,697,35761.0,92.2,2.0,0.0,0.0,0,0,1,0,0,0,0,0.4966805545612968,14.548059361643837
9.798127037,9.73,712,13.0,1.3,1.0,0.0,0.0,0,0,0,0,0,0,0,0.0007222222221343287,4.520662101369863
11.09741002,5.8,747,19926.0,55.5,0.0,0.0,0.0,0,0,1,0,0,0,0,0.30190909121358517,12.493036528767123
10.30895266,18.28,712,14577.0,34.7,0.0,0.0,0.0,0,0,0,0,0,0,1,0.4859000003130621,19.232876712328768
10.20536834,6.26,677,7974.0,91.7,0.0,1.0,0.0,0,0,1,0,0,0,0,0.2948092293325827,5.013698630136986
11.08214255,18.2,687,13875.0,37.2,0.0,0.0,0.0,0,0,1,0,0,0,0,0.21346153822198632,6.575342465753424
10.46321762,24.61,677,1685.0,38.3,1.0,0.0,0.0,0,0,1,0,0,0,0,0.048137355714200976,3.8164383561643835
11.2579816,18.83,702,1575.0,23.2,2.0,0.0,0.0,0,0,0,0,0,1,0,0.020323629629171783,8.465867580821918
10.37324115,3.75,742,883.0,13.8,1.0,0.0,0.0,0,0,0,1,0,0,0,0.027600650177076632,9.452168950684932
11.33857208,17.8,737,24177.0,20.2,1.0,0.0,0.0,0,0,0,0,0,0,0,0.28782142794554655,13.64394977260274
10.82972862,9.17,702,5229.0,15.2,0.0,0.0,0.0,0,0,1,0,0,0,0,0.1035445539650018,10.356164383561644
10.81985828,24.07,687,4305.0,56.6,3.0,1.0,0.0,1,0,0,0,0,1,0,0.08609311265520765,8.301369863013699
11.36673138,6.83,777,103088.0,29.8,1.0,0.0,0.0,0,0,0,0,0,0,0,1.1931619586698912,13.397374430136987
11.0814654,6.76,687,9463.0,83.7,1.0,0.0,0.0,0,0,0,0,1,0,0,0.14568323122857998,12.821917808219178
10.8077057,10.91,667,6241.0,21.0,3.0,0.0,0.0,1,0,0,0,0,0,0,0.12633603278990901,5.589155252054795
9.680344001,12.6,682,5560.0,32.9,1.0,0.0,0.0,0,1,0,0,0,0,0,0.3475000000771166,3.4602739726027396
11.02190247,17.65,687,13140.0,55.9,0.0,0.0,0.0,0,0,0,0,0,0,0,0.21470588203097188,6.822031964383561
11.02190247,14.75,672,9184.0,58.5,3.0,0.0,0.0,0,0,0,0,0,1,0,0.15006535925208872,6.496004567123288
11.40756495,13.73,682,9101.0,42.9,3.0,0.0,0.0,0,0,1,0,0,0,0,0.10112222215269086,13.72614155342466
11.28978191,14.21,672,8664.0,93.2,1.0,0.0,0.0,0,0,1,0,0,0,0,0.10830000039594678,12.246575342465754
11.10495723,14.29,697,13999.0,58.1,2.0,0.0,0.0,0,0,0,0,0,0,0,0.2105112774890014,10.808219178082192
11.00209984,19.22,682,14309.0,57.0,1.0,0.0,0.0,0,1,0,0,0,0,0,0.23848333362052407,11.451940638356163
10.59663473,13.14,712,2897.0,33.3,1.0,0.0,0.0,0,0,1,0,0,0,0,0.07242500022423312,5.342465753424658
11.11988288,6.9,727,20863.0,52.8,0.0,0.0,0.0,0,0,1,0,0,0,0,0.30908148051115747,8.712442923287671
10.81977828,15.1,677,24738.0,50.0,2.0,0.0,0.0,0,0,1,0,0,0,0,0.4947600021820319,8.178082191780822
11.19134184,24.7,677,45383.0,79.6,0.0,0.0,0.0,0,0,0,0,1,0,0,0.625972414320652,5.693150684931507
10.74720759,21.7,727,15354.0,35.5,2.0,0.0,0.0,0,0,1,0,0,0,0,0.3301935489072993,36.657648410958906
10.78931908,4.08,742,4014.0,25.9,0.0,0.0,0.0,0,0,0,0,0,0,0,0.0827628863434898,9.86312785479452
11.18725073,14.21,687,53683.0,74.4,0.0,0.0,0.0,0,0,1,0,0,0,0,0.7434906616258564,15.780936073972605
11.51288546,18.58,692,71161.0,60.0,1.0,0.0,0.0,0,0,1,0,0,0,0,0.7116384685063015,20.054794520547944
11.35040654,18.58,712,67614.0,49.2,0.0,0.0,0.0,1,0,0,0,0,0,1,0.7954588199279351,24.575456621917805
10.71441777,19.12,767,14729.0,48.9,5.0,0.0,0.0,1,0,1,0,0,0,0,0.32731111070277613,15.863127854794522
10.12021054,14.73,767,2130.0,12.3,4.0,0.0,0.0,1,0,0,0,0,0,0,0.08574879193160198,9.463013698630137
10.49127422,23.77,692,6581.0,39.6,1.0,0.0,0.0,1,0,1,0,0,0,0,0.182805555087253,12.164383561643836
10.37349118,11.44,697,6389.0,58.1,2.0,0.0,0.0,0,0,1,0,0,0,0,0.19965625035576015,5.589155252054795
10.36646657,9.67,717,3967.0,48.9,0.0,0.0,0.0,0,0,0,0,0,0,0,0.1248426481458873,3.4521689506849316
10.73639668,9.97,662,10039.0,53.7,1.0,0.0,0.0,0,0,1,0,0,0,0,0.21823912944642815,4.602853882191781
11.42954386,4.73,692,40479.0,8.4,3.0,0.0,0.0,0,0,0,0,0,0,0,0.43998912868854345,24.164383561643834
10.37173965,22.13,682,7458.0,64.3,0.0,0.0,0.0,0,0,1,0,0,0,0,0.23347107408670545,6.328767123287672
11.22524339,5.79,737,4000.0,11.0,0.0,0.0,1.0,0,0,1,0,0,0,0,0.05333333346765057,13.150684931506849
10.71441777,7.95,682,11816.0,47.6,0.0,0.0,0.0,0,0,1,0,0,0,0,0.26257777745020044,6.4110730602739725
10.81977828,22.99,667,6712.0,64.5,2.0,0.0,0.0,0,0,0,0,0,0,0,0.13424000059203647,10.767123287671232
12.22587527,9.14,747,25814.0,29.1,0.0,0.0,0.0,0,1,0,0,0,0,0,0.1265392160439191,10.849315068493151
10.81977828,19.51,737,7936.0,50.9,0.0,0.0,0.0,0,0,1,0,0,0,0,0.15872000070000022,12.367009131506848
11.00209984,1.06,767,7161.0,16.4,0.0,0.0,0.0,0,0,0,0,0,0,0,0.11935000014372582,13.032762556164382
10.34161344,5.3,662,4620.0,64.2,1.0,0.0,0.0,0,0,0,1,0,0,0,0.14905149094474596,7.498630136986302
10.77895629,24.52,742,39689.0,69.5,1.0,0.0,0.0,0,0,0,0,0,0,1,0.8268541665757358,8.301255706849314
10.49127422,14.0,677,20616.0,94.1,2.0,0.0,0.0,1,0,0,0,0,0,1,0.5726666651996365,7.47945205479452
10.91501573,5.59,692,2432.0,24.1,1.0,2.0,0.0,0,0,0,0,0,0,0,0.04422139810987355,10.273858446575343
10.81977828,11.4,792,339.0,1.1,0.0,0.0,0.0,0,0,0,0,0,0,0,0.006780000029901723,10.849315068493151
10.81977828,6.79,692,6165.0,79.0,1.0,0.0,0.0,0,0,0,0,0,0,1,0.12330000054378797,3.452054794520548
11.44035477,19.24,717,40761.0,65.6,0.0,0.0,0.0,0,1,0,0,0,0,0,0.4382903235165669,40.43835616438356
10.46321762,22.76,782,4407.0,9.2,0.0,0.0,0.0,0,0,1,0,0,0,0,0.1258998971112663,14.876712328767123
10.87426647,0.59,742,630.0,7.9,1.0,0.0,0.0,0,0,0,0,0,1,0,0.011931818178171252,10.273858446575343
11.06663836,16.72,712,9878.0,56.4,3.0,1.0,0.0,0,0,0,0,0,0,0,0.15434375036144346,20.05468036438356
10.74281084,5.94,707,8134.0,80.2,0.0,0.0,0.0,0,0,1,0,0,0,0,0.17569552502301244,11.999885843835616
10.47678644,17.28,672,6547.0,56.9,0.0,0.0,0.0,0,0,1,0,0,0,0,0.18451505285144548,9.64109589041096
11.35040654,11.86,732,35166.0,67.2,0.0,0.0,0.0,0,0,0,0,0,1,0,0.41371764518569776,17.756164383561643
11.98292909,5.02,762,5253.0,5.9,6.0,0.0,0.0,0,0,0,0,0,0,1,0.03283125013841534,19.397260273972602
11.1844214,18.5,742,41059.0,51.0,0.0,0.0,0.0,0,0,0,0,0,0,0,0.5702638877473305,17.999885843835614
11.23511451,12.74,712,71116.0,72.1,3.0,0.0,0.0,0,1,0,0,0,0,0,0.9388994529539209,11.408219178082192
11.58988651,7.04,792,2759.0,11.0,5.0,0.0,0.0,0,0,0,0,0,0,0,0.025546296196828144,23.671232876712327
9.741203889,24.63,732,5101.0,30.4,1.0,0.0,0.0,1,0,1,0,0,0,0,0.29998823820523135,10.438356164383562
10.66886237,11.95,692,3517.0,40.4,0.0,0.0,0.0,0,0,1,0,0,0,0,0.08179830658144761,9.36986301369863
12.1547583,1.05,777,2009.0,9.1,0.0,0.0,0.0,0,0,0,0,0,0,0,0.010573906801003575,10.767123287671232
11.15625052,20.54,687,16124.0,70.1,1.0,0.0,0.0,0,0,1,0,0,0,0,0.2303428573804548,5.999885843835616
11.7905572,14.59,787,152.0,1.0,1.0,0.0,0.0,0,0,0,0,0,0,1,0.0011515151533213117,14.958789953424656
10.81977828,3.24,822,35624.0,2.5,0.0,0.0,0.0,0,0,0,0,0,0,1,0.7124800031422389,19.89041095890411
10.81985828,16.58,712,757.0,22.9,1.0,0.0,0.0,0,0,0,0,0,0,1,0.015138788915213051,8.383561643835616
11.64395373,15.27,702,52285.0,93.4,1.0,0.0,0.0,0,0,1,0,0,0,0,0.45864034967401085,7.232762556164384
10.40426284,20.36,702,19812.0,66.7,0.0,0.0,0.0,0,0,1,0,0,0,0,0.6003636366329702,4.931506849315069
11.91839057,10.98,692,75454.0,72.4,1.0,0.0,0.0,0,0,0,0,0,0,1,0.5030266682151805,5.999885843835616
11.5211317,4.96,672,3402.0,47.9,2.0,0.0,0.0,0,0,1,0,0,0,0,0.03374196624972179,10.767123287671232
11.15625052,7.89,722,18505.0,95.9,1.0,0.0,0.0,0,0,0,0,0,0,0,0.2643571431298261,8.958789953424658
11.08214255,16.25,722,15923.0,56.3,0.0,0.0,0.0,0,0,1,0,0,0,0,0.24496923049431987,11.09577625479452
10.37349118,5.7,772,7549.0,14.2,2.0,0.0,0.0,0,0,0,0,0,1,0,0.2359062504203527,20.958789953424656
10.57131693,13.75,717,8123.0,57.2,1.0,0.0,0.0,0,0,0,0,0,0,0,0.2082820502639235,6.493150684931507
11.52584169,14.42,662,3781.0,16.3,3.0,0.0,0.0,0,0,0,0,0,0,0,0.037324777896300544,19.643835616438356
10.40426284,11.78,662,6063.0,49.3,1.0,1.0,0.0,0,0,0,0,0,0,0,0.18372727280969608,8.802739726027397
10.91508846,20.07,717,34260.0,77.5,0.0,0.0,0.0,0,0,0,0,0,0,1,0.6229090935344087,12.208105021917808
10.79973883,11.7,687,17386.0,84.4,2.0,0.0,0.0,0,0,1,0,0,0,0,0.3547584064617094,11.342351597260272
12.12269104,7.28,732,50381.0,68.5,1.0,0.0,0.0,1,0,1,0,0,0,0,0.27380978167531184,19.775342465753425
10.46310334,15.22,717,6881.0,27.3,0.0,1.0,0.0,0,0,0,0,0,0,0,0.19660000009270687,12.904109589041095
11.40756495,8.21,687,5226.0,48.8,2.0,0.0,0.0,0,0,1,0,0,0,0,0.05806666662674019,23.260159816438357
11.63509885,0.39,772,2498.0,10.6,0.0,0.0,0.0,0,0,0,0,0,0,0,0.022107172860054917,19.89041095890411
11.1124479,10.39,667,12736.0,70.4,2.0,2.0,0.0,0,0,1,0,0,0,0,0.19008955192955,20.794520547945204
11.35977429,7.92,822,1874.0,5.5,0.0,0.0,0.0,0,0,1,0,0,0,0,0.02184149174268209,30.852054794520548
10.858999,24.92,687,28336.0,86.9,0.0,0.0,0.0,0,0,1,0,0,0,0,0.5449230755954065,8.876712328767123
10.6454249,14.2,717,8687.0,54.6,0.0,0.0,0.0,0,0,1,0,0,0,0,0.20683333276774868,4.438356164383562
10.81985828,13.7,692,11442.0,52.0,0.0,0.0,0.0,0,0,1,0,0,0,0,0.22882169454143692,6.575342465753424
11.1844214,20.1,707,27316.0,45.2,0.0,0.0,0.0,0,0,1,0,0,0,0,0.37938888812942545,6.657534246575342
10.46595641,21.91,757,615.0,6.1,7.0,0.0,0.0,0,0,0,0,1,0,0,0.0175213675118001,9.369748857534246
11.3736634,13.5,727,18695.0,53.7,3.0,0.0,0.0,0,0,0,0,0,0,0,0.21488505696343102,13.728767123287671
10.81985828,13.94,667,11929.0,48.7,0.0,0.0,0.0,0,0,0,0,1,0,0,0.2385609154155568,4.8493150684931505
10.30895266,15.88,762,4532.0,33.6,0.0,0.0,0.0,1,0,1,0,0,0,0,0.15106666676399788,9.945205479452055
11.42958733,5.07,752,21365.0,39.4,0.0,0.0,0.0,1,0,1,0,0,0,0,0.23221816520484323,22.36426940547945
10.89673933,4.62,697,7956.0,48.5,0.0,1.0,0.0,0,0,1,0,0,0,0,0.14733333267717116,14.301255706849314
10.59663473,0.9,732,114.0,2.8,0.0,0.0,0.0,0,0,0,0,0,0,0,0.0028500000088238094,42.249200904109586
11.15625052,10.32,782,7537.0,17.9,0.0,0.0,0.0,0,1,0,0,0,0,0,0.10767142868249119,15.20536529589041
10.53049493,22.92,662,7566.0,47.3,1.0,1.0,0.0,0,0,1,0,0,0,0,0.20208333345287144,11.177968035616438
11.00209984,9.44,747,23186.0,61.5,1.0,0.0,0.0,1,0,1,0,0,0,0,0.3864333337986911,14.301255706849314
10.59663473,4.62,677,7110.0,58.3,0.0,0.0,1.0,0,0,0,0,0,0,1,0.17775000055032705,6.164269405479452
11.16764253,2.71,667,3505.0,33.4,2.0,0.0,0.0,0,0,1,0,0,0,0,0.049504251186912006,16.356050227397258
10.58405595,20.35,677,7616.0,44.8,0.0,0.0,0.0,0,0,1,0,0,0,0,0.19281012675372783,3.780821917808219
11.12726298,9.21,742,4434.0,16.9,0.0,0.0,0.0,0,0,0,0,1,0,0,0.06520588262408318,17.753424657534246
11.00209984,10.54,682,12927.0,33.1,0.0,0.0,0.0,0,0,0,0,0,0,1,0.2154500002594531,19.3149543369863
10.32548196,10.54,752,1859.0,11.4,0.0,0.0,0.0,0,0,0,0,0,1,0,0.06095081983032922,6.002625569863014
10.23981692,22.72,702,3972.0,37.8,1.0,0.0,0.0,0,0,0,0,0,0,0,0.14187741131543982,8.054680364383561
11.28973191,14.93,682,30564.0,78.6,2.0,0.0,0.0,0,0,1,0,0,0,0,0.3820691043744221,10.109474884931506
10.88743693,14.06,702,7701.0,30.3,1.0,3.0,0.0,0,0,1,0,0,0,0,0.14394392564879327,31.397260273972602
11.03488966,10.35,702,17499.0,60.0,0.0,0.0,0.0,0,1,0,0,0,0,0,0.28224193662052394,5.013584473972603
9.61580548,10.48,702,653.0,3.7,1.0,0.0,0.0,0,0,0,0,0,0,0,0.04353333333700522,6.361529679452055
10.95080655,18.76,747,40383.0,63.0,3.0,0.0,0.0,0,0,1,0,0,0,0,0.7084736819552334,9.040981734246575
10.6454249,15.29,692,5826.0,31.5,0.0,1.0,0.0,0,0,0,0,0,0,0,0.13871428533497224,14.301255706849314
10.6454249,15.43,687,21980.0,51.5,2.0,0.0,0.0,0,1,0,0,0,0,0,0.523333331902281,11.424657534246576
11.30471979,0.15,692,517.0,8.9,0.0,1.0,0.0,0,0,0,0,0,0,0,0.006366681418925875,11.999885843835616
11.1124479,6.86,682,9583.0,77.3,1.0,0.0,0.0,0,0,1,0,0,0,0,0.14302985051357392,14.383447487671232
10.59653473,22.98,692,25336.0,48.5,1.0,0.0,0.0,1,0,0,0,0,0,0,0.6334633451283544,19.80821917808219
10.91516119,20.88,682,19226.0,93.1,2.0,0.0,0.0,0,0,1,0,0,0,0,0.3495382149980432,7.890410958904109
10.49127422,5.07,712,0.0,,2.0,0.0,0.0,0,0,0,0,0,0,1,0.0,6.084817350684932
10.19555997,21.33,672,12041.0,59.3,3.0,0.0,0.0,0,0,1,0,0,0,0,0.44955943994942066,9.452054794520548
10.7254676,11.76,682,10244.0,43.2,2.0,0.0,0.0,0,0,1,0,0,0,0,0.22514285825484712,4.027283104109589
11.15961628,20.43,707,19450.0,92.6,3.0,0.0,0.0,0,1,0,0,0,0,0,0.27692351475156407,12.821917808219178
11.19821472,11.59,767,0.0,,1.0,0.0,0.0,1,0,0,0,1,0,0,0.0,15.131392693150683
11.49272276,16.4,697,30993.0,71.2,0.0,0.0,0.0,0,0,1,0,0,0,0,0.31625510129847373,11.917808219178083
11.08214255,2.38,782,3630.0,10.1,0.0,0.0,0.0,0,0,0,0,1,0,0,0.055846153783481824,10.273858446575343
10.08580911,7.85,727,13197.0,22.0,2.0,0.0,0.0,0,0,1,0,0,0,0,0.5498749996316294,14.794520547945206
10.68051622,5.49,737,2786.0,39.2,2.0,0.0,0.0,0,0,0,0,0,0,0,0.06404597682427352,6.821917808219178
10.6454249,9.03,742,14894.0,48.1,3.0,0.0,0.0,0,0,0,0,0,0,0,0.3546190466493437,8.13687214520548
11.42954386,6.59,807,713.0,3.9,0.0,0.0,0.0,0,0,1,0,0,0,0,0.007749999969241619,22.438356164383563
10.34817337,4.54,702,2317.0,27.3,0.0,0.0,0.0,0,0,0,1,0,0,0,0.07426282079483908,6.328652967123288
11.53272809,2.47,742,11616.0,21.8,0.0,0.0,0.0,0,0,1,0,0,0,0,0.11388235319928026,9.372488583561644
10.71441777,1.33,762,2420.0,26.9,1.0,0.0,0.0,0,0,0,0,0,0,0,0.05377777771068764,14.63013698630137
11.51292546,11.62,687,10867.0,51.1,0.0,0.0,0.0,0,0,0,0,1,0,0,0.10867000054011473,8.547945205479452
10.30881932,1.72,702,586.0,3.6,3.0,0.0,0.0,0,0,0,0,1,0,0,0.019535938094241576,9.452054794520548
10.80972795,15.85,682,6012.0,74.2,1.0,0.0,0.0,0,1,0,0,0,0,0,0.12145454527926013,6.904109589041096
10.93310697,12.45,692,3981.0,62.2,1.0,0.0,0.0,0,0,0,0,0,0,0,0.07108928569418774,10.273858446575343
10.62132735,10.77,742,1763.0,17.8,1.0,0.0,0.0,0,0,1,0,0,0,0,0.042999999814517145,7.47945205479452
11.22524339,12.78,682,9287.0,61.9,1.0,0.0,0.0,0,1,0,0,0,0,0,0.12382666697851771,18.73972602739726
11.36210258,10.74,737,39622.0,47.3,1.0,0.0,0.0,0,0,1,0,0,0,0,0.4607209280375199,10.273858446575343
10.1266311,17.71,742,6872.0,25.7,0.0,0.0,0.0,0,0,0,0,0,0,1,0.2748800010583806,13.268378994520546
9.472704636,0.92,727,3498.0,47.9,1.0,0.0,0.0,1,0,0,0,0,0,1,0.26907692319630555,9.38618721369863
11.15625052,8.66,677,12584.0,81.1,2.0,0.0,0.0,0,0,0,0,0,0,0,0.17977142875686203,10.438356164383562
10.59663473,21.66,692,11998.0,48.2,0.0,0.0,0.0,0,0,1,0,0,0,0,0.29995000092866725,11.09577625479452
10.46310334,23.45,662,5369.0,89.5,0.0,0.0,0.0,0,0,0,0,0,0,0,0.15340000007233587,10.438356164383562
9.903487553,19.68,712,7058.0,45.5,0.0,0.0,0.0,1,0,1,0,0,0,0,0.35289999983629966,5.027397260273973
10.30895266,11.68,722,4621.0,45.8,0.0,0.0,0.0,0,1,0,0,0,0,0,0.15403333343257597,18.82191780821918
10.46310334,7.78,672,9778.0,77.6,0.0,0.0,0.0,0,0,1,0,0,0,0,0.27937142870316634,8.303995432876713
11.26446411,1.15,772,800.0,2.3,2.0,0.0,0.0,0,0,0,0,0,0,0,0.010256410212017727,8.221803652054795
11.15625052,20.06,722,20450.0,60.0,1.0,0.0,0.0,0,0,1,0,0,0,0,0.2921428574442012,10.02728310410959
9.952277717,11.43,682,5142.0,46.3,2.0,0.0,0.0,0,0,0,0,0,1,0,0.2448571427850473,8.63013698630137
11.5228758,6.42,672,17588.0,47.8,0.0,2.0,0.0,0,0,1,0,0,0,0,0.17413861313407827,10.35605022739726
11.38509209,11.15,717,29755.0,77.9,2.0,0.0,0.0,0,0,1,0,0,0,0,0.33812500117002847,13.25468036438356
10.71441777,21.95,752,5811.0,32.1,1.0,0.0,0.0,0,0,1,0,0,0,0,0.12913333317223383,9.863013698630137
10.75790288,0.38,687,5330.0,82.0,0.0,0.0,0.0,0,0,0,0,0,0,1,0.11340425539764691,15.452054794520548
11.39643659,14.71,772,10359.0,21.1,0.0,0.0,0.0,0,0,1,0,0,0,0,0.11638802768182213,14.301255706849314
10.08580911,13.65,697,8476.0,42.2,0.0,0.0,0.0,0,0,0,0,0,0,0,0.3531666664300743,5.013584473972603
10.77895629,2.77,772,703.0,2.3,0.0,0.0,0.0,0,0,0,0,0,0,0,0.014645833331722702,8.63013698630137
10.71894086,11.12,732,4637.0,12.6,1.0,0.0,0.0,0,0,0,0,0,0,0,0.10257941749214565,6.575342465753424
11.32659589,6.75,787,7439.0,6.5,0.0,0.0,0.0,0,0,0,0,1,0,0,0.08962650573538565,17.260159816438357
11.86358234,23.26,687,71053.0,83.4,2.0,0.0,1.0,0,0,0,0,1,0,0,0.500373237727043,14.465753424657533
10.858999,21.9,702,9190.0,86.7,0.0,0.0,0.0,0,1,0,0,0,0,0,0.17673076880017596,5.589041095890411
10.26813067,19.83,732,9321.0,27.2,2.0,0.0,0.0,0,0,0,0,0,0,0,0.32364583207889425,6.0820776246575345
11.41861479,9.77,752,21003.0,45.5,2.0,0.0,0.0,0,0,0,0,0,0,0,0.23080219676335426,11.260159816438355
10.49127422,0.33,662,12683.0,34.8,0.0,1.0,1.0,0,0,0,0,1,0,0,0.352305554653036,35.83561643835616
11.0953983,19.15,747,4148.0,14.3,2.0,0.0,0.0,0,1,0,0,0,0,0,0.06297504572571583,10.273858446575343
11.35040654,3.92,682,3520.0,22.1,1.0,2.0,0.0,0,0,1,0,0,0,0,0.04141176451838867,7.808219178082192
10.94199592,19.2,762,2435.0,13.8,2.0,0.0,0.0,0,0,0,0,0,0,0,0.043097345009249305,16.191666665753424
11.06663836,9.51,697,17105.0,38.8,1.0,0.0,0.0,0,0,0,0,0,0,1,0.26726562562588485,12.501255706849314
10.41930072,17.37,772,26.0,0.6,0.0,0.0,0.0,0,0,0,0,0,0,1,0.0007761194012878234,3.123173515068493
10.30895266,0.6,717,90.0,1.8,2.0,0.0,0.0,0,0,0,0,0,0,0,0.0030000000019328797,12.246461186301369
9.68009397,9.98,667,1101.0,61.2,1.0,0.0,0.0,0,0,0,0,0,0,0,0.06882970742456532,4.1916666657534245
11.35040654,16.72,777,3712.0,38.3,2.0,0.0,0.0,0,0,0,0,0,1,0,0.04367058803757351,26.38618721369863
11.05089001,10.82,717,10513.0,32.0,1.0,0.0,0.0,0,0,1,0,0,0,0,0.16687301510100622,8.794520547945206
11.22524339,8.54,742,24485.0,26.3,5.0,0.0,0.0,0,0,1,0,0,0,0,0.32646666748885605,11.753424657534246
10.91508846,7.29,747,16955.0,22.8,5.0,0.0,0.0,0,0,0,0,0,0,0,0.3082727285719761,17.34783104931507
10.90558894,21.54,732,11628.0,40.4,0.0,0.0,1.0,0,0,1,0,0,0,0,0.21343612352375976,10.273858446575343
11.26061054,19.1,677,5396.0,23.1,2.0,0.0,1.0,0,0,0,1,0,0,0,0.06944658919350793,9.863013698630137
10.85892207,16.87,732,13429.0,61.0,0.0,0.0,0.0,1,0,1,0,0,0,0,0.25826986730745244,21.369748857534244
10.75790288,23.69,692,1400.0,77.8,0.0,1.0,1.0,0,0,0,0,0,0,0,0.029787234063171797,12.575342465753424
9.903487553,15.06,702,1067.0,19.4,2.0,1.0,0.0,0,0,0,0,0,0,0,0.05334999997525244,4.027283104109589
10.77895629,12.07,727,21326.0,37.9,1.0,0.0,0.0,0,0,0,0,0,0,0,0.444291666617807,9.040981734246575
11.61863592,0.49,787,7195.0,6.3,1.0,0.0,0.0,0,0,0,0,1,0,0,0.06473234364037708,11.594520547945205
11.00209984,6.76,807,1977.0,3.3,3.0,0.0,0.0,0,0,0,0,0,0,1,0.03295000003967965,19.39714611780822
10.54006438,10.38,672,26788.0,65.2,3.0,0.0,0.0,1,0,0,0,0,0,0,0.708677249816574,8.95890410958904
11.35040654,16.24,762,93559.0,22.1,1.0,0.0,0.0,0,0,0,1,0,0,0,1.1006941126636154,16.02728310410959
10.72106231,8.26,667,260.0,3.3,3.0,0.0,1.0,0,0,0,0,0,1,0,0.005739514357229414,11.098515980821919
11.40756495,0.68,792,3719.0,15.2,1.0,0.0,0.0,0,0,0,0,0,0,1,0.041322222193809176,12.246461186301369
10.66895539,7.14,722,7879.0,29.0,2.0,0.0,0.0,0,1,0,0,0,0,0,0.18323255899627514,4.76986301369863
11.08220409,17.11,712,13407.0,44.8,0.0,0.0,0.0,0,0,1,0,0,0,0,0.20624884528556978,13.726027397260275
10.37349118,9.86,712,1805.0,10.1,2.0,1.0,0.0,0,0,0,0,0,0,1,0.05640625010050823,8.219063926027397
10.69194491,4.99,732,11741.0,14.6,0.0,0.0,0.0,0,0,1,0,0,0,0,0.266840909864854,11.67123287671233
10.95080655,7.62,682,1815.0,34.2,2.0,0.0,0.0,1,0,0,0,1,0,0,0.03184210516179454,7.808219178082192
11.09741002,14.96,677,27302.0,34.8,0.0,0.0,0.0,0,1,0,0,0,0,0,0.4136666670838755,13.643835616438356
10.51867319,7.91,682,8748.0,85.8,1.0,0.0,0.0,1,0,1,0,0,0,0,0.23643243281695714,11.09577625479452
10.05182135,8.95,757,1112.0,25.3,0.0,0.0,0.0,0,0,0,0,0,0,0,0.04793516668292545,11.260159816438355
10.78931908,20.96,682,15677.0,49.9,3.0,0.0,0.0,0,0,1,0,0,0,0,0.32323711240829334,10.02728310410959
10.87812266,16.26,717,7464.0,41.2,2.0,0.0,0.0,1,0,1,0,0,0,0,0.1408195609828334,7.47945205479452
10.77895629,18.13,722,15155.0,42.3,2.0,0.0,0.0,0,0,0,0,0,1,0,0.3157291666319453,8.63013698630137
10.16585182,21.69,712,6154.0,99.3,0.0,0.0,0.0,0,0,0,0,0,0,0,0.2366923069830873,5.512328767123288
9.779963066,19.08,672,5002.0,32.1,3.0,0.0,0.0,0,0,1,0,0,0,0,0.2829825753141917,4.852054794520548
10.30895266,12.92,717,20105.0,33.4,3.0,0.0,0.0,0,0,1,0,0,0,0,0.6701666670984505,28.602739726027398
10.51596683,7.15,732,9619.0,65.9,0.0,0.0,0.0,1,0,0,0,0,0,0,0.260677506782528,6.493150684931507
10.5454467,23.37,687,12518.0,49.1,0.0,1.0,0.0,0,0,0,0,0,0,0,0.329386379171058,16.02728310410959
10.71441777,24.08,672,8441.0,66.5,1.0,0.0,1.0,0,0,1,0,0,0,0,0.18757777754376626,5.265639268493151
11.35040654,6.11,677,7429.0,91.1,1.0,0.0,0.0,0,0,0,0,1,0,0,0.08739999960429246,25.47945205479452
9.680344001,19.2,697,7155.0,38.3,1.0,0.0,0.0,0,0,1,0,0,0,0,0.44718750009923913,5.342351597260274
10.87804719,3.22,682,4341.0,90.4,2.0,0.0,0.0,0,0,1,0,0,0,0,0.08190566058492862,16.602739726027398
11.56171563,3.19,762,8035.0,30.0,1.0,0.0,0.0,0,1,0,0,0,0,0,0.07652380945797305,8.794520547945206
10.62132735,23.33,667,21765.0,78.9,0.0,0.0,0.0,0,0,1,0,0,0,0,0.530853656246719,9.293036528767123
10.96819829,0.12,722,5176.0,45.6,0.0,0.0,0.0,0,0,1,0,0,0,0,0.08924137926827254,5.671232876712328
10.91501573,1.0,707,3441.0,49.2,0.0,0.0,0.0,1,0,0,0,1,0,0,0.06256818704608343,3.3697488575342467
10.15580148,6.2,697,4852.0,57.8,2.0,1.0,0.0,0,0,1,0,0,0,0,0.18850038871718627,9.287557076712329
11.5229154,16.93,667,18606.0,67.5,0.0,1.0,0.0,0,0,0,0,0,0,0,0.18421052613150085,10.02728310410959
10.5454467,22.58,722,17511.0,47.7,3.0,0.0,0.0,0,0,1,0,0,0,0,0.4607672859613674,12.821917808219178
10.73639668,7.93,672,14608.0,94.9,1.0,0.0,0.0,0,0,1,0,0,0,0,0.3175652159531251,8.301255706849314
11.21182037,17.56,712,13344.0,28.4,2.0,0.0,0.0,0,0,0,0,0,0,1,0.18032432471856863,19.643835616438356
11.35040654,8.84,732,5390.0,27.2,0.0,0.0,1.0,0,1,0,0,0,0,0,0.06341176441878266,15.123173515068492
9.836332277,4.62,677,2255.0,37.6,1.0,0.0,0.0,0,0,0,0,1,0,0,0.12058178711225938,13.106735158904108
10.35456317,12.08,747,2530.0,63.2,0.0,0.0,0.0,1,0,1,0,0,0,0,0.08057324856043793,9.452054794520548
11.53272809,12.46,722,2.0,0.1,2.0,0.0,0.0,0,0,1,0,0,0,0,1.9607843181694262e-05,9.123173515068494
10.49127422,20.33,677,24029.0,70.3,1.0,0.0,0.0,0,0,0,0,0,0,0,0.6674722205123237,8.465753424657533
10.94192512,5.71,787,21.0,0.4,2.0,0.0,0.0,0,0,0,0,0,1,0,0.0003717077308399092,9.780821917808218
11.35035948,19.27,702,17811.0,79.2,1.0,0.0,0.0,0,0,0,0,0,0,0,0.20955103676163409,15.040981734246575
11.91839057,17.84,752,0.0,0.0,1.0,0.0,0.0,0,0,0,0,0,0,0,0.0,22.109474884931505
10.37349118,13.35,682,5999.0,27.6,1.0,0.0,0.0,1,0,1,0,0,0,0,0.1874687503340437,3.863013698630137
10.79957558,11.36,737,6720.0,19.0,0.0,0.0,0.0,0,0,0,0,0,0,0,0.13714285674415033,15.347831049315067
10.55581274,2.31,667,3292.0,58.8,1.0,1.0,0.0,0,0,0,0,0,0,0,0.08572916654457272,4.931506849315069
11.03488966,7.88,687,15896.0,83.2,1.0,0.0,0.0,1,0,1,0,0,0,0,0.2563870978067232,6.904109589041096
11.15625052,0.26,667,438.0,4.6,3.0,0.0,0.0,0,0,0,0,0,0,1,0.006257142863597073,9.123173515068494
11.28230402,15.32,682,18636.0,81.1,3.0,0.0,0.0,0,0,1,0,0,0,0,0.23469850474557857,11.999885843835616
10.9040459,9.13,682,17436.0,71.9,1.0,0.0,0.0,0,0,1,0,0,0,0,0.3205382751067767,20.876712328767123
11.91839057,2.86,762,14911.0,34.0,1.0,0.0,0.0,0,0,0,0,1,0,0,0.09940666697267946,9.287557076712329
10.30895266,18.04,697,20392.0,94.0,1.0,0.0,0.0,0,0,1,0,0,0,0,0.6797333337712809,24.413584473972605
11.22524339,12.27,697,30532.0,53.7,3.0,0.0,0.0,1,0,1,0,0,0,0,0.4070933343585768,22.109474884931505
11.08220409,2.77,727,31939.0,53.2,1.0,0.0,0.0,1,0,0,0,0,0,0,0.4913389922858069,14.301255706849314
10.70324447,6.44,752,5970.0,12.7,1.0,0.0,0.0,0,0,1,0,0,0,0,0.13415730312317667,14.63013698630137
10.59663473,12.72,727,9721.0,30.9,2.0,0.0,0.0,0,0,1,0,0,0,0,0.24302500075242325,4.109474884931507
11.46167427,15.4,727,9347.0,41.0,2.0,0.0,0.0,0,1,0,0,0,0,0,0.09838533163188744,8.465753424657533
11.6351431,6.02,727,13610.0,43.1,0.0,0.0,0.0,0,1,0,0,0,0,0,0.1204424775984233,18.410844747945205
10.5454467,1.04,667,1781.0,59.4,3.0,0.0,0.0,1,0,0,0,0,0,0,0.04686348788174264,5.835616438356165
10.81977828,17.57,737,7170.0,67.0,1.0,0.0,0.0,0,0,0,0,0,0,1,0.14340000063243466,7.314954336986301
11.35040654,2.61,757,29204.0,51.9,2.0,0.0,0.0,0,0,0,0,0,0,1,0.3435764690326769,13.810958904109588
10.57387775,21.88,737,16090.0,25.0,3.0,0.0,0.0,1,0,0,0,0,0,1,0.41150894974969143,7.345205479452055
10.04324949,4.64,757,2753.0,9.3,0.0,0.0,0.0,0,0,0,0,0,1,0,0.11969565276177282,33.94794520547945
10.81985828,10.1,742,56348.0,33.7,0.0,0.0,0.0,0,0,0,0,0,0,0,1.1268698517759907,21.28755707671233
10.6454249,16.14,787,0.0,0.0,1.0,0.0,0.0,0,0,0,0,0,0,1,0.0,10.520547945205479
11.22524339,18.69,702,11197.0,81.7,2.0,0.0,0.0,0,0,1,0,0,0,0,0.14929333370932085,8.63013698630137
10.91508846,0.39,782,99.0,0.2,1.0,0.0,0.0,0,0,0,0,0,0,0,0.0018000000075862948,12.904109589041095
10.59663473,12.87,787,298.0,1.0,0.0,0.0,0.0,1,0,0,0,0,0,1,0.007450000023065747,6.164269405479452
10.87804719,17.12,727,4435.0,59.1,0.0,0.0,0.0,0,0,0,0,0,0,0,0.08367924549508372,7.6438356164383565
9.392661929,11.8,672,3352.0,79.8,0.0,0.0,0.0,1,0,0,1,0,0,0,0.2793333332691248,4.109474884931507
11.12726298,21.9,697,43863.0,63.7,2.0,0.0,0.0,0,0,1,0,0,0,0,0.6450441203293099,14.816438356164383
11.01039864,10.27,682,3706.0,45.2,0.0,0.0,0.0,0,0,0,0,0,0,0,0.06125619859329198,11.5149543369863
10.91508846,13.16,707,9030.0,37.5,2.0,0.0,0.0,0,0,0,0,0,1,0,0.16418181887378022,37.48219178082192
11.35035948,1.06,772,2227.0,5.4,0.0,0.0,0.0,0,0,0,0,0,0,0,0.026201232882384993,18.575342465753426
10.71441777,24.75,697,1924.0,91.6,1.0,0.0,0.0,1,0,1,0,0,0,0,0.042755555502216123,13.232762556164383
11.51292546,4.81,802,21267.0,33.9,1.0,0.0,0.0,0,0,0,0,0,0,1,0.2126700010570185,26.405365295890412
11.24300472,8.63,722,2602.0,51.0,1.0,0.0,0.0,0,0,0,0,0,0,0,0.034082573685641666,14.219063926027395
11.08214255,16.39,672,7467.0,48.8,2.0,0.0,0.0,0,0,0,0,0,0,0,0.11487692294800518,14.547945205479452
10.71894086,20.95,747,26272.0,33.7,1.0,0.0,0.0,0,0,0,0,0,0,0,0.5811875040659156,15.780821917808218
11.28978191,16.3,662,10702.0,59.8,0.0,0.0,0.0,0,0,1,0,0,0,0,0.13377500048908383,12.328652967123286
10.08580911,0.0,737,400.0,6.7,1.0,0.0,0.0,0,0,0,0,0,0,0,0.016666666655501382,4.52054794520548
11.35040654,3.04,787,13893.0,18.7,4.0,0.0,0.0,0,0,0,0,0,0,1,0.16344705808351528,17.835616438356166
11.05885818,8.35,732,41921.0,85.2,0.0,0.0,0.0,1,0,0,0,0,0,0,0.6601316419651166,11.177968035616438
10.30895266,10.52,737,8351.0,22.1,3.0,0.0,0.0,0,0,1,0,0,0,0,0.2783666668460164,8.884931506849314
10.27505111,2.48,672,4770.0,52.4,2.0,0.0,2.0,0,0,0,0,0,0,1,0.16448275845104401,11.013584473972603
11.6351431,13.12,757,50910.0,32.6,0.0,0.0,0.0,0,0,1,0,0,0,0,0.45053097241261797,20.71232876712329
10.53209621,10.3,707,1356.0,17.4,2.0,1.0,0.0,0,0,0,0,0,0,1,0.03616000007081942,10.35605022739726
11.12726298,18.23,732,25313.0,43.4,2.0,0.0,0.0,0,0,1,0,0,0,0,0.3722500015479065,13.89041095890411
10.86906356,13.36,742,17064.0,56.7,0.0,0.0,0.0,0,0,1,0,0,0,0,0.3248676859023553,15.452054794520548
10.46310334,13.39,707,7730.0,33.6,1.0,0.0,0.0,0,1,0,0,0,0,0,0.2208571429612882,13.397146117808218
10.91508846,12.09,702,20854.0,49.3,2.0,0.0,0.0,0,1,0,0,0,0,0,0.3791636379616626,6.0820776246575345
11.09741002,14.6,687,15093.0,95.5,1.0,0.0,0.0,1,0,1,0,0,0,0,0.22868181841245816,16.380707761643833
11.49264112,19.94,672,36162.0,89.5,3.0,0.0,0.0,1,0,0,0,0,0,0,0.3690301255235214,16.931506849315067
10.69194491,17.92,742,849.0,10.7,0.0,0.0,0.0,0,0,0,0,0,0,1,0.019295454601419047,5.342351597260274
11.16336799,17.11,727,8952.0,22.3,1.0,0.0,0.0,0,0,0,0,0,0,0,0.12697872325192666,9.452054794520548
11.22524339,18.51,772,7815.0,6.1,0.0,0.0,0.0,0,0,0,0,0,0,1,0.1042000002624223,18.575342465753426
11.06350847,16.21,687,10673.0,93.6,0.0,0.0,0.0,0,0,0,0,0,0,0,0.16728840114231722,11.835616438356164
10.73639668,20.87,677,5546.0,97.3,0.0,0.0,0.0,0,0,1,0,0,0,0,0.12056521684529242,6.410844747945205
10.54442628,15.05,737,1571.0,11.9,0.0,0.0,0.0,0,0,1,0,0,0,0,0.041379957168426726,11.177968035616438
10.91508846,3.99,662,4747.0,93.1,1.0,1.0,0.0,0,0,1,0,0,0,0,0.08630909127284991,5.999885843835616
10.37361617,19.2,757,6860.0,29.4,0.0,0.0,0.0,0,0,1,0,0,0,0,0.21434820732515622,10.273858446575343
10.40426284,14.0,697,4536.0,33.1,0.0,0.0,1.0,0,0,1,0,0,0,0,0.13745454551621003,4.684931506849315
10.13459927,5.57,662,4748.0,53.3,2.0,0.0,0.0,0,0,0,0,0,0,0,0.1884126990720513,4.109474884931507
11.73606902,8.24,727,14323.0,50.3,1.0,0.0,0.0,1,1,0,0,0,0,0,0.11458399957425601,15.20536529589041
11.56171563,15.51,752,49836.0,42.1,1.0,0.0,0.0,0,0,0,0,0,0,1,0.4746285710202296,31.561643835616437
11.22524339,13.92,662,8111.0,57.9,2.0,0.0,0.0,0,0,1,0,0,0,0,0.10814666693902844,13.397146117808218
11.09741002,21.07,722,18136.0,44.7,0.0,0.0,0.0,0,0,0,0,0,0,0,0.2747878790650196,13.068378994520547
10.46104751,21.09,662,22416.0,67.0,1.0,0.0,0.0,0,0,1,0,0,0,0,0.6417751685215995,12.410844747945204
10.64304111,10.37,717,16016.0,84.7,0.0,0.0,0.0,0,0,1,0,0,0,0,0.3822434351908884,10.191666665753425
10.52191119,14.71,707,3915.0,93.2,0.0,0.0,0.0,0,0,1,0,0,0,0,0.10546874967306123,10.438356164383562
10.63825641,17.78,717,14610.0,76.9,0.0,0.0,0.0,1,1,0,0,0,0,0,0.35035971145483213,6.904109589041096
11.15625052,3.05,777,1506.0,6.6,0.0,0.0,0.0,0,0,0,0,0,0,0,0.021514285736477606,11.0163242
11.30220443,9.87,782,4590.0,14.7,0.0,0.0,0.0,0,0,0,0,0,0,0,0.05666666687375931,15.698630136986301
10.30895266,2.6,757,724.0,2.8,1.0,0.0,0.0,0,0,0,0,0,0,0,0.024133333348882277,12.575342465753424
10.75798798,20.19,752,0.0,,2.0,0.0,0.0,0,0,0,0,0,1,0,0.0,12.66027397260274
10.71441777,3.97,732,2025.0,15.6,1.0,0.0,0.0,1,0,0,0,0,0,0,0.04499999994386052,7.641095890410959
11.15619338,12.62,722,16810.0,32.3,2.0,0.0,0.0,1,0,0,0,0,0,0,0.2401565795454732,7.975342465753425
9.510444964,6.4,807,35.0,1.7,0.0,0.0,0.0,0,0,0,0,0,1,0,0.0025925925936983885,25.232762556164385
11.15619338,8.78,757,3008.0,8.7,0.0,0.0,0.0,0,0,0,0,1,0,0,0.04297388407333631,7.6438356164383565
11.00209984,15.12,697,12540.0,54.3,1.0,0.0,0.0,0,0,1,0,0,0,0,0.20900000025168577,6.904109589041096
10.91567011,21.17,757,25133.0,38.8,1.0,0.0,0.0,0,1,0,0,0,0,0,0.4566979226735829,29.424543369863013
10.81977828,1.46,692,4700.0,51.6,1.0,0.0,0.0,0,0,0,0,0,0,0,0.09400000041456666,4.438356164383562
11.98292909,9.27,677,10843.0,68.6,0.0,1.0,0.0,1,0,0,0,0,0,0,0.06776875028571056,14.219063926027395
10.14909685,9.2,722,11377.0,94.8,1.0,0.0,0.0,1,0,1,0,0,0,0,0.4449702747060936,31.06837898630137
10.82536266,13.77,737,1251.0,5.5,1.0,0.0,1.0,0,0,1,0,0,0,0,0.02488066832503847,14.794520547945206
10.30895266,17.96,687,5269.0,15.1,3.0,0.0,0.0,1,0,0,0,0,0,1,0.1756333334464927,3.947945205479452
11.54600234,8.57,772,11700.0,42.5,0.0,0.0,0.0,0,0,0,0,0,0,1,0.11319330939840506,11.260159816438355
10.66895539,8.76,687,1580.0,14.0,1.0,0.0,0.0,0,0,1,0,0,0,0,0.03674418621831637,15.534246575342467
11.22524339,14.91,732,26694.0,98.9,3.0,0.0,0.0,0,0,1,0,0,0,0,0.35592000089636605,10.240981734246576
11.08214255,6.65,717,27201.0,57.4,0.0,0.0,0.0,0,1,0,0,0,0,0,0.4184769226072973,6.002625569863014
10.59663473,12.81,742,7108.0,18.3,2.0,0.0,0.0,0,0,1,0,0,0,0,0.17770000055017227,22.931506849315067
12.46458334,16.97,697,58981.0,84.9,2.0,0.0,0.0,0,0,0,0,0,1,0,0.22772586888110352,21.369748857534244
10.91508846,9.05,757,1012.0,10.1,0.0,0.0,0.0,0,0,0,0,0,0,0,0.018400000077548793,6.821917808219178
10.84933709,3.1,782,99.0,0.4,0.0,0.0,0.0,0,0,0,0,0,0,0,0.0019223300906510848,7.808219178082192
11.00209984,1.0,672,1048.0,31.8,1.0,0.0,0.0,1,0,0,0,0,0,0,0.017466666687700694,4.931506849315069
10.30895266,15.44,677,21202.0,88.0,0.0,1.0,0.0,0,0,1,0,0,0,0,0.7067333337886769,23.60821917808219
10.4341158,22.62,747,16248.0,23.9,0.0,0.0,0.0,0,0,1,0,0,0,0,0.4778823546607394,18.427283104109588
10.1266311,3.89,777,3901.0,10.6,2.0,0.0,0.0,0,0,0,0,1,0,0,0.15604000060080658,9.369748857534246
11.38495936,1.95,787,45210.0,3.8,1.0,0.0,0.0,0,0,0,0,0,0,0,0.5138181963411196,7.47945205479452
12.4874851,12.76,692,35172.0,95.3,0.0,0.0,0.0,1,0,1,0,0,0,0,0.13272452896130985,18.082077624657533
11.1844214,23.25,697,18789.0,52.0,3.0,0.0,0.0,0,0,1,0,0,0,0,0.26095833281094505,18.246461186301367
11.00209984,16.16,742,24904.0,66.4,2.0,0.0,0.0,0,1,0,0,0,0,0,0.4150666671665058,11.999885843835616
11.03817459,22.03,682,4532.0,32.4,0.0,0.0,0.0,0,0,1,0,0,0,0,0.07285705065408082,8.63013698630137
11.38287373,18.64,662,6021.0,57.9,0.0,1.0,0.0,0,0,1,0,0,0,0,0.068572404459513,21.698630136986303
10.7342204,10.3,697,11361.0,35.3,0.0,3.0,0.0,0,0,1,0,0,0,0,0.24751633889125405,10.02728310410959
11.42958733,8.05,757,962.0,4.6,0.0,1.0,0.0,0,0,0,0,1,0,0,0.010456067162511547,13.150570775342464
10.71441777,9.31,697,1483.0,4.2,0.0,0.0,0.0,0,0,0,0,0,0,0,0.03295555551444205,9.24646118630137
9.793449447,5.69,727,859.0,10.7,0.0,0.0,0.0,0,0,0,1,0,0,0,0.04794597009829518,11.835616438356164
11.00209984,11.18,662,6070.0,88.0,1.0,0.0,0.0,0,0,0,0,0,0,1,0.10116666678849542,9.142351597260275
10.4487146,14.71,692,8316.0,52.6,0.0,0.0,0.0,0,1,0,0,0,0,0,0.24104347898868841,6.904109589041096
11.04852212,9.03,712,16353.0,31.9,0.0,0.0,0.0,0,0,0,0,0,0,0,0.26018679222834434,20.057534246575344
9.884916167,16.32,692,6191.0,72.0,1.0,0.0,0.0,0,0,0,0,0,0,0,0.31535248572202207,5.999885843835616
11.69524702,2.5,802,8823.0,7.4,1.0,0.0,0.0,0,0,0,0,0,0,1,0.07352500012971155,33.78082191780822
10.81985828,13.17,702,19434.0,43.2,2.0,0.0,0.0,0,0,1,0,0,0,0,0.38864890855779455,28.109474876712326
11.4294569,20.3,722,42813.0,0.0,2.0,0.0,0.0,1,0,0,0,1,0,0,0.46539916315684304,12.183447487671232
11.20504069,18.43,662,14417.0,82.9,0.0,0.0,0.0,0,0,0,0,0,0,0,0.19614965892260913,15.115068493150686
12.25486281,14.93,707,46392.0,81.1,1.0,0.0,0.0,0,0,0,0,1,0,0,0.22091428564792423,17.42454337808219
10.66904841,12.7,667,1953.0,57.4,2.0,1.0,0.0,0,0,0,0,0,0,0,0.04541438022139327,10.191666665753425
11.1124479,19.45,747,42518.0,68.9,2.0,0.0,0.0,0,1,0,0,0,0,0,0.6345970138929496,20.301255706849314
10.95080655,11.56,777,14650.0,24.5,5.0,0.0,0.0,0,0,0,0,0,0,0,0.25701754304148205,18.65753424657534
11.56171563,23.9,707,70432.0,89.3,0.0,0.0,0.0,0,0,0,0,0,0,1,0.6707809518038529,20.54794520547945
11.69524702,8.22,782,3606.0,4.5,0.0,0.0,0.0,0,0,0,0,0,0,1,0.030050000053013698,17.671232876712327
12.36563722,15.01,672,82153.0,88.1,0.0,0.0,0.0,0,0,0,0,0,0,0,0.3501832890272371,20.54794520547945
11.23537852,11.4,677,457.0,18.0,0.0,0.0,0.0,0,0,0,0,0,0,0,0.006031888524667668,9.616438356164384
9.998797732,13.75,672,11131.0,57.7,1.0,0.0,0.0,1,0,1,0,0,0,0,0.5059545456267992,4.767123287671233
10.46310334,14.43,702,15341.0,40.2,1.0,0.0,0.0,1,0,0,0,0,1,0,0.4383142859209731,22.27659817260274
11.1844214,3.73,747,700.0,14.6,7.0,0.0,0.0,0,0,0,0,0,0,0,0.009722222202760207,5.671232876712328
10.59663473,9.66,727,1813.0,27.1,1.0,0.0,1.0,0,0,0,0,0,0,0,0.04532500014032953,11.013584473972603
11.39075783,12.83,687,28767.0,74.9,1.0,0.0,0.0,0,0,1,0,0,0,0,0.32505084778138454,9.616438356164384
11.31447453,11.56,667,0.0,0.0,1.0,2.0,1.0,0,0,0,0,0,1,0,0.0,9.945205479452055
10.71441777,22.48,682,13575.0,73.8,0.0,0.0,0.0,1,0,1,0,0,0,0,0.30166666629032424,6.328652967123288
11.03488966,13.53,692,9631.0,74.7,3.0,0.0,0.0,0,0,1,0,0,0,0,0.15533871030300395,10.931506849315069
11.51292546,7.25,737,5.0,0.2,3.0,0.0,0.0,0,0,0,0,0,0,1,5.0000000248511426e-05,5.917808219178082
10.96819829,11.07,707,15166.0,94.8,2.0,0.0,0.0,0,1,0,0,0,0,0,0.26148275849741526,8.547945205479452
10.15424627,12.98,692,0.0,0.0,0.0,0.0,1.0,0,0,0,0,1,0,0,0.0,3.452054794520548
9.952277717,8.46,717,6711.0,53.3,1.0,0.0,0.0,0,0,0,0,0,0,0,0.31957142847733416,5.013584473972603
10.08580911,11.35,707,4850.0,53.9,1.0,0.0,0.0,1,0,0,0,0,0,1,0.20208333319795427,5.835616438356165
12.61153775,7.6,697,41491.0,60.9,0.0,0.0,0.0,0,0,0,0,0,0,0,0.1383033338365276,11.545205479452054
10.20359214,21.91,697,7494.0,94.9,0.0,0.0,0.0,0,0,1,0,0,0,0,0.27755555693957706,8.712328767123287
11.08214255,18.85,702,11667.0,33.1,1.0,0.0,0.0,1,0,1,0,0,0,0,0.17949230749087672,22.602739726027398
11.28983191,3.67,697,3048.0,33.9,0.0,1.0,0.0,0,0,0,0,0,0,0,0.03809809518691155,13.972602739726028
11.20504069,18.87,727,49542.0,54.6,2.0,0.0,0.0,0,1,0,0,0,0,0,0.6740408130917599,25.89041095890411
10.47344963,19.88,762,12255.0,24.2,0.0,0.0,0.0,0,0,1,0,0,0,0,0.3465388539461713,7.561643835616438
11.06663836,12.04,742,0.0,0.0,0.0,0.0,0.0,0,0,0,0,0,0,1,0.0,7.561643835616438
11.58084576,1.96,697,4233.0,46.0,0.0,0.0,0.0,1,0,0,0,0,0,1,0.039550398084199065,7.314954336986301
10.50232405,14.67,672,8038.0,51.5,0.0,0.0,0.0,0,0,1,0,0,0,0,0.2208241766246263,3.819178082191781
11.81303006,5.18,752,79821.0,37.1,0.0,0.0,0.0,0,0,0,0,0,0,0,0.5912666651415331,13.726027397260275
10.70548914,17.33,772,22828.0,21.4,1.0,0.0,0.0,0,0,0,0,0,0,0,0.511838564002919,24.98618721369863
11.84220043,7.12,712,7629.0,25.3,0.0,0.0,0.0,0,0,0,0,0,0,0,0.05488647181222137,13.972602739726028
10.54534144,13.45,802,3199.0,7.4,0.0,0.0,0.0,0,0,1,0,0,0,0,0.08418421041759384,12.493150684931507
11.65268741,1.39,762,30215.0,49.6,1.0,0.0,0.0,1,0,0,0,0,0,0,0.26273912973731184,5.917808219178082
10.43857643,5.69,692,445.0,89.0,2.0,0.0,0.0,0,0,1,0,0,0,0,0.013029983582361805,14.136872145205478
11.00209984,0.36,792,1858.0,12.7,0.0,0.0,0.0,0,0,0,0,0,0,0,0.03096666670395791,6.904109589041096
10.73630972,4.04,667,7805.0,41.9,0.0,0.0,0.0,0,0,1,0,0,0,0,0.1696886677600352,9.287557076712329
11.22524339,14.93,757,2300.0,11.3,0.0,0.0,0.0,0,0,0,0,0,0,0,0.030666666743899076,11.260159816438355
11.59910316,24.88,702,39311.0,85.8,0.0,0.0,0.0,0,1,0,0,0,0,0,0.36065137658363894,14.465753424657533
10.66895539,21.43,797,2094.0,7.7,1.0,0.0,0.0,0,0,0,0,0,0,1,0.04869767464630031,11.09577625479452
10.77895629,20.55,672,3996.0,97.5,0.0,0.0,1.0,1,0,1,0,0,0,0,0.08324999999084483,13.150570775342464
11.30220443,10.34,692,25972.0,89.6,1.0,0.0,0.0,0,0,0,0,0,0,0,0.32064197648045245,24.515068493150686
10.81977828,7.92,702,5918.0,98.6,1.0,0.0,0.0,1,0,0,0,0,0,1,0.11836000052200117,11.342351597260272
10.69203582,6.98,712,9144.0,25.5,0.0,0.0,0.0,0,1,0,0,0,0,0,0.20779929052871754,13.808219178082192
11.15625052,7.23,722,4965.0,53.4,0.0,0.0,0.0,0,0,0,0,0,0,0,0.07092857150173394,6.164269405479452
11.7905572,2.0,712,3462.0,21.6,0.0,0.0,0.0,0,1,0,0,0,0,0,0.0262272727684104,25.232762556164385
10.95080655,9.81,687,3335.0,45.1,2.0,0.0,0.0,1,0,0,1,0,0,0,0.05850877174357288,16.767123287671232
10.59663473,0.6,747,297.0,5.8,0.0,0.0,0.0,0,0,0,0,0,1,0,0.007425000022988346,10.35605022739726
10.858999,23.35,667,7160.0,62.3,1.0,0.0,0.0,0,0,1,0,0,0,0,0.13769230735682916,10.602739726027398
11.03488966,3.74,707,6214.0,20.8,0.0,0.0,0.0,0,0,1,0,0,0,0,0.10022580685524521,6.410844747945205
10.71441777,22.45,712,11860.0,45.1,1.0,0.0,0.0,0,0,1,0,0,0,0,0.26355555522675844,11.342351597260272
10.4487146,7.41,697,693.0,23.1,1.0,0.0,0.0,0,0,1,0,0,0,0,0.0200869565823907,33.945205479452056
11.48246626,20.89,667,34008.0,98.3,0.0,0.0,0.0,0,0,1,0,0,0,0,0.3505979372627581,15.53413241917808
10.93489109,3.87,677,7810.0,37.5,1.0,0.0,0.0,0,0,1,0,0,0,0,0.13921568648483504,5.013584473972603
11.33857208,9.4,702,15127.0,45.6,0.0,0.0,1.0,0,0,1,0,0,0,0,0.18008333294173315,9.040981734246575
10.69194491,5.21,702,7491.0,71.3,0.0,1.0,0.0,0,0,1,0,0,0,0,0.17025000049379277,37.726027397260275
10.84534856,11.72,687,43620.0,92.9,0.0,0.0,0.0,0,1,0,0,0,0,0,0.8503752806854762,16.273858446575343
11.22524339,14.96,692,24769.0,90.1,2.0,1.0,0.0,0,1,0,0,0,0,0,0.33025333416505925,8.95890410958904
11.08220409,13.25,757,4409.0,12.4,3.0,0.0,0.0,0,0,1,0,0,0,0,0.06782659497755479,17.835616438356166
11.51292546,24.34,692,46268.0,92.9,1.0,1.0,0.0,1,0,1,0,0,0,0,0.4626800022996253,36.73972602739726
11.00209984,14.68,737,12663.0,34.4,1.0,0.0,0.0,0,1,0,0,0,0,0,0.21105000025415446,11.58904109589041
10.23995979,23.83,672,4071.0,78.3,0.0,0.0,0.0,0,0,1,0,0,0,0,0.1453928570203405,3.123173515068493
11.98292909,22.57,682,15214.0,68.7,0.0,2.0,0.0,0,0,1,0,0,0,0,0.0950875004008854,9.86312785479452
11.11167148,18.89,777,12683.0,18.1,0.0,0.0,0.0,0,0,0,0,1,0,0,0.18944553937363393,24.410844747945205
11.15625052,14.97,662,9649.0,50.5,0.0,0.0,0.0,1,0,0,0,1,0,0,0.13784285728504145,34.35605021917808
11.51288546,20.93,677,22739.0,59.5,0.0,0.0,0.0,0,0,1,0,0,0,0,0.22739909691213997,13.323287671232876
11.03488966,1.2,787,3473.0,10.7,4.0,0.0,0.0,0,0,0,0,1,0,0,0.05601612925784786,18.328652967123286
10.77895629,4.0,707,7350.0,13.8,3.0,1.0,0.0,0,0,0,0,0,0,0,0.15312499998316054,8.715068493150685
11.26446411,15.51,687,19367.0,49.9,2.0,0.0,0.0,0,0,1,0,0,0,0,0.24829487072018414,23.506849315068493
10.49127422,24.6,712,13376.0,33.9,2.0,0.0,0.0,0,0,0,0,0,0,0,0.37155555460372225,11.260159816438355
11.71095632,14.28,722,0.0,0.0,1.0,1.0,0.0,1,0,0,1,0,0,0,0.0,15.347831049315067
10.89673933,18.2,757,18116.0,40.7,0.0,0.0,0.0,0,0,0,0,0,0,1,0.3354814799873847,12.142351597260273
10.33946893,0.58,812,1674.0,8.8,1.0,0.0,0.0,0,0,1,0,0,0,0,0.05412291155728727,19.068378994520547
10.30895266,10.44,682,10926.0,72.4,2.0,1.0,0.0,0,0,0,0,0,0,0,0.3642000002346516,22.52054794520548
10.38899537,6.09,672,3805.0,48.8,2.0,0.0,0.0,0,0,0,0,0,0,0,0.11707692287997966,6.24646118630137
11.22524339,11.02,712,9484.0,83.9,0.0,0.0,0.0,0,1,0,0,0,0,0,0.1264533336517995,15.780821917808218
10.66895539,12.31,662,9753.0,95.9,1.0,0.0,0.0,0,0,1,0,0,0,0,0.2268139545488858,7.314954336986301
11.42954386,7.63,692,752.0,2.5,2.0,2.0,0.0,1,0,0,0,0,0,1,0.008173913011037443,5.424543378082192
9.998797732,19.75,667,555.0,3.9,2.0,1.0,0.0,0,0,0,0,0,0,0,0.025227272735861426,6.4163242
10.59663473,14.1,662,4485.0,25.8,0.0,2.0,0.0,1,0,0,0,0,0,0,0.11212500034714724,7.314954336986301
10.5865844,24.45,757,29576.0,41.1,2.0,0.0,0.0,0,1,0,0,0,0,0,0.7468686848092505,24.575342465753426
10.52268675,22.13,682,1840.0,26.7,1.0,0.0,0.0,0,0,1,0,0,0,0,0.04953053656065441,9.123173515068494
11.00209984,8.56,727,25409.0,38.1,0.0,0.0,0.0,0,0,0,0,1,0,0,0.4234833338433081,18.082077624657533
10.97934285,9.78,677,20732.0,96.0,0.0,0.0,0.0,0,0,1,0,0,0,0,0.3534867874615546,9.53972602739726
11.1844214,9.87,782,54855.0,10.8,0.0,0.0,0.0,0,0,1,0,0,0,0,0.761874998474873,13.232762556164383
11.27720313,0.5,782,33.0,0.2,2.0,0.0,0.0,0,0,0,0,0,0,0,0.0004177215195926864,20.882191780821916
11.67419361,8.61,762,3524.0,8.7,2.0,0.0,0.0,0,0,0,0,0,0,0,0.029991489438670818,9.780821917808218
10.78931908,16.7,712,5198.0,41.6,2.0,0.0,0.0,0,0,0,0,0,1,0,0.1071752574024564,6.657534246575342
10.81408209,14.99,762,1575.0,21.9,0.0,0.0,0.0,0,0,0,0,0,0,0,0.03167994213005892,9.863013698630137
10.81977828,18.41,667,9246.0,85.6,2.0,0.0,1.0,0,0,1,0,0,0,0,0.18492000081554966,13.397374430136987
11.38531934,13.24,662,24214.0,68.0,0.0,0.0,0.0,0,0,1,0,0,0,0,0.2750965690620324,15.040981734246575
10.75363848,5.05,792,1767.0,14.7,0.0,0.0,0.0,0,0,0,0,0,0,0,0.03775641032836411,14.876712328767123
11.60823564,16.27,762,12311.0,24.9,2.0,0.0,0.0,0,0,1,0,0,0,0,0.11191818235254113,13.131506849315068
11.28978191,23.83,692,8762.0,31.9,3.0,0.0,0.0,0,0,0,0,0,0,1,0.1095250004004254,17.506849315068493
10.73639668,7.98,702,553.0,2.8,1.0,0.0,0.0,0,0,0,0,0,0,1,0.012021739075991113,10.632876712328768
10.88025231,18.07,692,16306.0,95.9,0.0,0.0,0.0,0,1,0,0,0,0,0,0.3069826975432633,9.123173515068494
8.998136761,19.14,682,2816.0,93.9,2.0,0.0,0.0,0,0,0,0,0,0,0,0.348170128481215,10.35605022739726
10.54534144,0.82,747,752.0,27.9,1.0,0.0,0.0,1,0,0,0,0,0,0,0.01978947365865288,18.82191780821918
11.00209984,20.64,712,51790.0,96.1,1.0,0.0,0.0,1,0,1,0,0,0,0,0.8631666677061249,12.410844747945204
10.59653473,16.89,662,15586.0,83.3,0.0,0.0,0.0,0,0,1,0,0,0,0,0.3896889681548205,10.438242008219179
9.775654181,1.7,677,301.0,8.9,0.0,0.0,0.0,0,0,0,0,0,0,0,0.017102272727721544,3.6986301369863015
11.1844214,22.3,747,23518.0,32.9,2.0,0.0,0.0,0,0,1,0,0,0,0,0.32663888823502074,10.109474884931506
10.54534144,0.32,702,260.0,10.4,1.0,0.0,0.0,0,0,0,0,0,0,0,0.006842105254321475,8.465753424657533
11.69524702,3.26,712,3173.0,6.2,1.0,1.0,0.0,0,0,0,0,0,0,0,0.026441666713314604,10.531506849315068
10.46310334,6.27,712,8534.0,29.3,2.0,0.0,0.0,0,0,0,0,0,0,0,0.24382857154354895,3.287557076712329
10.12647109,21.08,717,4702.0,61.9,1.0,0.0,0.0,0,0,1,0,0,0,0,0.18811009781294064,9.040981734246575
10.67359577,11.08,672,2350.0,63.5,0.0,0.0,0.0,0,0,1,0,0,0,0,0.05439814837837207,8.054680364383561
11.62625415,0.43,802,1074.0,3.9,1.0,0.0,0.0,0,0,0,0,0,0,1,0.009589285716944174,14.95890410958904
10.16600565,14.72,672,2229.0,58.7,3.0,0.0,0.0,0,0,1,0,0,0,0,0.08571758202399614,9.534246575342467
10.6454249,1.14,752,974.0,4.5,1.0,0.0,0.0,0,0,0,0,1,0,0,0.023190476127061956,5.0957762547945205
11.38504664,11.85,662,12125.0,69.3,2.0,0.0,0.0,0,0,0,0,0,0,0,0.13779035381513724,7.232762556164384
11.00209984,20.74,742,24030.0,82.9,3.0,0.0,0.0,0,0,0,0,0,0,1,0.4005000004822974,18.334246575342465
10.16585182,4.62,687,5785.0,54.6,1.0,0.0,0.0,1,0,0,0,0,0,0,0.2224999993333052,3.3697488575342467
11.00209984,12.04,667,2287.0,47.6,1.0,0.0,0.0,1,0,0,0,0,0,0,0.03811666671256821,10.191666665753425
11.28978191,17.16,697,22630.0,53.9,1.0,0.0,0.0,0,1,0,0,0,0,0,0.28287500103419616,13.561643835616438
11.28978191,0.09,697,3230.0,10.3,0.0,1.0,0.0,0,0,0,0,0,0,0,0.040375000147611737,7.816438356164384
12.10071213,7.26,772,22141.0,15.2,1.0,0.0,0.0,0,0,0,0,0,0,0,0.12300555553985361,37.89041095890411
11.73606902,7.81,747,17649.0,58.1,0.0,0.0,0.0,0,0,1,0,0,0,0,0.14119199947539232,20.63013698630137
10.95073637,10.72,717,8305.0,26.9,0.0,0.0,0.0,0,0,0,0,0,0,0,0.14571197963005686,3.9452054794520546
11.60823564,13.18,702,25277.0,80.8,0.0,1.0,0.0,0,1,0,0,0,0,0,0.229790910188058,15.287557076712327
9.823361508,4.55,762,1223.0,6.6,1.0,0.0,0.0,0,0,1,0,0,0,0,0.06625135428328925,12.575342465753424
10.51867319,3.31,697,3437.0,90.4,1.0,1.0,0.0,0,0,1,0,0,0,0,0.09289189204296773,10.02728310410959
11.35040654,11.92,722,27662.0,73.4,0.0,0.0,0.0,0,0,0,0,0,0,1,0.3254352926442237,15.040981734246575
9.392661929,5.8,682,1950.0,67.2,0.0,0.0,0.0,0,0,1,0,0,0,0,0.1624999999626472,3.452054794520548
10.30895266,0.04,727,1.0,0.0,0.0,0.0,1.0,0,0,0,0,0,0,1,3.3333333354809774e-05,17.09577625479452
10.1266311,9.55,687,635.0,42.3,0.0,0.0,0.0,1,0,1,0,0,0,0,0.02540000009779856,14.383447487671232
11.15625052,17.04,667,22875.0,86.0,0.0,0.0,0.0,0,0,1,0,0,0,0,0.3267857146227923,15.290296802739725
10.77895629,13.8,742,9660.0,60.4,2.0,0.0,0.0,0,1,0,0,0,0,0,0.20124999997786813,14.383447487671232
10.81977828,11.59,722,9287.0,27.9,2.0,0.0,0.0,0,0,1,0,0,0,0,0.18574000081916608,5.835616438356165
10.69194491,15.16,762,24142.0,49.4,0.0,0.0,0.0,0,0,1,0,0,0,0,0.548681819773214,25.47945205479452
10.54534144,11.34,687,2415.0,14.3,2.0,0.0,0.0,0,0,0,0,1,0,0,0.06355263149687063,4.52054794520548
11.3736634,4.9,797,33850.0,57.9,3.0,0.0,0.0,0,0,1,0,0,0,0,0.38908045885060927,16.164269405479452
11.77535127,1.68,777,6638.0,40.7,0.0,0.0,0.0,0,0,0,0,1,0,0,0.05105839620243983,14.66563926849315
11.28978191,3.55,687,64.0,1.2,1.0,0.0,0.0,0,0,0,0,0,1,0,0.0008000000029248146,3.863013698630137
11.47210347,15.46,672,24249.0,97.0,1.0,1.0,0.0,0,0,0,0,0,0,1,0.2525937501136603,14.301255706849314
10.95080655,9.62,772,57033.0,29.8,0.0,0.0,0.0,0,0,0,0,0,0,0,1.000578944183266,16.356050227397258
10.08580911,9.8,757,0.0,0.0,0.0,0.0,0.0,0,0,0,1,0,0,0,0.0,4.438242008219178
11.75978554,19.28,702,16146.0,54.4,3.0,0.0,0.0,1,0,0,0,0,0,0,0.12614062536602919,30.98618720547945
10.46321762,11.55,737,1003.0,43.6,2.0,0.0,0.0,0,0,0,0,0,1,0,0.02865386811949174,5.177968035616439
10.35774282,5.83,742,7699.0,69.4,1.0,0.0,0.0,1,0,0,0,0,0,0,0.2444126995892337,30.328652958904108
10.30895266,11.08,697,6593.0,55.9,2.0,0.0,0.0,0,0,1,0,0,0,0,0.21976666680826085,3.287557076712329
10.63585545,18.95,662,4285.0,44.6,3.0,1.0,0.0,0,0,0,0,0,1,0,0.10300480730597325,6.493150684931507
11.26446411,0.65,727,5142.0,27.2,0.0,0.0,0.0,1,0,1,0,0,0,0,0.06592307663774394,4.6546803643835615
10.51856508,12.36,732,168.0,56.0,0.0,0.0,0.0,0,0,1,0,0,0,0,0.004541031452299094,10.273858446575343
10.1266311,15.07,702,4072.0,23.8,0.0,0.0,0.0,0,0,1,0,0,0,0,0.1628800006271429,6.657534246575342
10.66886237,12.5,667,7722.0,82.1,2.0,0.0,0.0,0,0,1,0,0,0,0,0.17959810162693732,4.027397260273973
10.6454249,1.49,752,1954.0,6.4,5.0,0.0,0.0,0,0,0,0,1,0,0,0.04652380939659041,10.684931506849315
11.31442574,20.91,702,36462.0,81.0,1.0,0.0,0.0,0,0,1,0,0,0,0,0.4446802303354649,12.575342465753424
11.58988651,11.67,727,14191.0,61.2,1.0,0.0,0.0,0,0,0,1,0,0,0,0.1313981476365307,22.52054794520548
10.694079,12.38,772,1060.0,8.6,2.0,0.0,0.0,0,0,0,0,0,0,0,0.024039551812544597,5.506849315068493
10.57131693,6.65,752,4487.0,11.1,0.0,0.0,0.0,0,0,1,0,0,0,0,0.11505128148888646,7.890410958904109
10.71441777,17.04,732,14439.0,32.2,1.0,0.0,0.0,0,0,1,0,0,0,0,0.3208666662663714,10.191666665753425
11.5002049,8.12,677,36192.0,84.6,0.0,0.0,0.0,1,0,0,0,0,0,0,0.36655323306897397,9.205365295890411
10.97002421,0.23,767,11.0,0.1,0.0,0.0,0.0,1,0,0,0,0,0,0,0.00018930919311343534,9.945205479452055
10.46310334,9.53,717,9985.0,52.3,0.0,0.0,0.0,0,0,1,0,0,0,0,0.285285714420241,9.698630136986301
12.06155541,2.44,687,14324.0,53.4,2.0,0.0,0.0,0,0,0,0,1,0,0,0.08275559291753094,14.73150684931507
10.93596004,19.85,672,15198.0,84.0,0.0,0.0,0.0,0,0,0,0,0,1,0,0.2706196577677696,11.835616438356164
10.77895629,12.57,712,10.0,0.1,0.0,0.0,0.0,0,0,0,0,0,0,0,0.0002083333333104225,22.356050227397258
11.47210347,18.46,682,39502.0,87.6,0.0,0.0,0.0,0,0,1,0,0,0,0,0.4114791668518211,31.47945205479452
10.91508846,14.99,712,9483.0,57.8,0.0,0.0,0.0,0,0,1,0,0,0,0,0.1724181825448569,18.164269405479452
10.91508846,9.16,747,28962.0,66.9,0.0,0.0,0.0,0,0,0,0,0,0,0,0.5265818204011543,19.3149543369863
10.49957302,0.93,742,1410.0,67.1,0.0,0.0,0.0,0,0,0,0,0,0,0,0.03884297521643661,5.260159816438356
10.57131693,3.82,687,6039.0,28.1,2.0,0.0,0.0,0,0,0,0,0,0,0,0.1548461530892323,5.0957762547945205
10.81985828,11.33,662,11660.0,67.0,2.0,0.0,0.0,0,0,1,0,0,0,0,0.23318134577461583,7.47945205479452
11.77528973,7.31,747,9642.0,30.0,0.0,0.0,0.0,0,0,0,0,0,0,0,0.07416923072752679,8.63013698630137
10.1266311,9.26,742,3106.0,31.4,0.0,0.0,0.0,0,0,0,0,0,0,0,0.12424000047836586,5.424543378082192
11.22524339,13.31,782,0.0,0.0,1.0,0.0,0.0,0,0,0,0,0,0,0,0.0,15.04109589041096
11.00209984,17.32,727,19817.0,61.4,2.0,0.0,0.0,0,0,1,0,0,0,0,0.3302833337310731,10.931506849315069
11.17043516,10.48,722,9630.0,36.6,0.0,0.0,1.0,0,1,0,0,0,0,0,0.13563380227754712,17.506849315068493
10.66886237,13.62,702,1621.0,40.5,1.0,0.0,0.0,0,0,0,0,0,0,0,0.037701181395657264,9.451940638356165
11.00209984,1.62,797,3391.0,6.2,2.0,0.0,0.0,0,0,0,0,0,0,0,0.0565166667347262,24.988926939726028
11.28978191,7.75,757,12454.0,29.8,0.0,0.0,0.0,0,0,0,0,0,0,0,0.15567500056915065,8.383447487671233
11.12732181,17.82,727,53059.0,89.9,3.0,0.0,0.0,0,0,0,0,0,0,1,0.780233512521548,18.410844747945205
11.73610102,9.34,677,12403.0,39.8,2.0,1.0,0.0,0,0,1,0,0,0,0,0.09922082451414108,15.786301369863013
10.37349118,15.0,782,695.0,8.2,0.0,0.0,0.0,0,0,0,0,0,0,0,0.021718750038699844,9.547945205479452
10.4341158,8.72,732,6383.0,48.7,1.0,0.0,0.0,0,0,0,0,0,0,1,0.18773529479317452,9.534246575342467
11.1844214,2.2,677,2596.0,12.5,3.0,0.0,0.0,0,0,0,0,0,0,0,0.03605555548337928,15.205479452054794
10.46321762,21.36,707,10638.0,61.8,0.0,0.0,0.0,0,0,1,0,0,0,0,0.3039081246811098,9.369748857534246
9.814656339,2.56,687,1716.0,71.5,0.0,0.0,0.0,0,0,0,0,0,0,0,0.09377049178729191,4.027397260273973
10.15812977,14.93,677,1838.0,73.5,0.0,0.0,0.0,0,0,0,0,0,0,0,0.07124031014232729,14.876712328767123
12.01971897,15.02,752,56153.0,44.3,1.0,0.0,0.0,0,0,0,0,1,0,0,0.33827923586844927,32.967123287671235
10.37349118,3.9,697,9172.0,44.7,0.0,0.0,0.0,0,0,1,0,0,0,0,0.2866250005107266,6.167009131506849
11.15625052,23.91,692,22713.0,43.1,1.0,0.0,0.0,0,0,1,0,0,0,0,0.32447142890611946,5.835616438356165
10.08580911,24.35,687,2533.0,38.4,0.0,0.0,1.0,0,0,0,0,0,0,0,0.10554166659596251,9.534246575342467
10.08580911,0.95,762,1870.0,5.5,0.0,0.0,0.0,0,0,0,0,0,0,1,0.07791666661446897,17.92876712328767
12.20609265,5.61,712,7926.0,49.8,3.0,0.0,0.0,0,0,0,0,0,0,0,0.03962920723079026,10.520547945205479
10.52002363,12.63,712,12269.0,19.3,2.0,0.0,0.0,0,0,0,0,0,0,0,0.3311470987553469,14.301255706849314
10.46310334,23.07,707,7828.0,23.9,2.0,0.0,0.0,0,0,1,0,0,0,0,0.22365714296260852,4.109474884931507
11.1844214,12.85,687,8081.0,58.1,0.0,1.0,0.0,0,0,1,0,0,0,0,0.11223611088643604,9.616438356164384
11.08214255,1.94,782,3845.0,25.6,0.0,0.0,0.0,0,0,1,0,0,0,0,0.05915384608746216,12.73972602739726
11.29725393,3.48,742,11774.0,44.4,0.0,0.0,0.0,0,0,1,0,0,0,0,0.14607940424661078,18.575342465753426
11.08214255,15.88,702,21438.0,90.6,1.0,0.0,1.0,1,0,1,0,0,0,0,0.32981538424525714,15.20536529589041
10.91501573,7.53,762,6576.0,25.2,0.0,0.0,0.0,0,0,1,0,0,0,0,0.11957233304709229,14.301255706849314
11.12726298,11.42,662,10311.0,88.9,0.0,1.0,1.0,0,0,0,0,1,0,0,0.15163235357170085,10.35605022739726
11.35040654,4.62,687,6419.0,45.5,0.0,0.0,0.0,0,0,1,0,0,0,0,0.07551764671691388,5.506849315068493
11.66137995,9.22,807,0.0,0.0,2.0,0.0,0.0,0,0,0,0,1,0,0,0.0,20.383447487671233
10.31374118,12.74,727,22099.0,84.7,0.0,0.0,0.0,0,0,1,0,0,0,0,0.7331143823651215,9.616438356164384
11.69065315,20.92,667,45414.0,98.3,0.0,1.0,0.0,0,1,0,0,0,0,0,0.38019255023079257,17.260388128767126
11.05089001,14.74,747,27222.0,42.9,1.0,0.0,0.0,0,0,0,0,0,0,0,0.4320952360962229,19.39714611780822
11.58058411,9.41,737,4229.0,7.1,0.0,0.0,0.0,0,0,1,0,0,0,0,0.03952336462210147,27.863013698630137
10.4341158,13.59,677,22556.0,73.0,0.0,0.0,0.0,0,0,0,0,0,0,1,0.6634117670930354,5.589041095890411
10.858999,19.32,737,32709.0,53.6,0.0,0.0,0.0,0,1,0,0,0,0,0,0.6290192292366655,10.934246575342465
10.81977828,7.25,737,2140.0,6.0,3.0,0.0,0.0,0,0,0,0,0,0,0,0.04280000018876014,11.260159816438355
11.17883639,9.49,777,257.0,3.6,0.0,0.0,0.0,0,0,0,0,0,0,0,0.0035894355936156174,9.369748857534246
11.15625052,21.53,682,8299.0,58.9,0.0,0.0,0.0,0,0,0,0,0,0,0,0.11855714297943404,5.180707761643836
11.57119437,0.17,767,9943.0,10.9,0.0,0.0,0.0,0,0,1,0,0,0,0,0.09380188708269496,12.082077624657533
10.34817337,7.62,772,944.0,19.7,2.0,0.0,0.0,1,0,1,0,0,0,0,0.03025641037131122,9.616438356164384
9.996431298,1.91,662,370.0,21.8,1.0,0.0,0.0,0,0,1,0,0,0,0,0.01685802806935396,7.561643835616438
10.37349118,17.81,737,4577.0,16.2,2.0,0.0,0.0,0,0,1,0,0,0,0,0.14303125025486216,15.863013698630137
11.1123882,16.25,667,5636.0,49.9,2.0,1.0,0.0,0,0,1,0,0,0,0,0.08412442492647862,13.3149543369863
10.7701888,20.02,687,18634.0,70.6,1.0,0.0,0.0,0,0,1,0,0,0,0,0.3916269102418133,8.876712328767123
11.05089001,20.11,692,18212.0,56.4,1.0,0.0,0.0,0,1,0,0,0,0,0,0.2890793637419885,10.931506849315069
11.31812639,0.58,762,849.0,1.9,0.0,0.0,0.0,0,0,0,0,0,0,0,0.010315917341053731,4.109474884931507
9.210340372,0.0,717,0.0,0.0,2.0,0.0,0.0,0,0,0,1,0,0,0,0.0,3.654794520547945
10.89673933,6.36,742,1510.0,50.3,1.0,0.0,0.0,0,0,0,0,0,0,0,0.02796296283842741,7.6438356164383565
10.6454249,6.57,772,2521.0,22.1,0.0,0.0,0.0,0,0,0,0,0,0,0,0.06002380935967473,12.410844747945204
10.40426284,12.29,777,1805.0,8.7,2.0,0.0,0.0,0,0,1,0,0,0,0,0.05469696972150774,22.767123287671232
11.22524339,24.5,787,5544.0,11.3,0.0,0.0,0.0,0,0,1,0,0,0,0,0.0739200001861637,17.91780821917808
12.21602298,14.03,667,31008.0,79.8,3.0,0.0,0.0,1,0,1,0,0,0,0,0.15350494993987457,9.698630136986301
10.46310334,1.3,732,2722.0,36.8,2.0,0.0,0.0,0,0,0,0,0,0,1,0.07777142860810174,4.526027397260274
11.46154796,1.92,742,14989.0,25.0,1.0,0.0,0.0,0,0,1,0,0,0,0,0.1577922345849674,18.915068493150685
10.49127422,12.3,732,6729.0,97.5,1.0,0.0,0.0,1,0,0,0,1,0,0,0.18691666618783245,22.27659817260274
10.46310334,16.39,677,21124.0,87.3,3.0,0.0,0.0,0,0,1,0,0,0,0,0.6035428574274582,7.6438356164383565
11.00209984,14.42,677,24151.0,61.1,3.0,0.0,0.0,0,0,0,0,0,0,0,0.4025166671513926,15.04109589041096
10.34174248,13.16,757,4923.0,70.3,2.0,0.0,0.0,0,0,1,0,0,0,0,0.15880645216353007,17.671232876712327
11.05089001,22.67,702,26803.0,92.7,0.0,0.0,0.0,0,0,1,0,0,0,0,0.425444442476198,8.63013698630137
9.903487553,14.58,687,7783.0,84.6,0.0,0.0,0.0,0,0,0,1,0,0,0,0.3891499998194843,6.161643835616438
11.40756495,8.51,782,9957.0,29.6,0.0,0.0,0.0,0,0,1,0,0,0,0,0.11063333325726216,11.58904109589041
11.51288546,4.32,712,5262.0,28.4,0.0,1.0,0.0,0,0,0,0,0,0,0,0.05262210510364046,19.479337898630135
10.96819829,7.49,772,10144.0,15.6,0.0,0.0,0.0,0,0,0,0,0,0,1,0.17489655164168405,10.191666665753425
10.83958091,0.24,792,132.0,6.6,3.0,0.0,0.0,0,0,0,0,0,0,0,0.002588235298534373,9.287557076712329
11.1844214,17.68,722,6759.0,0.0,3.0,0.0,0.0,0,0,0,0,0,0,1,0.09387499981208033,14.547945205479452
10.90595598,4.69,737,2184.0,72.1,1.0,0.0,0.0,0,1,0,0,0,0,0,0.04007339452151407,15.369748857534246
10.6454249,14.34,712,8644.0,47.0,0.0,0.0,0.0,0,0,0,0,1,0,0,0.20580952324673876,12.493036528767123
10.63933496,19.58,717,6479.0,38.1,1.0,0.0,0.0,0,1,0,0,0,0,0,0.15520421648167373,22.84931506849315
11.81303006,6.82,792,10232.0,19.1,2.0,0.0,0.0,0,0,0,0,1,0,0,0.07579259239709057,12.904109589041095
10.91508846,23.41,682,20344.0,86.0,0.0,0.0,0.0,0,0,1,0,0,0,0,0.36989091064985435,9.369748857534246
11.06350847,4.25,732,8897.0,19.1,3.0,0.0,0.0,1,0,0,0,0,0,1,0.13945141056527652,14.301255706849314
11.06563786,22.43,682,34847.0,68.1,1.0,1.0,0.0,0,1,0,0,0,0,0,0.5450294054989459,9.616438356164384
9.998797732,16.36,732,11246.0,93.7,0.0,0.0,0.0,0,0,0,0,1,0,0,0.5111818183558515,11.342351597260272
11.25609586,16.93,677,19146.0,33.9,3.0,0.0,0.0,0,1,0,0,0,0,0,0.24752423947561997,13.643835616438356
11.40756495,20.4,762,28872.0,21.1,1.0,0.0,0.0,0,0,0,0,0,0,0,0.3207999997794188,33.45194063013699
10.87221892,13.03,722,850.0,14.2,0.0,1.0,0.0,0,0,0,0,0,0,0,0.01613148106538488,7.479337898630137
11.22524339,1.94,812,45050.0,6.4,0.0,0.0,0.0,0,0,0,0,0,0,0,0.6006666681794145,9.287557076712329
9.903487553,6.3,677,1715.0,39.9,0.0,0.0,0.0,0,0,0,1,0,0,0,0.08574999996022299,3.4519406383561644
10.4341158,15.85,767,5748.0,12.3,0.0,1.0,0.0,0,1,0,0,0,0,0,0.16905882413773574,27.863013698630137
10.11633831,6.69,717,9764.0,22.7,3.0,0.0,0.0,0,0,0,0,0,0,0,0.3946007130059384,23.260159816438357
10.87804719,11.34,782,722.0,3.2,0.0,0.0,0.0,0,0,1,0,0,0,0,0.01362264154395726,14.465639268493149
10.93310697,16.33,682,18451.0,65.2,2.0,0.0,0.0,0,1,0,0,0,0,0,0.32948214276399346,8.95890410958904
11.22524339,15.63,672,6855.0,53.6,0.0,0.0,0.0,0,0,0,1,0,0,0,0.09140000023018616,12.246461186301369
11.32962743,13.81,722,17610.0,76.9,0.0,0.0,0.0,0,1,0,0,0,0,0,0.21152645014883817,8.63013698630137
10.8620712,2.65,712,3002.0,5.1,3.0,1.0,0.0,0,1,0,0,0,0,0,0.0575536807859433,24.164269405479452
11.30220443,13.11,757,18540.0,29.6,0.0,0.0,0.0,0,1,0,0,0,0,0,0.22888888972538074,16.684931506849313
11.36210258,21.93,662,18991.0,95.0,0.0,0.0,1.0,0,0,1,0,0,0,0,0.22082558034325728,9.780821917808218
10.53209621,21.09,692,10800.0,54.3,1.0,0.0,0.0,0,0,1,0,0,0,0,0.28800000056404845,9.616438356164384
11.58988651,11.34,732,47016.0,37.1,0.0,0.0,0.0,0,0,0,0,1,0,0,0.43533333163830085,10.191666665753425
11.08214255,13.75,722,40310.0,66.7,1.0,0.0,0.0,0,0,1,0,0,0,0,0.6201538454578932,19.561643835616437
11.63539085,10.02,707,20460.0,39.8,1.0,0.0,0.0,0,0,0,0,0,0,0,0.18101709394430865,11.424543378082191
10.71441777,1.28,777,25.0,0.1,0.0,0.0,0.0,0,0,0,0,1,0,0,0.0005555555548624756,6.986301369863014
10.3768605,23.88,667,8072.0,92.8,1.0,0.0,0.0,1,0,0,1,0,0,0,0.2514015196822552,4.109474884931507
12.10071213,12.12,677,67579.0,61.0,0.0,1.0,0.0,0,0,1,0,0,0,0,0.37543888884096327,19.07123287671233
10.55093105,12.59,687,5545.0,60.9,3.0,0.0,1.0,1,1,0,0,0,0,0,0.14510768598753182,9.372488583561644
10.81977828,21.62,682,13427.0,30.0,0.0,0.0,0.0,0,0,1,0,0,0,0,0.2685400011843376,31.314954328767122
10.46310334,16.15,697,14852.0,79.4,0.0,0.0,0.0,0,0,1,0,0,0,0,0.4243428573429563,11.517808219178082
10.6666271,10.49,777,4963.0,15.8,0.0,0.0,0.0,0,1,0,0,0,0,0,0.11568764625637874,17.342351597260272
11.33260191,13.42,677,11386.0,55.0,2.0,2.0,1.0,0,0,0,0,0,0,0,0.13635928155152402,15.287557076712327
10.30895266,11.8,737,5842.0,30.9,1.0,0.0,0.0,0,0,1,0,0,0,0,0.1947333334587987,5.917808219178082
10.96812932,24.31,712,23802.0,59.2,1.0,0.0,0.0,1,0,1,0,0,0,0,0.4104076149884594,17.42454337808219
11.49272276,5.08,752,7921.0,14.2,0.0,0.0,0.0,0,0,0,0,0,0,1,0.08082653042252155,10.942465753424658
9.210340372,18.12,667,5704.0,80.3,0.0,0.0,0.0,0,1,0,0,0,0,0,0.570399999986415,4.684931506849315
10.77895629,10.35,757,2108.0,10.9,1.0,0.0,0.0,0,0,0,0,0,0,0,0.043916666661837064,15.123173515068492
9.61580548,15.28,707,1545.0,18.6,1.0,0.0,0.0,0,0,0,0,0,0,0,0.1030000000086877,3.5342465753424657
10.44278401,23.06,687,5244.0,27.5,1.0,1.0,0.0,0,0,1,0,0,0,0,0.152904128498042,10.191666665753425
10.89673933,6.58,787,5300.0,31.2,0.0,0.0,0.0,0,1,0,0,0,0,0,0.0981481477110366,14.63013698630137
10.6454249,19.89,722,20563.0,97.0,0.0,0.0,0.0,0,0,1,0,0,0,0,0.4895952367564425,11.424543378082191
10.71441777,17.04,737,2009.0,14.3,0.0,0.0,0.0,0,0,0,0,0,0,0,0.04464444438874854,13.561643835616438
10.87804719,14.08,707,12053.0,87.3,3.0,0.0,0.0,0,0,0,0,1,0,0,0.22741509491595133,10.438242008219179
10.858999,22.83,757,1447.0,6.9,3.0,0.0,0.0,0,0,0,0,1,0,0,0.027826923009124552,13.726027397260275
10.93310697,6.81,747,21456.0,27.7,1.0,0.0,0.0,0,1,0,0,0,0,0,0.3831428570345371,10.191666665753425
11.08214255,11.72,737,1208.0,3.5,2.0,0.0,0.0,0,0,0,0,0,0,1,0.01858461536375924,7.580707761643835
12.06681058,15.43,687,35010.0,65.7,1.0,0.0,1.0,0,1,0,0,0,0,0,0.20120689618888085,14.383447487671232
10.81977828,16.0,707,17613.0,76.6,2.0,0.0,0.0,0,0,1,0,0,0,0,0.3522600015535665,8.794520547945206
10.37349118,17.48,672,1404.0,93.6,3.0,0.0,0.0,0,0,0,0,0,0,1,0.04387500007817926,3.6164383561643834
11.00874438,22.45,752,14026.0,51.4,0.0,0.0,0.0,0,1,0,0,0,0,0,0.2322185439573293,11.6
8.612503371,3.71,767,566.0,8.6,0.0,0.0,0.0,0,0,0,0,0,0,0,0.1029090909317887,4.52054794520548
10.91508846,14.49,692,19976.0,81.2,2.0,0.0,0.0,0,0,1,0,0,0,0,0.3632000015307457,7.071118720547945
10.30895266,0.68,717,893.0,38.8,0.0,0.0,0.0,0,0,0,0,0,0,0,0.029766666685845128,7.726027397260274
10.79949394,0.73,687,2987.0,49.8,0.0,0.0,0.0,0,0,0,0,0,0,0,0.060964160407142025,23.424543378082195
11.3736634,19.38,727,42987.0,89.0,1.0,0.0,0.0,1,0,0,0,0,0,0,0.49410344710815773,15.369748857534246
11.17717297,11.65,667,27914.0,88.6,0.0,2.0,0.0,0,0,1,0,0,0,0,0.3905148290391252,13.150570775342464
10.59663473,10.26,747,18467.0,30.9,3.0,0.0,0.0,0,1,0,0,0,0,0,0.4616750014293797,20.71232876712329
11.23848862,12.55,667,5466.0,42.4,2.0,0.0,0.0,0,0,0,0,0,0,0,0.0719210525789664,3.8547945205479452
11.6351431,0.0,737,17533.0,95.8,0.0,0.0,0.0,0,0,0,0,0,0,0,0.15515929167767492,23.095776254794522
10.95960979,9.24,747,3176.0,22.7,1.0,0.0,0.0,0,0,0,0,0,0,0,0.055230940433300554,8.547945205479452
11.39184199,22.69,752,27806.0,32.3,1.0,0.0,0.0,0,1,0,0,0,0,0,0.3138516407957956,13.397146117808218
11.31208142,8.98,777,38216.0,50.4,0.0,0.0,0.0,0,0,0,0,0,0,0,0.4671654203214808,27.451940630136985
12.10342002,15.35,722,89832.0,43.6,1.0,0.0,0.0,0,0,0,0,0,0,0,0.4977170770618178,8.054794520547945
10.6454249,9.97,712,2953.0,88.0,0.0,0.0,0.0,0,0,0,0,0,0,0,0.07030952361726278,15.451940638356163
12.50617724,7.26,757,129705.0,62.0,2.0,0.0,0.0,0,0,0,0,1,0,0,0.48038888791874945,21.20536529589041
11.38452375,12.2,752,39.0,0.3,3.0,0.0,0.0,0,0,0,0,0,0,1,0.00044343376926051707,13.397146117808218
11.05089001,18.46,752,2733.0,7.6,0.0,0.0,0.0,0,0,0,0,1,0,0,0.043380952180257774,21.369748857534244
10.12647109,14.74,697,15175.0,53.2,3.0,0.0,0.0,0,0,1,0,0,0,0,0.6070971361785142,5.424543378082192
9.903487553,24.72,682,7231.0,95.1,0.0,0.0,0.0,0,0,0,0,0,0,0,0.36154999983228714,7.068378994520548
10.04342339,4.33,747,2413.0,10.3,2.0,0.0,0.0,0,0,0,0,0,1,0,0.10489480120142528,12.657534246575343
10.30895266,9.88,702,5431.0,86.2,2.0,0.0,0.0,1,0,1,0,0,0,0,0.18103333344997188,13.808219178082192
10.30895266,15.84,667,3825.0,83.2,3.0,0.0,0.0,0,0,1,0,0,0,0,0.12750000008214737,12.90399543287671
11.5228758,15.15,752,19326.0,25.0,2.0,0.0,0.0,0,0,1,0,0,0,0,0.19134653385428682,11.917808219178083
12.15477935,21.4,682,12531.0,30.1,2.0,0.0,0.0,0,0,1,0,0,0,0,0.06595263165430637,14.876712328767123
11.54334797,16.33,732,28365.0,44.7,1.0,0.0,0.0,0,1,0,0,0,0,0,0.2751505985171218,17.035616438356165
10.858999,1.34,742,2386.0,11.3,4.0,0.0,0.0,1,0,0,0,1,0,0,0.04588461527282044,4.8493150684931505
10.30895266,0.4,762,256.0,0.4,2.0,0.0,0.0,0,0,0,0,0,0,1,0.008533333338831302,4.931506849315069
10.71441777,3.84,752,0.0,0.0,5.0,0.0,0.0,0,0,1,0,0,0,0,0.0,5.430251142465753
10.1266311,18.48,702,2284.0,4.7,2.0,2.0,0.0,1,0,0,0,0,0,0,0.09136000035176678,9.076712328767123
10.77895629,10.63,752,185.0,1.3,1.0,0.0,0.0,0,0,0,0,1,0,0,0.003854166666242816,5.671232876712328
11.49272276,10.1,752,78031.0,44.1,0.0,0.0,0.0,0,1,0,0,0,0,0,0.7962346920085569,12.093150684931507
11.42954386,9.57,732,13119.0,11.8,0.0,0.0,0.0,0,0,0,0,0,0,1,0.14259782552101094,16.684931506849313
11.1844214,5.88,752,8898.0,29.1,1.0,0.0,0.0,1,0,0,0,0,0,0,0.12358333308594331,9.534246575342467
10.1266311,18.82,712,10579.0,47.2,1.0,0.0,0.0,0,0,1,0,0,0,0,0.4231600016293086,7.808219178082192
10.858999,6.83,722,2936.0,43.2,1.0,1.0,0.0,0,0,0,0,0,0,0,0.05646153832397352,13.808219178082192
11.08980542,17.11,702,7095.0,54.6,2.0,0.0,0.0,0,0,1,0,0,0,0,0.1083206108628645,14.17522830958904
11.15625052,17.21,752,26596.0,35.6,7.0,0.0,0.0,0,0,0,0,0,0,1,0.37994285753476653,12.0
10.37361617,2.92,732,1836.0,27.0,1.0,0.0,0.0,0,0,0,0,0,0,0,0.057367829249123446,16.783561643835615
10.75798798,14.53,747,17524.0,32.4,2.0,0.0,0.0,0,0,1,0,0,0,0,0.37281933581237675,14.712328767123287
11.22524339,18.67,732,7849.0,40.5,1.0,0.0,0.0,0,1,0,0,0,0,0,0.10465333359689732,15.616438356164384
10.51867319,0.91,742,1219.0,10.3,2.0,0.0,0.0,0,0,0,0,0,0,1,0.03294594599952798,4.273858446575343
11.53566495,10.71,707,52141.0,73.3,1.0,0.0,0.0,0,0,0,1,0,0,0,0.509687195514554,12.821917808219178
10.68510338,14.03,707,7693.0,72.6,3.0,0.0,0.0,1,0,1,0,0,0,0,0.17604119012212283,16.684931506849313
11.22524339,6.18,722,25055.0,78.1,1.0,0.0,0.0,0,1,0,0,0,0,0,0.33406666750799624,9.863013698630137
11.00209984,8.34,747,3337.0,20.2,1.0,0.0,0.0,0,0,1,0,0,0,0,0.05561666673364238,10.849315068493151
10.858999,9.65,692,17349.0,63.3,0.0,0.0,0.0,0,0,1,0,0,0,0,0.33363461457173593,10.076712328767123
10.49127422,22.1,717,2307.0,46.1,0.0,0.0,0.0,0,0,0,0,1,0,0,0.06408333316916771,10.931506849315069
11.16902571,17.69,697,25700.0,92.2,0.0,0.0,0.0,0,0,1,0,0,0,0,0.36248237044809073,15.451940638356163
11.81303006,9.98,682,24810.0,71.3,3.0,1.0,0.0,0,0,1,0,0,0,0,0.18377777730373507,15.780821917808218
10.84099168,5.69,757,13625.0,41.2,0.0,0.0,0.0,0,0,1,0,0,0,0,0.2667802320455273,18.65753424657534
10.96819829,15.41,707,16302.0,71.8,3.0,0.0,0.0,0,0,0,0,0,0,0,0.28106896538473314,14.465639268493149
11.35035948,6.54,712,1496.0,17.2,2.0,0.0,0.0,0,0,0,0,1,0,0,0.017600828195800607,5.424543378082192
11.58988651,5.48,787,22602.0,36.3,1.0,0.0,0.0,0,0,1,0,0,0,0,0.20927777696292488,12.328652967123286
10.81977828,3.89,732,9.0,0.2,1.0,0.0,0.0,0,0,0,0,0,0,0,0.00018000000079385105,4.52054794520548
10.34161344,15.21,687,3795.0,32.7,0.0,0.0,0.0,0,0,1,0,0,0,0,0.12243515327604132,4.931506849315069
10.91508846,23.26,697,6130.0,37.6,0.0,0.0,0.0,0,0,0,0,0,0,1,0.11145454592428271,8.301255706849314
12.01370075,20.67,697,80602.0,91.7,0.0,0.0,0.0,1,1,0,0,0,0,0,0.48849697110516854,18.410844747945205
11.65268741,16.57,687,71046.0,51.7,0.0,0.0,0.0,0,0,0,0,1,0,0,0.6177913027078291,9.123173515068494
10.08580911,14.05,692,5122.0,73.2,0.0,0.0,1.0,1,0,1,0,0,0,0,0.21341666652369523,24.024657534246575
11.48242502,7.56,707,9906.0,46.1,0.0,0.0,0.0,0,0,0,0,0,0,0,0.10212792275210715,14.054794520547945
11.8493977,13.52,747,29790.0,15.6,0.0,0.0,0.0,0,1,0,0,0,0,0,0.2127857146243501,13.479337898630137
10.46310334,23.17,697,3723.0,39.4,0.0,0.0,1.0,1,0,0,0,0,0,0,0.10637142862158809,12.657534246575343
10.93310697,12.64,702,5745.0,35.9,2.0,0.0,1.0,0,0,1,0,0,0,0,0.10258928568528224,20.54794520547945
10.97164063,22.95,697,16047.0,78.7,0.0,0.0,0.0,0,1,0,0,0,0,0,0.27572165051009095,7.150570775342466
10.4392204,9.83,702,4475.0,87.7,3.0,0.0,1.0,0,0,0,0,0,0,1,0.13094750395144786,19.972602739726028
10.81985828,1.03,807,2161.0,13.2,0.0,0.0,0.0,0,0,0,0,1,0,0,0.043216542728897495,9.290296802739727
10.1266311,9.79,697,1898.0,34.5,3.0,0.0,0.0,0,0,0,0,0,1,0,0.07592000029231759,4.602739726027397
10.96819829,9.43,722,12174.0,59.6,1.0,0.0,0.0,0,0,1,0,0,0,0,0.2098965516251835,11.835616438356164
11.19547123,9.26,752,4087.0,23.4,0.0,0.0,0.0,1,0,0,0,0,0,0,0.05614011012504371,8.13687214520548
10.91508846,13.11,787,66430.0,3.2,0.0,0.0,0.0,0,0,0,0,0,0,0,1.2078181869086624,11.838356164383562
10.71441777,11.01,767,1786.0,4.3,7.0,0.0,0.0,0,0,0,0,1,0,0,0.039688888839375255,7.068493150684931
9.61580548,2.4,717,3956.0,38.8,0.0,0.0,0.0,0,0,0,0,0,0,0,0.2637333333555783,3.6164383561643834
11.21446552,8.73,742,19892.0,17.3,0.0,0.0,0.0,0,0,1,0,0,0,0,0.2681007060623479,9.780821917808218
10.69098991,16.27,757,14335.0,35.3,0.0,0.0,0.0,1,0,0,0,0,1,0,0.32610673876448937,14.383447487671232
10.40092394,24.88,727,10462.0,33.9,1.0,0.0,0.0,0,0,1,0,0,0,0,0.31809060478727935,10.210844747945206
10.32127641,10.19,692,20167.0,89.6,0.0,0.0,0.0,0,0,1,0,0,0,0,0.6639997368206944,8.054794520547945
11.15619338,16.17,732,9604.0,38.1,0.0,1.0,0.0,0,0,0,0,0,0,0,0.1372078399735113,21.041095890410958
10.77895629,10.25,702,723.0,30.1,3.0,0.0,1.0,0,0,0,0,0,0,0,0.015062499998343547,8.054794520547945
11.33857208,17.0,702,14750.0,66.1,1.0,0.0,0.0,0,0,1,0,0,0,0,0.1755952377133975,13.561643835616438
10.95080655,16.67,717,1203.0,14.9,3.0,0.0,0.0,1,0,1,0,0,0,0,0.021105263090710098,6.0
10.59653473,8.52,707,311.0,6.8,1.0,0.0,0.0,0,0,0,0,0,1,0,0.007775777562950672,8.63013698630137
11.1844214,0.25,767,193.0,0.5,2.0,0.0,0.0,0,1,0,0,0,0,0,0.0026805555501896,20.301255706849314
11.04285783,8.95,687,3730.0,66.6,1.0,0.0,0.0,0,0,0,0,0,0,0,0.0596838199838868,7.6438356164383565
10.25765937,2.23,712,2204.0,19.2,0.0,0.0,0.0,0,0,0,0,0,0,0,0.07733333304385465,4.109474884931507
10.22557105,14.0,687,3243.0,24.0,2.0,0.0,0.0,0,0,1,0,0,0,0,0.11750000020036595,10.906849315068493
11.8493977,10.13,782,3991.0,9.5,1.0,0.0,0.0,1,0,0,0,0,0,1,0.028507142902510278,41.342351589041094
10.59663473,11.07,717,17495.0,60.3,0.0,1.0,0.0,0,0,0,0,0,0,1,0.43737500135414514,19.80821917808219
10.97780715,4.94,692,8232.0,42.4,3.0,0.0,0.0,0,0,1,0,0,0,0,0.1405737702999472,11.177968035616438
10.86650919,18.16,727,17558.0,52.7,0.0,0.0,0.0,0,0,0,0,0,0,0,0.335127499342135,7.972602739726027
11.35040654,5.41,757,21244.0,24.7,0.0,2.0,0.0,0,0,0,0,0,0,0,0.24992941063313892,15.20536529589041
8.987196821,13.8,722,5136.0,34.9,2.0,0.0,0.0,1,0,1,0,0,0,0,0.6419999997829869,12.0
10.858999,12.21,732,12568.0,57.7,2.0,0.0,0.0,0,1,0,0,0,0,0,0.24169230710343978,8.712328767123287
10.818177,3.37,717,8158.0,31.5,0.0,0.0,0.0,0,0,0,0,0,0,0,0.1634214748563164,7.1945205479452055
10.77895629,17.95,687,12964.0,72.4,1.0,0.0,0.0,0,0,1,0,0,0,0,0.2700833333036317,12.575342465753424
10.29282328,20.65,682,11987.0,98.3,1.0,0.0,1.0,0,0,1,0,0,0,0,0.4060636851148243,11.92054794520548
10.08163374,13.76,722,6255.0,34.4,0.0,0.0,0.0,0,0,1,0,0,0,0,0.261715480627076,14.794520547945206
10.04966366,14.46,727,7251.0,25.6,1.0,0.0,0.0,1,0,0,0,0,0,0,0.31324520561310826,9.616438356164384
9.61580548,16.88,692,6115.0,43.1,3.0,0.0,0.0,1,0,0,0,0,0,0,0.40766666670105195,5.671232876712328
11.20504069,7.69,717,4724.0,78.7,0.0,0.0,0.0,0,0,1,0,0,0,0,0.0642721085350909,8.813698630136987
11.69107165,3.07,692,4820.0,67.9,1.0,0.0,1.0,0,0,0,0,1,0,0,0.04033472804773931,27.205365295890413
11.00209984,12.06,692,7482.0,59.9,1.0,1.0,0.0,0,0,0,1,0,0,0,0.1247000001501685,10.273858446575343
11.15625052,18.46,737,5801.0,11.8,0.0,0.0,0.0,0,0,0,0,0,0,1,0.08287142865691009,26.958904109589042
11.03495418,19.49,692,10890.0,57.0,2.0,0.0,0.0,0,0,1,0,0,0,0,0.1756338297374164,14.301255706849314
11.69524702,5.99,767,15371.0,41.7,4.0,0.0,0.0,1,0,1,0,0,0,0,0.1280916668926438,18.328652967123286
12.07254125,17.75,707,76237.0,44.5,2.0,0.0,0.0,1,0,0,0,0,0,1,0.43564000126581764,11.67123287671233
10.56100756,2.46,682,2076.0,83.0,1.0,0.0,0.0,0,0,0,0,1,0,0,0.05378238317513642,8.712328767123287
11.69524702,6.73,687,8186.0,65.0,2.0,3.0,0.0,0,0,0,1,0,0,0,0.06821666678701335,21.561529679452054
11.68687877,15.76,767,54960.0,24.4,3.0,0.0,0.0,0,1,0,0,0,0,0,0.4618487404627556,30.410844739726027
10.23981692,14.7,682,7120.0,31.9,0.0,0.0,0.0,0,0,0,0,0,0,0,0.25432204646675016,4.438242008219178
10.70772878,12.59,722,19887.0,99.4,0.0,0.0,0.0,0,0,0,0,0,0,0,0.44489932912673863,18.73972602739726
11.00209984,23.14,702,15481.0,96.1,1.0,0.0,0.0,0,0,1,0,0,0,0,0.2580166669773802,21.616324199999998
11.73606902,14.86,692,27648.0,95.5,0.0,0.0,0.0,0,1,0,0,0,0,0,0.22118399917817708,21.945205479452056
10.41930072,5.55,702,14499.0,33.4,1.0,0.0,0.0,0,0,1,0,0,0,0,0.4328059692027751,5.835616438356165
11.08214255,5.7,762,2471.0,15.1,0.0,0.0,0.0,0,0,0,0,1,0,0,0.03801538457272275,10.438242008219179
10.12647109,0.34,747,350.0,1.7,1.0,0.0,0.0,1,0,0,0,0,0,0,0.014002240373145304,18.328652967123286
9.798127037,9.27,727,2143.0,85.7,1.0,0.0,0.0,0,0,0,0,0,1,0,0.11905555554106666,20.71232876712329
11.56171563,13.36,752,16101.0,36.9,2.0,0.0,0.0,0,0,0,0,1,0,0,0.1533428570109302,13.643835616438356
11.01856357,10.21,697,4057.0,28.4,0.0,0.0,0.0,0,0,1,0,0,0,0,0.06651255801662408,14.547945205479452
11.70006042,13.99,677,19358.0,31.4,2.0,0.0,0.0,0,0,0,0,1,0,0,0.16054205107017402,15.936986301369863
11.00209984,0.5,757,2599.0,9.9,2.0,0.0,0.0,0,0,0,0,1,0,0,0.04331666671883025,8.301255706849314
10.81134281,23.11,692,22811.0,59.9,1.0,0.0,0.0,1,1,0,0,0,0,0,0.46008470954789904,9.698630136986301
10.81977828,12.91,687,6072.0,83.2,3.0,0.0,1.0,0,0,1,0,0,0,0,0.12144000053558485,14.876712328767123
10.54534144,17.43,747,2701.0,9.1,0.0,0.0,0.0,0,0,0,1,0,0,0,0.07107894727662424,4.605593608219178
11.44678566,8.64,727,67595.0,68.8,0.0,0.0,0.0,0,0,0,0,0,0,0,0.7221688051994433,24.082077624657536
11.15630766,7.56,737,9226.0,58.0,1.0,0.0,0.0,0,0,0,0,0,0,0,0.13179246929910152,9.205365295890411
10.6454249,17.26,672,2694.0,72.8,1.0,0.0,1.0,1,0,0,0,0,0,0,0.06414285696745883,9.473858446575342
10.49127422,8.8,692,3756.0,85.4,0.0,0.0,0.0,0,0,1,0,0,0,0,0.10433333306605717,5.424543378082192
10.858999,12.0,742,5689.0,30.0,5.0,0.0,0.0,0,1,0,0,0,0,0,0.10940384588729066,11.013698630136986
10.1266311,12.34,697,7548.0,53.9,1.0,0.0,0.0,0,0,1,0,0,0,0,0.30192000116249373,12.410844747945204
10.91501573,11.89,697,3503.0,30.5,0.0,0.0,0.0,0,0,0,0,0,0,0,0.06369554176763448,7.265639268493151
10.82972862,17.8,717,6908.0,51.9,1.0,0.0,0.0,0,0,1,0,0,0,0,0.13679207855999856,9.123173515068494
11.70501582,15.58,687,33287.0,44.6,1.0,1.0,0.0,0,0,0,0,1,0,0,0.2746950761117028,29.09577624657534
11.46163217,7.58,732,14006.0,20.3,0.0,0.0,0.0,0,0,0,0,0,0,0,0.14743157903327359,10.194406391780822
10.91508846,2.62,742,4109.0,23.2,0.0,0.0,0.0,0,0,0,0,0,1,0,0.07470909122396047,4.2135844739726025
11.07293102,0.41,742,411.0,1.9,1.0,0.0,0.0,0,0,0,0,0,0,0,0.006381591218053919,8.547831049315068
10.71441777,5.36,742,10222.0,75.3,2.0,0.0,0.0,0,0,0,0,0,0,0,0.22715555527216902,6.24646118630137
10.4341158,18.0,697,5931.0,31.2,0.0,0.0,0.0,0,0,0,0,0,0,0,0.17444117709827953,4.684931506849315
10.08580911,4.15,737,1085.0,4.1,2.0,0.0,0.0,0,0,0,1,0,0,0,0.0452083333030475,7.314954336986301
11.40756495,9.44,737,5137.0,24.2,0.0,0.0,0.0,1,0,0,0,0,0,1,0.05707777773853125,8.301255706849314
11.28983191,10.18,732,25807.0,48.1,0.0,0.0,0.0,0,0,1,0,0,0,0,0.32257137220755455,13.150570775342464
8.476371197,5.0,702,299.0,99.7,0.0,0.0,0.0,0,0,0,0,0,0,0,0.06229166666018719,3.6164383561643834
11.15625052,16.94,752,14337.0,46.7,0.0,0.0,0.0,0,1,0,0,0,0,0,0.20481428592555076,17.71780821917808
10.1266311,23.28,742,2426.0,21.3,1.0,0.0,0.0,0,0,0,0,0,0,0,0.09704000037363669,6.24646118630137
10.6593278,17.75,677,12161.0,95.8,1.0,0.0,0.0,0,0,0,0,1,0,0,0.2855499208604752,30.734132410958903
10.91348718,17.55,682,19279.0,59.5,1.0,0.0,0.0,0,0,1,0,0,0,0,0.351089016151288,20.794520547945204
11.08214255,16.28,747,10111.0,23.7,6.0,1.0,0.0,0,0,1,0,0,0,0,0.15555384597927954,14.260159816438355
10.46310334,3.26,677,4685.0,27.6,0.0,0.0,0.0,0,0,0,0,0,0,1,0.13385714292026327,3.3697488575342467
9.67501734,20.51,687,4898.0,98.0,0.0,0.0,0.0,0,0,0,0,0,0,0,0.30775997477913375,5.589041095890411
10.95080655,8.21,727,2239.0,4.3,1.0,0.0,0.0,0,0,0,0,0,0,0,0.03928070162934323,16.520433789041096
11.69524702,7.03,782,2660.0,23.7,0.0,0.0,0.0,0,1,0,0,0,0,0,0.022166666705772723,15.635616438356164
10.3072846,14.98,672,26333.0,77.2,0.0,0.0,0.0,0,0,0,0,0,0,1,0.8792320565380141,9.287557076712329
10.77895629,7.08,682,2660.0,66.5,0.0,0.0,0.0,0,1,0,0,0,0,0,0.055416666660572385,3.6164383561643834
10.71441777,0.0,757,0.0,0.0,0.0,0.0,0.0,1,0,0,0,0,0,0,0.0,3.863013698630137
11.08214255,16.52,712,2324.0,16.4,3.0,1.0,0.0,0,0,0,0,0,0,0,0.03575384611372225,8.63013698630137
10.95080655,19.87,697,17125.0,39.1,3.0,0.0,0.0,0,0,0,0,1,0,0,0.30043859553483826,12.575342465753424
11.74799759,11.43,687,11043.0,55.8,0.0,2.0,0.0,0,1,0,0,0,0,0,0.08729644243892697,14.547945205479452
11.46163217,5.99,777,31270.0,48.1,0.0,0.0,0.0,0,0,0,0,0,0,0,0.32915789492863523,32.794520547945204
10.91508846,19.11,672,21391.0,87.6,1.0,0.0,0.0,0,0,0,0,0,0,0,0.3889272743664488,6.328652967123288
11.22524339,21.06,722,44880.0,61.0,3.0,0.0,0.0,0,0,1,0,0,0,0,0.5984000015070394,13.479337898630137
10.98529272,6.69,747,2357.0,3.4,2.0,0.0,0.0,0,0,1,0,0,0,0,0.03994915265774029,7.068493150684931
10.59663473,5.37,767,9580.0,31.5,0.0,0.0,0.0,0,0,0,1,0,0,0,0.2395000007415096,11.753424657534246
10.40426284,23.6,712,10018.0,48.2,2.0,0.0,0.0,0,0,0,0,0,1,0,0.3035757577119471,4.525913241095891
11.71993963,8.52,752,14732.0,26.0,1.0,0.0,0.0,0,0,1,0,0,0,0,0.11977235824513241,11.177968035616438
11.46167427,3.57,717,14927.0,39.4,0.0,0.0,0.0,0,0,0,0,0,0,0,0.15711970100237338,5.917808219178082
10.5454467,17.78,712,4440.0,87.1,1.0,0.0,0.0,0,1,0,0,0,0,0,0.11682980695953808,6.739726027397261
10.74720759,6.76,672,7589.0,51.6,0.0,0.0,0.0,0,0,1,0,0,0,0,0.16320430133238858,28.687671232876713
10.69638957,7.96,722,12656.0,71.9,0.0,0.0,0.0,0,0,1,0,0,0,0,0.2863607555508573,10.273858446575343
10.81977828,15.36,707,11078.0,50.6,0.0,0.0,0.0,0,0,0,0,0,0,1,0.22156000097714243,12.493036528767123
10.54828447,22.98,772,3041.0,7.7,3.0,0.0,0.0,0,0,1,0,0,0,0,0.07979114206951707,10.098630136986301
11.12197846,6.72,782,3022.0,16.4,1.0,0.0,0.0,0,0,0,0,1,0,0,0.04467664857228646,17.260159816438357
10.71441777,2.0,762,3309.0,14.3,2.0,0.0,0.0,0,0,0,0,0,1,0,0.07353333324159726,8.054794520547945
10.30895266,13.32,707,7099.0,36.0,0.0,0.0,0.0,0,0,0,0,0,0,0,0.23663333348579457,8.383447487671233
10.858999,12.48,742,9608.0,26.8,0.0,0.0,0.0,0,0,0,0,0,0,0,0.18476923031905232,9.372488583561644
10.4341158,14.93,722,9528.0,35.8,1.0,0.0,0.0,0,0,0,0,1,0,0,0.2802352951260171,13.643835616438356
10.59653473,0.3,747,1127.0,11.7,0.0,0.0,0.0,0,0,0,0,0,0,0,0.028177817728120284,4.520433789041096
10.59663473,24.0,737,30540.0,54.3,0.0,0.0,0.0,0,0,1,0,0,0,0,0.7635000023638521,14.876712328767123
11.00209984,15.72,732,23.0,0.1,1.0,0.0,0.0,0,0,0,0,0,0,0,0.00038333333379495795,4.602739726027397
11.08214255,7.03,687,18053.0,40.6,2.0,0.0,0.0,0,0,1,0,0,0,0,0.27773846122677615,7.890410958904109
10.59663473,12.39,757,11092.0,39.6,0.0,0.0,0.0,0,0,1,0,0,0,0,0.2773000008585412,21.863013698630137
11.31447453,8.97,662,10085.0,33.5,3.0,0.0,0.0,0,0,0,0,1,0,0,0.12298780441640053,17.342351597260272
10.59653473,0.72,797,24.0,8.0,5.0,0.0,0.0,0,0,1,0,0,0,0,0.0006000600048579297,13.561529679452054
9.680344001,14.55,697,8085.0,93.5,0.0,0.0,0.0,0,0,1,0,0,0,0,0.5053125001121381,9.451940638356165
10.81985828,8.21,672,19696.0,86.8,1.0,0.0,0.0,1,0,1,0,0,0,0,0.3938884893976701,9.451940638356165
11.21182037,14.43,742,1082.0,32.8,0.0,0.0,0.0,0,1,0,0,0,0,0,0.014621621653588974,12.575342465753424
11.13750448,6.2,722,0.0,0.0,0.0,1.0,0.0,0,0,0,0,0,0,0,0.0,11.342351597260272
10.62132735,13.26,717,3596.0,33.0,3.0,0.0,0.0,0,0,0,0,0,0,0,0.08770731669484041,6.0
11.12732181,7.01,697,14380.0,48.9,1.0,0.0,0.0,0,0,1,0,0,0,0,0.21145814866582222,12.73972602739726
11.35040654,8.24,697,10670.0,82.7,0.0,0.0,0.0,0,0,1,0,0,0,0,0.12552941119636565,8.780936073972603
11.1844214,23.62,687,30738.0,76.8,0.0,0.0,0.0,0,1,0,0,0,0,0,0.4269166658120618,7.186187213698631
11.33857208,7.0,772,6024.0,39.9,3.0,0.0,0.0,1,0,0,0,1,0,0,0.07171428555833942,19.643835616438356
10.81977828,9.77,697,15377.0,50.6,1.0,0.0,0.0,0,0,1,0,0,0,0,0.30754000135633863,12.575342465753424
11.08214255,16.84,707,31983.0,58.3,0.0,0.0,0.0,0,1,0,0,0,0,0,0.4920461532939667,10.273858446575343
10.78103746,10.55,792,53287.0,0.2,5.0,0.0,0.0,1,0,0,0,0,0,1,1.1078378335104595,13.758904109589041
10.59653473,23.52,717,8405.0,42.6,2.0,0.0,0.0,1,0,0,0,0,0,0,0.21014601420128748,9.205365295890411
11.00209984,20.5,682,18454.0,83.9,1.0,0.0,0.0,0,0,1,0,0,0,0,0.3075666670370502,18.65753424657534
11.35035948,3.81,777,0.0,0.0,1.0,0.0,0.0,0,0,0,0,0,0,0,0.0,25.80821917808219
11.77528973,15.14,687,1000.0,71.4,2.0,3.0,0.0,0,1,0,0,0,0,0,0.007692307687982451,36.0
11.08220409,4.41,762,1878.0,7.2,0.0,0.0,0.0,0,0,1,0,0,0,0,0.028890529681979568,18.0
10.34174248,20.48,672,18065.0,87.7,0.0,0.0,0.0,0,0,0,1,0,0,0,0.582741937504402,5.671232876712328
10.54534144,18.66,697,13168.0,76.6,1.0,0.0,0.0,0,0,1,0,0,0,0,0.346526315341943,13.48481735068493
11.12726298,4.29,712,10601.0,75.7,2.0,0.0,0.0,0,1,0,0,0,0,0,0.1558970594717875,8.383447487671233
11.08214255,13.85,707,10468.0,52.3,1.0,0.0,0.0,0,0,0,0,0,0,0,0.16104615366542363,6.0
10.71441777,19.44,722,9583.0,38.5,3.0,0.0,0.0,0,0,1,0,0,0,0,0.21295555528988414,10.027397260273972
10.99036458,9.59,717,3221.0,10.1,1.0,2.0,0.0,0,1,0,0,0,0,0,0.05431703231128697,8.13687214520548
11.95632841,7.34,762,70526.0,14.3,1.0,0.0,0.0,0,0,0,1,0,0,0,0.4526700909537052,10.273858446575343
9.740968623,18.28,737,842.0,6.4,2.0,0.0,0.0,0,0,0,1,0,0,0,0.04952941176660547,6.657534246575342
11.08214255,3.77,752,8946.0,44.1,1.0,0.0,0.0,0,0,0,0,0,0,0,0.13763076907631638,11.58904109589041
10.75790288,11.0,672,3371.0,48.2,1.0,0.0,0.0,1,0,1,0,0,0,0,0.07172340430496581,10.684931506849315
10.49127422,15.0,752,20328.0,38.1,0.0,0.0,0.0,1,0,0,0,0,0,0,0.5646666652201305,16.10958904109589
10.49127422,16.23,692,3146.0,40.3,2.0,0.0,0.0,0,0,0,1,0,0,0,0.0873888886650202,4.273858446575343
11.35040654,0.41,757,1533.0,16.3,2.0,0.0,0.0,0,0,0,0,0,0,1,0.01803529403599143,13.068493150684931
11.50962001,14.35,667,18659.0,91.0,0.0,0.0,0.0,0,1,0,0,0,0,0,0.18720778531116333,9.123287671232877
11.03488966,24.62,727,22607.0,57.4,0.0,0.0,0.0,0,0,1,0,0,0,0,0.36462903372650923,24.90684931506849
11.52682837,6.86,737,2061.0,5.0,0.0,1.0,0.0,0,0,0,0,0,1,0,0.020325443789811944,16.52591324109589
10.49127422,20.2,662,25274.0,93.6,0.0,0.0,0.0,0,0,1,0,0,0,0,0.7020555537570631,11.424543378082191
10.59663473,13.23,752,11965.0,58.9,0.0,0.0,0.0,0,0,0,0,0,0,0,0.299125000926113,10.849315068493151
10.07323033,10.08,747,8596.0,29.7,0.0,0.0,0.0,0,0,1,0,0,0,0,0.3627004208975201,9.698630136986301
9.271999752,13.54,747,21.0,0.2,0.0,0.0,0.0,0,0,0,0,0,0,0,0.001974426476835383,3.5341324191780825
11.06663836,19.03,687,17902.0,94.7,0.0,0.0,0.0,0,0,1,0,0,0,0,0.2797187506550477,11.013698630136986
11.44518181,15.38,727,79083.0,67.3,2.0,0.0,0.0,0,0,1,0,0,0,0,0.8462600345430968,14.712328767123287
10.89673933,3.44,707,4833.0,27.6,1.0,0.0,0.0,0,0,0,0,1,0,0,0.08949999960140376,9.698630136986301
10.81977828,12.41,677,13840.0,80.9,2.0,0.0,0.0,0,0,0,0,0,0,1,0.2768000012207665,7.808219178082192
11.3736634,19.71,717,25525.0,58.4,0.0,0.0,0.0,0,0,1,0,0,0,0,0.2933908039043368,8.46563926849315
10.30895266,7.72,777,14263.0,21.0,0.0,0.0,0.0,0,0,1,0,0,0,0,0.4754333336396518,22.602739726027398
10.37349118,4.8,762,15531.0,43.1,5.0,0.0,0.0,0,0,0,0,1,0,0,0.48534375086481624,6.4930365287671234
11.56171563,20.33,762,18590.0,22.2,0.0,0.0,0.0,0,0,0,0,0,0,0,0.17704761889529794,14.63013698630137
12.34583459,5.4,727,10501.0,33.0,0.0,0.0,1.0,0,0,1,0,0,0,0,0.045656521643495165,32.63013698630137
11.59910316,13.06,762,46017.0,9.4,3.0,1.0,0.0,0,0,1,0,0,0,0,0.422174312437977,21.20536529589041
10.77895629,0.38,747,536.0,7.8,3.0,0.0,0.0,0,0,0,0,0,0,0,0.011166666665438646,9.616438356164384
10.46310334,24.27,687,6088.0,40.3,1.0,0.0,0.0,0,1,0,0,0,0,0,0.17394285722488,4.438242008219178
10.73639668,16.43,777,6694.0,8.7,2.0,0.0,0.0,0,0,0,0,0,0,0,0.14552173847140054,10.520433789041096
11.23321156,15.41,747,5270.0,27.6,0.0,0.0,0.0,0,0,1,0,0,0,0,0.06970899486009756,15.53413241917808
11.56171563,9.77,687,2670.0,33.4,2.0,0.0,0.0,0,0,0,0,1,0,0,0.025428571406694217,13.830136986301369
10.81977828,16.08,662,27431.0,83.1,1.0,0.0,0.0,0,0,1,0,0,0,0,0.5486200024195698,8.712328767123287
11.00209984,2.18,697,5824.0,64.7,1.0,1.0,0.0,0,0,0,0,0,0,0,0.09706666678355805,24.016438356164382
11.60827201,21.82,687,64362.0,47.7,0.0,0.0,0.0,0,0,1,0,0,0,0,0.585087813671967,13.73972602739726
11.60823564,0.0,802,3006.0,6.8,0.0,0.0,0.0,0,0,0,0,0,0,0,0.027327272857748244,19.89041095890411
11.00209984,23.44,717,44887.0,82.1,1.0,0.0,0.0,0,0,1,0,0,0,0,0.7481166675675773,13.561529679452054
10.91508846,2.9,742,7832.0,75.3,3.0,0.0,0.0,0,0,0,0,0,0,1,0.14240000060016023,19.23276255616438
11.91839057,10.18,707,22139.0,43.8,1.0,0.0,0.0,0,0,0,0,1,0,0,0.14759333378768363,18.164269405479452
10.30895266,2.08,687,3859.0,38.6,3.0,0.0,0.0,1,0,0,0,0,0,0,0.12863333341621092,11.342351597260272
12.52452638,8.2,717,71644.0,73.3,0.0,0.0,0.0,0,0,0,0,0,0,1,0.26052363549054586,20.46563926849315
10.20359214,1.56,782,1303.0,23.7,0.0,0.0,0.0,0,0,0,0,0,0,0,0.048259259499902445,21.451940638356163
10.1266311,12.53,692,19939.0,69.7,2.0,0.0,0.0,0,0,0,0,0,1,0,0.7975600030708747,7.808219178082192
10.64026877,20.42,737,5989.0,33.6,0.0,0.0,0.0,0,0,1,0,0,0,0,0.14333237604574783,8.547831049315068
10.91508846,13.51,772,8507.0,13.0,2.0,0.0,0.0,0,1,0,0,0,0,0,0.15467272792461223,8.46563926849315
11.46163217,7.87,722,5961.0,13.4,2.0,1.0,0.0,0,0,0,0,0,0,0,0.06274736845761415,21.616438356164384
10.71774556,18.82,692,17833.0,66.1,1.0,0.0,0.0,0,0,0,0,0,0,0,0.3949723140510575,5.424543378082192
10.50506754,22.32,702,15394.0,95.8,1.0,0.0,0.0,0,0,0,0,0,0,0,0.4217534244764258,13.3149543369863
9.621787552,12.17,757,6103.0,34.5,2.0,0.0,0.0,1,0,0,0,0,0,0,0.4044400264113213,12.246575342465754
10.59663473,24.21,662,13212.0,71.0,1.0,0.0,0.0,0,0,1,0,0,0,0,0.33030000102263307,4.734246575342466
10.06845099,1.27,702,1610.0,19.9,2.0,0.0,1.0,1,0,0,1,0,0,0,0.0682579388168075,7.901369863013699
12.07823927,9.69,662,85359.0,72.0,0.0,1.0,0.0,0,0,0,0,1,0,0,0.48499432013163585,21.041095890410958
10.89673933,12.42,747,3501.0,7.6,1.0,0.0,0.0,0,0,0,1,0,0,0,0.0648333330445923,8.383447487671233
10.30895266,9.04,742,1928.0,7.4,2.0,0.0,0.0,0,0,0,1,0,0,0,0.06426666670807324,9.451940638356165
12.3883942,0.94,742,15083.0,45.7,2.0,0.0,0.0,0,0,0,0,1,0,0,0.06284583347939508,23.17796803561644
10.57131693,23.19,667,8799.0,55.1,0.0,0.0,0.0,0,1,0,0,0,0,0,0.22561538351252775,6.24646118630137
11.00209984,10.1,782,3185.0,2.9,1.0,0.0,0.0,0,0,0,0,1,0,0,0.053083333397258306,15.380707761643835
10.96819829,2.13,692,4824.0,38.3,0.0,0.0,0.0,0,0,0,0,0,0,1,0.08317241375389232,5.589041095890411
10.71441777,20.64,692,13708.0,76.6,1.0,0.0,0.0,0,0,0,0,0,0,0,0.3046222218421926,3.9452054794520546
9.998797732,14.73,712,3001.0,53.6,1.0,0.0,0.0,0,0,0,0,0,0,0,0.1364090909555318,4.438242008219178
11.19547123,6.38,752,25051.0,30.1,0.0,0.0,0.0,0,0,1,0,0,0,0,0.3441071442971544,14.547831049315068
11.12431747,10.69,717,9111.0,27.4,2.0,0.0,0.0,0,0,0,0,0,1,0,0.1343805315013636,7.890410958904109
11.21753375,11.24,687,7432.0,53.9,0.0,0.0,0.0,0,0,1,0,0,0,0,0.09986026007605708,8.95890410958904
10.94130541,20.87,677,10249.0,96.7,0.0,0.0,0.0,0,0,1,0,0,0,0,0.18152353011586606,11.095890410958905
11.51292546,2.48,667,4148.0,54.6,2.0,0.0,0.0,0,0,0,0,0,0,1,0.04148000020616508,8.219063926027397
11.35040654,19.82,742,36112.0,71.2,3.0,0.0,0.0,0,0,1,0,0,0,0,0.4248470569000147,15.863013698630137
11.02190247,10.98,717,27174.0,39.3,1.0,0.0,0.0,1,0,0,0,1,0,0,0.444019607177293,27.041095890410958
10.91508846,6.81,697,9720.0,40.3,0.0,0.0,0.0,0,0,1,0,0,0,0,0.17672727347210895,12.493036528767123
11.15625052,13.39,792,0.0,0.0,0.0,0.0,0.0,0,0,0,0,0,0,1,0.0,15.53413241917808
10.79949394,18.64,682,46817.0,92.3,1.0,0.0,1.0,1,0,1,0,0,0,0,0.9555269828527513,11.917808219178083
10.08580911,8.6,722,2297.0,26.1,1.0,0.0,0.0,0,0,0,1,0,0,0,0.0957083332692167,4.273858446575343
11.19670673,17.43,682,23831.0,62.7,2.0,0.0,0.0,0,0,0,0,0,0,1,0.32694471263946495,10.520433789041096
11.40756495,2.64,727,6040.0,27.1,2.0,0.0,0.0,0,0,0,0,1,0,0,0.0671111110649657,9.698630136986301
10.04324949,8.19,727,5898.0,57.8,0.0,0.0,0.0,0,0,1,0,0,0,0,0.25643478386812063,6.328652967123288
11.17049149,18.84,682,34645.0,61.0,0.0,0.0,0.0,0,0,0,0,1,0,0,0.4879302586528835,21.698630136986303
11.56171563,13.78,707,21702.0,46.7,3.0,0.0,0.0,0,0,0,0,1,0,0,0.20668571410789435,12.082191780821917
10.71441777,22.51,697,13450.0,82.0,1.0,0.0,0.0,0,0,1,0,0,0,0,0.29888888851601186,9.698630136986301
10.66886237,9.55,752,9866.0,58.7,1.0,0.0,0.0,0,0,1,0,0,0,0,0.22946320521255678,8.712328767123287
10.08580911,13.45,742,5274.0,65.9,0.0,0.0,0.0,0,0,1,0,0,0,0,0.21974999985278573,25.73972602739726
10.91537933,15.94,697,14588.0,94.1,2.0,0.0,0.0,0,0,1,0,0,0,0,0.26515922667193564,14.63013698630137
11.00049856,7.97,682,24876.0,86.4,1.0,2.0,0.0,0,1,0,0,0,0,0,0.41526442300934435,14.712328767123287
11.40756495,22.81,687,28619.0,74.3,1.0,0.0,1.0,1,0,1,0,0,0,0,0.3179888886702406,12.342465753424657
11.19821472,6.94,737,11821.0,33.0,0.0,0.0,0.0,0,1,0,0,0,0,0,0.1619315068704518,18.904109589041095
10.62132735,5.21,697,5805.0,80.6,0.0,0.0,1.0,0,0,1,0,0,0,0,0.1415853652429223,15.451940638356163
11.87059991,16.75,702,23252.0,68.6,1.0,0.0,0.0,0,0,1,0,0,0,0,0.16260139847815408,13.150570775342464
12.14950229,7.69,742,15732.0,38.0,1.0,0.0,0.0,0,0,0,0,0,1,0,0.08323809557452533,16.438242008219177
10.94150022,22.29,667,16672.0,72.5,0.0,0.0,0.0,0,1,0,0,0,0,0,0.29522595241152316,8.95890410958904
11.66992921,22.02,702,21873.0,75.2,0.0,0.0,0.0,0,0,1,0,0,0,0,0.18694871865536425,13.397146117808218
10.46307477,15.39,712,16862.0,54.7,2.0,0.0,0.0,0,0,0,0,0,0,0,0.4817851932049524,10.767123287671232
11.28978191,14.63,757,2238.0,3.0,2.0,0.0,0.0,0,0,1,0,0,0,0,0.02797500010227711,5.589041095890411
11.01856357,18.89,707,17710.0,60.7,1.0,0.0,0.0,0,0,0,0,1,0,0,0.29034690719112954,11.260159816438355
11.60823564,11.81,732,23658.0,46.8,2.0,0.0,0.0,0,0,0,1,0,0,0,0.21507272829960344,14.547831049315068
11.49272276,2.77,737,12535.0,20.0,0.0,0.0,0.0,0,0,0,0,0,0,0,0.12790816296506852,9.534132419178082
9.903887473,0.0,742,0.0,0.0,1.0,1.0,0.0,0,0,0,0,0,0,0,0.0,30.539611863013697
10.97678203,24.57,762,23607.0,37.5,4.0,0.0,0.0,1,0,0,0,0,0,0,0.403538462837834,24.24646118630137
9.811372264,20.26,772,6.0,0.3,0.0,0.0,0.0,0,0,0,1,0,0,0,0.00032894736829879056,4.852054794520548
10.46310334,14.47,702,8716.0,51.0,0.0,0.0,0.0,0,1,0,0,0,0,0,0.24902857154600103,5.917808219178082
10.43399815,22.56,697,18212.0,72.6,1.0,0.0,0.0,1,0,0,0,0,0,0,0.5357100833348751,26.383447487671233
10.51867319,6.36,722,15830.0,52.8,2.0,0.0,0.0,0,0,0,0,0,0,0,0.42783783853365703,10.10958904109589
10.6454249,22.18,762,4022.0,20.6,0.0,0.0,0.0,0,0,1,0,0,0,0,0.09576190450004433,24.986301369863014
11.10495723,19.87,732,20545.0,43.2,2.0,0.0,0.0,0,0,0,0,0,0,0,0.3089473673842084,9.369748857534246
10.49127422,2.2,697,2196.0,35.4,1.0,0.0,0.0,1,0,0,0,0,0,0,0.06099999984373311,9.780821917808218
10.62132735,17.5,732,19391.0,68.0,0.0,0.0,0.0,0,0,0,1,0,0,0,0.4729512174720941,19.3149543369863
11.69524702,12.8,697,35214.0,81.0,2.0,0.0,0.0,0,0,1,0,0,0,0,0.2934500005176995,15.451940638356163
10.91508846,14.2,692,5284.0,60.0,0.0,0.0,0.0,0,0,0,0,0,0,0,0.09607272767763618,5.013698630136986
10.1266311,12.67,727,6371.0,23.1,1.0,0.0,0.0,0,0,0,0,0,0,0,0.2548400009812199,4.684931506849315
11.43820192,2.83,752,12363.0,17.8,1.0,0.0,0.0,0,0,1,0,0,0,0,0.13322198259532955,13.150570775342464
11.69524702,7.0,757,9323.0,31.8,6.0,0.0,0.0,0,0,1,0,0,0,0,0.07769166680372898,16.10958904109589
11.25208005,8.57,692,10573.0,39.7,2.0,0.0,0.0,0,0,1,0,0,0,0,0.13724039411602457,7.6438356164383565
11.06657586,18.06,702,3948.0,11.2,3.0,0.0,0.0,0,0,0,0,0,0,0,0.06169135573370525,9.177968035616438
10.82972862,16.87,687,962.0,64.1,0.0,0.0,0.0,0,0,0,0,0,0,0,0.019049504860266155,6.342351597260274
11.09741002,13.73,752,9956.0,27.1,0.0,0.0,0.0,0,0,1,0,0,0,0,0.15084848500062503,11.58904109589041
10.73630972,17.3,712,7634.0,89.8,0.0,0.0,0.0,0,0,0,0,0,1,0,0.16597095319412025,6.4930365287671234
11.08214255,13.85,717,5119.0,17.7,1.0,2.0,0.0,0,0,0,0,1,0,0,0.07875384606546652,15.698630136986301
11.36214909,9.45,702,32239.0,55.5,0.0,1.0,0.0,0,0,1,0,0,0,0,0.3748546563417199,25.643835616438356
11.00209984,24.22,732,21354.0,30.5,1.0,0.0,0.0,0,1,0,0,0,0,0,0.3559000004285884,13.517694063013698
13.45883561,9.64,727,49139.0,86.0,0.0,0.0,0.0,0,0,1,0,0,0,0,0.07019857171115874,18.65753424657534
9.210340372,15.84,677,0.0,,1.0,0.0,0.0,0,0,0,1,0,0,0,0.0,5.671232876712328
11.00209984,14.86,732,16439.0,57.9,0.0,0.0,0.0,0,0,1,0,0,0,0,0.27398333366327454,11.424543378082191
10.62132735,6.85,762,12865.0,18.8,2.0,0.0,0.0,0,0,1,0,0,0,0,0.3137804864513687,12.328652967123286
9.998615898,10.47,672,5873.0,93.2,1.0,0.0,0.0,0,0,1,0,0,0,0,0.2670030913717726,12.657534246575343
10.87804719,13.86,662,16364.0,54.5,0.0,1.0,0.0,0,0,1,0,0,0,0,0.3087547177635964,8.136986301369863
10.6454249,19.49,692,30869.0,60.1,0.0,0.0,0.0,0,1,0,0,0,0,0,0.734976188466402,9.534132419178082
10.62132735,15.78,682,8826.0,86.3,0.0,0.0,0.0,0,0,1,0,0,0,0,0.21526829175435525,8.712328767123287
11.21182037,9.75,672,8396.0,55.2,0.0,1.0,0.0,0,0,0,0,0,0,0,0.11345945970751665,12.210958904109589
11.12136326,2.2,732,6476.0,40.7,1.0,0.0,0.0,0,0,0,0,0,0,0,0.09579881676261998,12.986301369863014
10.98529272,13.38,717,6678.0,48.4,1.0,0.0,0.0,0,1,0,0,0,0,0,0.11318644100483227,5.671232876712328
9.83734775,20.83,672,11740.0,83.3,3.0,0.0,0.0,0,0,0,0,0,0,0,0.6271367521565595,11.506735158904108
10.6214249,7.43,752,11314.0,37.1,2.0,0.0,0.0,0,0,1,0,0,0,0,0.2759243005934508,11.177968035616438
11.51292546,17.26,687,6435.0,23.0,2.0,0.0,1.0,0,0,0,1,0,0,0,0.0643500003198342,8.884931506849314
10.89302875,6.69,797,77.0,0.7,0.0,0.0,0.0,1,0,0,0,1,0,0,0.001431226760288857,10.10958904109589
9.574983486,16.33,672,1159.0,38.6,1.0,0.0,0.0,0,0,0,1,0,0,0,0.08048611107602652,8.63013698630137
11.49935378,3.93,752,9873.0,9.2,1.0,0.0,0.0,1,1,0,0,0,0,0,0.10007906630148342,11.588926939726026
10.84941475,18.45,697,11812.0,67.9,1.0,0.0,0.0,0,0,0,0,0,0,0,0.22934141118743837,9.369748857534246
11.05089001,17.54,767,7504.0,14.9,0.0,0.0,0.0,0,0,1,0,0,0,0,0.1191111105600638,12.57522830958904
10.91501573,1.24,722,1919.0,19.8,2.0,0.0,1.0,0,0,1,0,0,0,0,0.0348934469460721,17.42454337808219
10.30895266,1.48,752,471.0,5.2,1.0,0.0,0.0,0,0,0,0,0,1,0,0.015700000010115404,5.5069634712328766
11.35040654,15.02,667,36120.0,91.2,1.0,0.0,0.0,0,0,1,0,0,0,0,0.42494117454664737,16.273858446575343
10.55581274,4.97,662,10971.0,67.7,0.0,0.0,0.0,0,0,1,0,0,0,0,0.2857031245931067,7.232762556164384
11.47634446,13.43,692,16343.0,81.3,2.0,0.0,0.0,0,0,0,0,0,1,0,0.16951912784136405,10.931506849315069
11.28983191,12.4,762,9.0,0.0,1.0,0.0,0.0,0,0,0,0,0,0,1,0.00011249437555190417,8.399885843835616
11.15619338,19.01,717,16842.0,81.8,1.0,0.0,0.0,0,0,1,0,0,0,0,0.2406137485249768,13.561529679452054
10.95080655,20.74,777,59544.0,26.5,2.0,0.0,0.0,0,0,1,0,0,0,0,1.04463157562198,16.602739726027398
11.98292909,10.78,702,62083.0,43.8,0.0,0.0,0.0,0,0,0,0,0,0,0,0.3880187516358728,19.15068493150685
11.00209984,11.32,777,0.0,0.0,1.0,0.0,0.0,0,0,1,0,0,0,0,0.0,9.534132419178082
9.903487553,1.62,707,1371.0,21.4,2.0,0.0,0.0,0,0,0,1,0,0,0,0.06854999996820159,4.767123287671233
10.41930072,0.39,692,569.0,17.2,3.0,0.0,0.0,0,0,0,0,0,0,0,0.016985074589721982,6.336872145205479
10.46321762,12.89,687,8364.0,48.1,1.0,0.0,0.0,1,0,1,0,0,0,0,0.23894412058965994,4.8493150684931505
10.58456215,8.47,702,7763.0,33.2,1.0,0.0,1.0,0,0,0,0,0,0,0,0.19643218660053607,5.917808219178082
10.4341158,21.85,687,12806.0,38.6,1.0,0.0,0.0,1,0,0,0,0,0,0,0.37664706017881766,5.7095890410958905
10.4341158,9.0,772,16142.0,38.1,0.0,0.0,0.0,0,0,0,0,0,0,0,0.47476470759069767,16.356050227397258
10.91508846,21.67,702,24983.0,63.7,1.0,0.0,0.0,1,0,1,0,0,0,0,0.45423636555079194,11.588926939726026
10.51867319,9.76,717,9724.0,50.4,0.0,0.0,0.0,0,0,0,0,0,0,0,0.2628108112382363,5.917808219178082
11.00209984,5.38,717,27524.0,94.3,1.0,0.0,0.0,0,0,0,0,0,0,0,0.45873333388575754,15.53413241917808
10.96819829,0.0,797,87.0,0.5,0.0,0.0,0.0,0,0,0,0,1,0,0,0.0014999999992928344,12.493036528767123
11.49272276,7.8,702,24918.0,29.7,1.0,0.0,0.0,0,0,1,0,0,0,0,0.25426530552561444,21.221917808219178
11.65268741,8.86,687,32812.0,48.3,0.0,0.0,0.0,0,1,0,0,0,0,0,0.2853217383730159,32.301255698630136
11.00209984,6.26,707,0.0,0.0,0.0,0.0,0.0,0,0,0,0,0,0,0,0.0,4.865753424657535
10.76308094,23.7,712,12050.0,63.1,1.0,0.0,0.0,1,0,1,0,0,0,0,0.2550588436376564,9.123287671232877
9.917390458,8.64,767,6332.0,24.3,0.0,0.0,0.0,0,0,0,0,1,0,0,0.3122287967521113,12.410844747945204
10.40571633,13.62,677,921.0,51.2,1.0,0.0,0.0,0,0,0,1,0,0,0,0.027868554803605314,8.63013698630137
11.22524339,20.06,717,3404.0,72.4,2.0,0.0,0.0,0,0,1,0,0,0,0,0.045386666780970635,12.410844747945204
10.98529272,8.95,757,14824.0,30.5,3.0,0.0,0.0,0,1,0,0,0,0,0,0.2512542380137217,24.164269405479452
11.28978191,11.4,692,22014.0,51.9,0.0,0.0,0.0,0,0,1,0,0,0,0,0.2751750010060448,6.575228309589042
11.69524702,16.28,702,73257.0,60.0,0.0,0.0,0.0,0,0,0,0,1,0,0,0.6104750010769896,19.232876712328768
10.16585182,8.35,757,17737.0,23.6,0.0,0.0,0.0,0,0,1,0,0,0,0,0.6821923056481994,30.95068493150685
11.09358453,4.89,757,6055.0,31.9,0.0,0.0,0.0,0,0,0,0,0,0,0,0.0920940562151161,12.657534246575343
10.89673933,7.47,667,3831.0,58.0,2.0,0.0,0.0,0,0,1,0,0,0,0,0.07094444412848702,4.087671232876712
10.87812266,9.51,662,22189.0,83.7,3.0,0.0,0.0,0,0,0,0,0,1,0,0.41862878331298103,13.561529679452054
10.77895629,18.35,707,11389.0,80.8,0.0,0.0,0.0,0,0,1,0,0,0,0,0.2372708333072402,8.399885843835616
10.56885235,8.3,717,7880.0,78.8,0.0,0.0,0.0,0,0,1,0,0,0,0,0.20254986675968892,7.561529679452055
10.81977828,4.06,707,16594.0,55.3,1.0,0.0,0.0,0,0,1,0,0,0,0,0.3318800014636849,8.67123287671233
11.22524339,12.16,722,5389.0,28.1,0.0,0.0,1.0,0,0,1,0,0,0,0,0.07185333351429223,21.534132419178082
11.03488966,23.92,682,29330.0,57.3,0.0,0.0,0.0,1,0,1,0,0,0,0,0.47306451803417154,24.575228309589043
11.33857208,15.01,667,27385.0,51.4,0.0,0.0,0.0,0,0,0,0,0,0,0,0.32601190405297564,11.095890410958905
11.60823564,0.46,792,2373.0,4.1,0.0,0.0,0.0,0,0,1,0,0,0,0,0.021572727375727404,18.410844747945205
11.00209984,3.68,667,6383.0,30.1,1.0,2.0,0.0,0,0,1,0,0,0,0,0.1063833334614442,38.72054794520548
11.35040654,5.73,777,1842.0,2.3,0.0,0.0,0.0,0,0,1,0,0,0,0,0.021670588137179526,25.3176940630137
10.858999,15.02,697,4689.0,47.4,3.0,0.0,0.0,0,0,0,0,0,0,0,0.09017307670337597,6.739726027397261
11.28978191,9.48,702,14612.0,78.1,2.0,0.0,0.0,0,0,1,0,0,0,0,0.18265000066777173,6.575228309589042
11.22524339,16.24,682,9950.0,58.9,3.0,0.0,0.0,0,0,1,0,0,0,0,0.13266666700078078,11.342579909589043
10.71441777,18.05,682,5791.0,39.1,0.0,0.0,0.0,0,0,1,0,0,0,0,0.12868888872834386,8.794520547945206
10.51867319,21.7,712,20680.0,25.5,0.0,0.0,0.0,1,0,1,0,0,0,0,0.5589189198279234,14.745205479452055
11.1844214,5.47,742,8546.0,17.4,0.0,0.0,0.0,0,0,1,0,0,0,0,0.11869444420684104,19.726027397260275
10.81985828,14.66,722,11212.0,35.8,0.0,1.0,0.0,0,0,1,0,0,0,0,0.22422206250643162,11.342351597260272
10.83958091,8.85,697,4759.0,21.2,0.0,0.0,0.0,0,0,1,0,0,0,0,0.09331372564943244,10.684931506849315
10.27505111,17.17,692,1687.0,39.2,0.0,0.0,1.0,1,0,0,0,0,0,0,0.05817241373310508,8.054794520547945
10.40535315,13.98,697,15670.0,80.8,0.0,0.0,0.0,1,0,1,0,0,0,0,0.47433103515142955,10.191666665753425
10.71441777,7.23,672,13018.0,81.4,3.0,1.0,0.0,1,1,0,0,0,0,0,0.2892888885279883,10.684931506849315
11.33499426,10.54,717,30092.0,85.0,1.0,1.0,0.0,0,0,1,0,0,0,0,0.35952210148151653,21.20536529589041
11.09741002,8.04,777,53625.0,13.4,0.0,0.0,0.0,0,0,1,0,0,0,0,0.8125000008194573,30.410844739726027
10.59663473,13.2,692,21196.0,63.8,3.0,0.0,0.0,0,0,1,0,0,0,0,0.5299000016406094,10.473858446575342
11.15625052,7.15,692,5217.0,44.6,3.0,0.0,0.0,0,0,1,0,0,0,0,0.07452857150544732,7.314954336986301
9.85198371,14.66,672,8896.0,80.1,0.0,0.0,0.0,0,0,1,0,0,0,0,0.4683091175539865,5.671232876712328
11.13201637,6.73,697,15712.0,84.3,0.0,0.0,0.0,0,1,0,0,0,0,0,0.22996311800768288,6.024657534246575
10.08580911,16.95,697,10192.0,92.7,0.0,0.0,0.0,0,0,1,0,0,0,0,0.42466666638217526,7.561529679452055
10.81985828,17.59,707,8523.0,54.6,2.0,0.0,0.0,0,0,0,0,0,0,0,0.17044636449717415,5.7534246575342465
11.15625052,19.61,717,21694.0,82.2,0.0,0.0,0.0,0,0,1,0,0,0,0,0.309914286033961,9.698630136986301
11.9251416,23.85,677,40741.0,50.3,3.0,0.0,0.0,1,0,0,0,0,1,0,0.2697792182652891,17.588926939726026
10.66895539,15.49,727,19226.0,70.9,1.0,1.0,0.0,0,0,1,0,0,0,0,0.44711628116034846,9.123287671232877
9.85198371,17.94,737,8962.0,40.7,1.0,0.0,0.0,0,0,0,0,1,0,0,0.4717835332192926,19.895890410958906
10.59663473,17.37,737,1089.0,13.8,0.0,0.0,1.0,0,0,1,0,0,0,0,0.0272250000842906,8.301255706849314
11.8493977,10.91,732,40685.0,50.6,0.0,0.0,0.0,0,0,1,0,0,0,0,0.29060714331962684,13.643835616438356
11.50764153,18.87,747,57168.0,16.6,4.0,0.0,0.0,0,0,0,1,0,0,0,0.5747087146626418,22.84931506849315
10.30895266,19.96,712,1833.0,41.7,0.0,0.0,0.0,0,0,0,0,0,0,0,0.06110000003936632,5.013698630136986
11.00209984,15.7,742,34679.0,57.6,0.0,0.0,0.0,0,1,0,0,0,0,0,0.577983334029363,14.95890410958904
10.96819829,8.13,797,18001.0,3.4,0.0,0.0,0.0,0,0,1,0,0,0,0,0.310362068819199,13.150684931506849
10.6454249,14.09,707,2759.0,14.6,2.0,0.0,0.0,1,1,0,0,0,0,0,0.06569047601084593,7.5231735150684935
11.30220443,9.17,762,2392.0,47.8,2.0,0.0,0.0,0,0,1,0,0,0,0,0.029530864305453656,17.260159816438357
11.14186178,16.42,672,18514.0,82.3,0.0,0.0,0.0,0,1,0,0,0,0,0,0.26831884154012986,6.657534246575342
11.00209984,13.42,722,26719.0,99.4,1.0,0.0,0.0,0,0,0,0,0,0,0,0.445316667202934,10.767123287671232
13.30468493,1.03,702,26856.0,0.0,3.0,1.0,0.0,0,0,0,0,0,0,0,0.04476000018791514,15.53413241917808
11.28978191,12.71,682,12641.0,55.7,3.0,0.0,0.0,0,0,1,0,0,0,0,0.15801250057769659,4.602739726027397
10.81985828,20.69,707,22473.0,50.4,0.0,0.0,0.0,1,0,1,0,0,0,0,0.44942404662032087,8.136986301369863
10.34817337,7.35,687,2572.0,30.3,0.0,0.0,0.0,0,0,1,0,0,0,0,0.08243589774895387,6.575228309589042
10.91508846,13.57,787,14105.0,18.8,0.0,0.0,0.0,0,0,0,0,1,0,0,0.2564545465354009,12.246461186301369
10.04324949,23.65,677,545.0,90.8,2.0,0.0,2.0,0,0,0,0,0,0,0,0.023695652290289207,9.616438356164384
12.10071213,9.49,672,12108.0,57.1,0.0,0.0,0.0,1,0,1,0,0,0,0,0.06726666665807993,6.904109589041096
11.35035948,6.62,772,20104.0,29.6,0.0,0.0,0.0,0,0,0,0,1,0,0,0.2365287767703044,19.726027397260275
10.96812932,24.39,692,18430.0,63.3,2.0,0.0,0.0,0,0,1,0,0,0,0,0.31778053710769294,14.465639268493149
11.03495418,15.21,732,6376.0,18.9,1.0,0.0,1.0,0,0,1,0,0,0,0,0.10283207515204472,12.493036528767123
11.21446552,22.5,742,42106.0,56.3,3.0,0.0,0.0,0,0,1,0,0,0,0,0.5674968997316118,16.027397260273972
10.30895266,5.2,682,6001.0,31.8,0.0,0.0,0.0,0,1,0,0,0,0,0,0.20003333346221344,4.6163242
12.61153775,1.48,702,28367.0,66.5,2.0,1.0,0.0,0,0,0,0,1,0,0,0.09455666701069577,14.465639268493149
11.46163217,9.61,777,35306.0,28.2,2.0,0.0,0.0,0,0,0,0,0,0,0,0.3716421054797056,27.945205479452056
11.1844214,9.32,737,22636.0,67.6,0.0,0.0,0.0,0,0,1,0,0,0,0,0.3143888882595429,10.052054794520547
11.5228758,13.76,682,45304.0,96.6,1.0,0.0,0.0,0,0,0,0,0,0,0,0.44855445357211066,29.432762547945202
10.95416931,1.57,767,4521.0,10.1,0.0,0.0,0.0,0,0,0,0,0,1,0,0.07904951721318504,11.013698630136986
11.1844214,1.05,697,1229.0,30.0,1.0,0.0,3.0,0,1,0,0,0,0,0,0.017069444410274706,9.945205479452055
10.08580911,3.6,717,3155.0,67.1,0.0,0.0,0.0,0,1,0,0,0,0,0,0.13145833324526718,11.342351597260272
10.62132735,13.79,732,20571.0,49.6,0.0,0.0,0.0,0,1,0,0,0,0,0,0.501731705152826,7.808219178082192
10.66895539,24.47,682,10193.0,44.9,0.0,1.0,0.0,0,0,1,0,0,0,0,0.23704651273626506,8.712328767123287
11.13683468,12.57,682,17133.0,66.7,2.0,1.0,0.0,1,0,1,0,0,0,0,0.24955574231125932,19.80821917808219
10.27518903,15.39,722,604.0,30.2,2.0,0.0,0.0,0,0,0,0,0,0,0,0.020824713842809817,3.1232876712328768
10.30895266,16.8,727,15286.0,41.7,1.0,0.0,0.0,0,0,1,0,0,0,0,0.5095333336616222,9.123287671232877
11.54248427,6.56,737,27226.0,49.8,0.0,0.0,0.0,0,0,0,0,1,0,0,0.2643300963503665,22.356050227397258
11.15619338,17.3,687,17461.0,61.1,2.0,0.0,0.0,0,0,1,0,0,0,0,0.24945711097224912,6.854794520547945
11.15625052,15.87,697,37138.0,73.4,1.0,0.0,0.0,1,0,1,0,0,0,0,0.5305428576901098,12.328652967123286
10.71441777,13.73,737,4357.0,87.1,0.0,0.0,0.0,0,1,0,0,0,0,0,0.09682222210143225,19.561529679452054
11.02679245,18.15,717,21885.0,34.0,1.0,0.0,0.0,0,0,0,0,0,1,0,0.3558536598869108,8.794520547945206
11.2771525,13.61,667,9090.0,72.7,1.0,0.0,0.0,0,0,1,0,0,0,0,0.11506911710790324,9.287557076712329
10.858999,6.88,667,9760.0,66.8,0.0,0.0,0.0,1,0,1,0,0,0,0,0.18769230723500735,10.849315068493151
10.91508846,0.65,792,332.0,0.5,0.0,0.0,0.0,0,0,0,0,0,0,0,0.006036363661804545,9.534132419178082
11.40756495,22.03,692,58780.0,75.1,0.0,0.0,0.0,0,0,0,0,0,0,0,0.6531111106620338,31.314954328767122
11.00209984,2.08,727,1763.0,25.2,1.0,0.0,0.0,0,0,1,0,0,0,0,0.029383333368717866,7.726027397260274
9.546812609,10.11,697,2246.0,97.7,2.0,0.0,0.0,0,0,0,1,0,0,0,0.16042857136398223,10.027397260273972
10.46310334,7.51,732,997.0,24.3,0.0,0.0,0.0,0,0,0,0,0,0,1,0.028485714299146744,5.671232876712328
10.51856508,8.82,667,9288.0,56.3,1.0,0.0,0.0,0,0,0,0,1,0,0,0.2510541674342499,8.876712328767123
10.71441777,13.6,687,4318.0,86.4,3.0,0.0,0.0,0,0,1,0,0,0,0,0.09595555543584679,3.780821917808219
11.37600548,6.4,767,1513.0,5.2,2.0,0.0,0.0,0,0,0,0,0,0,0,0.017350121561077642,12.0
10.66895539,9.18,742,28075.0,57.8,1.0,0.0,0.0,0,1,0,0,0,0,0,0.6529069797969824,10.10958904109589
11.13453063,3.63,757,508.0,6.1,0.0,0.0,0.0,0,0,0,0,0,0,0,0.007416491461975025,7.6438356164383565
11.00209984,15.32,697,52275.0,33.7,0.0,0.0,0.0,0,0,1,0,0,0,0,0.8712500010491925,13.561529679452054
10.46310334,9.81,762,147.0,2.4,0.0,0.0,0.0,0,0,0,0,0,0,0,0.004200000001980513,3.1232876712328768
10.59663473,15.56,737,1138.0,9.5,0.0,0.0,0.0,0,0,0,0,0,0,1,0.02845000008808329,9.698630136986301
10.95080655,14.04,762,2081.0,10.1,1.0,0.0,0.0,0,0,0,0,0,0,0,0.03650877181360575,15.369748857534246
11.29734077,21.17,687,34866.0,70.1,1.0,0.0,0.0,0,0,0,1,0,0,0,0.4325430808380042,11.013698630136986
10.30895266,2.56,782,473.0,1.9,0.0,0.0,0.0,0,0,0,0,1,0,0,0.015766666676825022,6.410844747945205
10.62861778,18.65,707,4224.0,40.2,1.0,0.0,1.0,0,0,1,0,0,0,0,0.10227602894821058,15.287557076712327
11.1844214,14.63,727,28585.0,60.8,0.0,0.0,0.0,1,0,1,0,0,0,0,0.39701388809414356,11.835616438356164
10.44348355,1.22,662,443.0,15.8,1.0,1.0,0.0,0,0,1,0,0,0,0,0.01290792545441845,9.451940638356165
11.03488966,14.13,722,5339.0,20.1,0.0,0.0,0.0,0,1,0,0,0,0,0,0.08611290357260286,8.46563926849315
12.07254125,5.99,662,6204.0,27.8,1.0,0.0,0.0,0,1,0,0,0,0,0,0.03545142867443803,10.523173515068493
11.68687877,16.89,677,71663.0,83.2,2.0,0.0,0.0,0,1,0,0,0,0,0,0.6022100852944405,38.87945205479452
9.903487553,1.8,747,2087.0,50.9,1.0,0.0,0.0,0,0,1,0,0,0,0,0.10434999995159498,8.90958904109589
10.34894231,23.83,737,6729.0,64.7,0.0,0.0,0.0,0,0,1,0,0,0,0,0.21550730182974553,10.849315068493151
10.56212093,14.47,712,10913.0,69.5,0.0,0.0,0.0,0,0,1,0,0,0,0,0.28240560893656236,7.561529679452055
11.69524702,1.27,772,5081.0,5.1,3.0,0.0,0.0,0,0,0,0,0,0,0,0.042341666741365115,12.328652967123286
10.20359214,19.42,702,12920.0,72.2,0.0,0.0,0.0,0,1,0,0,0,0,0,0.4785185209046351,4.931506849315069
9.687816016,10.57,722,5308.0,40.2,0.0,0.0,0.0,0,0,0,0,0,0,0,0.32928039704229345,4.684931506849315
9.903487553,24.54,697,14460.0,71.6,0.0,0.0,0.0,0,1,0,0,0,0,0,0.7229999996646207,8.301255706849314
9.952277717,3.89,697,10090.0,29.7,1.0,0.0,0.0,0,0,1,0,0,0,0,0.4804761903347194,4.1916666657534245
11.28978191,17.16,702,19306.0,70.2,2.0,0.0,1.0,0,0,1,0,0,0,0,0.24132500088228862,15.04109589041096
11.54481165,0.87,777,5220.0,12.7,3.0,0.0,0.0,0,0,0,0,1,0,0,0.050561797946589625,12.082191780821917
10.71441777,18.35,707,12197.0,95.3,1.0,0.0,0.0,1,1,0,0,0,0,0,0.27104444410630457,19.643835616438356
10.86902549,19.63,782,1492.0,16.8,0.0,0.0,0.0,0,0,0,0,1,0,0,0.028406061904891325,19.39714611780822
11.46167427,7.01,717,10147.0,31.7,3.0,0.0,0.0,0,0,1,0,0,0,0,0.10680602974951983,33.04109589041096
9.546812609,8.23,697,3347.0,79.7,1.0,0.0,0.0,0,0,0,0,0,0,0,0.2390714284751774,5.7534246575342465
11.16336799,8.19,712,11352.0,98.7,2.0,0.0,0.0,1,0,0,0,0,0,0,0.16102127640257724,11.093150684931507
10.08580911,6.15,742,8810.0,23.2,1.0,0.0,0.0,0,0,1,0,0,0,0,0.367083333087418,22.931506849315067
11.77528973,17.46,682,66461.0,90.1,0.0,0.0,0.0,0,0,0,0,0,0,0,0.5112384612510017,13.150684931506849
10.89673933,12.84,722,5867.0,70.7,0.0,0.0,0.0,0,0,0,0,0,0,1,0.10864814766427391,35.67123287671233
11.89818787,22.56,702,67843.0,91.8,0.0,0.0,0.0,1,0,0,0,0,0,0,0.4615170048462924,12.0
11.69194156,8.45,762,20334.0,25.5,4.0,0.0,0.0,0,0,0,0,1,0,0,0.1700110372286667,15.369748857534246
9.809396629,19.18,697,483.0,4.6,1.0,1.0,0.0,0,0,0,1,0,0,0,0.026532630194789342,5.013698630136986
9.825526011,19.14,752,11096.0,10.4,0.0,1.0,0.0,0,0,0,1,0,0,0,0.5997837838236196,23.671232876712327
9.574983486,3.0,707,3449.0,19.7,2.0,0.0,0.0,1,0,0,0,0,0,0,0.2395138887844827,3.287557076712329
10.81977828,18.53,672,3364.0,44.9,1.0,1.0,0.0,1,0,0,0,0,0,1,0.06728000029672387,11.588926939726026
11.00209984,7.26,697,10965.0,85.7,0.0,0.0,0.0,0,0,1,0,0,0,0,0.18275000022007454,10.391666665753425
10.69194491,13.88,692,21199.0,90.2,0.0,0.0,0.0,0,1,0,0,0,0,0,0.48179545594285317,6.997260273972603
10.51867319,13.07,662,5635.0,97.2,0.0,0.0,0.0,0,0,0,1,0,0,0,0.15229729754498783,4.112328767123287
10.66895539,21.66,692,14299.0,79.4,0.0,0.0,0.0,0,1,0,0,0,0,0,0.3325348852757632,8.46563926849315
11.00209984,13.36,782,21054.0,21.4,1.0,0.0,0.0,0,0,1,0,0,0,0,0.3509000004225672,21.20536529589041
10.81977828,6.84,777,26050.0,26.1,0.0,0.0,0.0,0,1,0,0,0,0,0,0.5210000022977578,19.80821917808219
10.6454249,5.09,807,112.0,1.1,0.0,0.0,0.0,0,0,0,0,0,1,0,0.0026666666593746806,17.838356164383562
10.6933984,19.04,757,336.0,4.7,1.0,0.0,0.0,0,0,0,0,0,1,0,0.007625272342809013,19.3149543369863
10.81977828,4.37,702,1961.0,55.7,0.0,0.0,0.0,0,0,0,0,0,0,0,0.03922000017297132,9.783561643835617
11.51292546,18.23,737,21578.0,68.5,1.0,0.0,0.0,0,0,1,0,0,0,0,0.2157800010724759,12.57522830958904
10.43998092,8.42,687,5174.0,89.2,1.0,0.0,0.0,0,1,0,0,0,0,0,0.15128655016913167,6.575228309589042
10.71441777,22.37,712,8558.0,27.3,3.0,0.0,0.0,0,0,1,0,0,0,0,0.19017777754052265,5.178082191780822
11.42954386,7.12,732,21477.0,84.9,0.0,0.0,0.0,0,0,1,0,0,0,0,0.2334456512474085,12.082191780821917
11.00209984,20.54,717,16777.0,63.3,0.0,0.0,0.0,0,0,1,0,0,0,0,0.2796166670033917,10.273858446575343
11.08201946,10.99,747,28817.0,66.6,0.0,0.0,0.0,0,0,0,0,0,0,0,0.44339303493078647,18.328652967123286
11.09133097,1.04,742,4435.0,36.2,2.0,0.0,0.0,0,0,0,0,0,0,1,0.06760670765052168,15.619063926027396
11.35040654,11.87,727,7951.0,41.8,2.0,0.0,0.0,0,0,0,0,0,0,1,0.09354117604707624,4.273858446575343
11.2515607,6.51,767,20991.0,47.0,2.0,0.0,0.0,0,0,0,0,0,0,0,0.2726103898382429,21.369748857534244
11.81303006,19.67,717,32818.0,87.1,0.0,0.0,1.0,0,0,0,0,0,0,0,0.24309629566924537,31.232876712328768
10.37361617,15.49,677,15968.0,47.8,3.0,0.0,0.0,1,0,0,0,0,0,0,0.4989376347766902,6.410844747945205
11.15625052,11.38,732,6789.0,16.3,1.0,1.0,0.0,0,0,1,0,0,0,0,0.09698571438575464,10.027397260273972
10.6454249,12.06,742,24651.0,42.4,1.0,0.0,0.0,0,0,1,0,0,0,0,0.5869285698236183,16.60262556986301
10.30895266,5.4,717,6291.0,81.7,1.0,0.0,0.0,0,0,0,0,0,0,0,0.20970000013510828,17.427283104109588
10.82009823,8.09,727,10167.0,89.2,0.0,0.0,0.0,0,0,1,0,0,0,0,0.20327495267014514,10.849315068493151
11.48246626,18.68,752,22329.0,40.2,1.0,0.0,0.0,0,1,0,0,0,0,0,0.23019587570983668,35.0958904109589
12.30138283,10.07,747,33697.0,51.5,2.0,1.0,0.0,0,1,0,0,0,0,0,0.1531681811035755,26.876712328767123
10.66895539,18.89,682,6334.0,68.1,2.0,0.0,1.0,1,0,1,0,0,0,0,0.14730232627013665,14.054794520547945
11.05980255,24.09,697,21180.0,81.5,0.0,0.0,0.0,0,0,1,0,0,0,0,0.33320747637377934,12.246461186301369
11.00209984,19.23,702,30140.0,89.4,1.0,0.0,0.0,0,1,0,0,0,0,0,0.5023333339382623,8.876712328767123
11.06663836,9.45,792,2910.0,5.8,1.0,0.0,0.0,0,0,0,0,0,0,0,0.04546875010647909,23.096004567123288
11.1844214,10.2,782,4254.0,23.9,0.0,0.0,0.0,0,0,0,1,0,0,0,0.05908333321505988,36.534132410958904
11.81303006,21.85,682,68276.0,88.0,0.0,0.0,0.0,0,0,0,0,0,0,1,0.505748146843604,9.863013698630137
11.19547123,9.92,712,11440.0,27.7,1.0,0.0,0.0,0,0,0,0,1,0,0,0.1571428578004649,13.3149543369863
10.87993221,16.97,722,9200.0,42.8,0.0,0.0,0.0,0,0,0,0,0,0,0,0.17325800328655896,14.219063926027395
10.43399815,15.21,752,17576.0,36.3,0.0,0.0,0.0,1,0,0,0,0,0,0,0.5170020000380938,16.10958904109589
11.00209984,13.62,742,21305.0,35.4,0.0,0.0,0.0,0,0,0,0,0,0,0,0.35508333376093826,16.19178082191781
11.87409031,7.32,732,27062.0,79.6,0.0,0.0,0.0,0,0,1,0,0,0,0,0.1885853666422873,22.931506849315067
11.22524339,4.16,687,13573.0,30.8,2.0,0.0,0.0,0,0,1,0,0,0,0,0.1809733337891053,15.6163242
10.66886237,3.77,807,133.0,0.3,0.0,0.0,0.0,0,0,0,0,0,1,0,0.0030933109966825513,12.906849315068493
10.7464331,7.88,717,22197.0,37.8,1.0,0.0,0.0,0,0,1,0,0,0,0,0.47772468921531974,6.739726027397261
10.95080655,12.32,702,2094.0,20.7,1.0,2.0,0.0,0,0,0,0,0,0,0,0.03673684198831832,6.0
11.44035477,14.76,662,23738.0,71.3,1.0,0.0,0.0,1,0,1,0,0,0,0,0.2552473123730101,20.923287671232877
11.36210258,6.39,777,0.0,0.0,0.0,0.0,0.0,0,0,0,1,0,0,0,0.0,9.6163242
12.02754389,1.56,747,9787.0,52.3,1.0,0.0,0.0,0,0,0,0,1,0,0,0.05849970095871782,8.46563926849315
10.9331784,23.89,727,28774.0,71.4,0.0,0.0,0.0,0,0,0,0,1,0,0,0.5137847274723223,20.383447487671233
11.79981723,16.79,682,54194.0,85.7,0.0,0.0,1.0,1,1,0,0,0,0,0,0.406776351369673,30.65753424657534
10.87804719,22.85,702,17385.0,71.2,0.0,0.0,0.0,0,0,1,0,0,0,0,0.328018868755813,6.838356164383562
11.46053683,16.46,697,12032.0,56.8,0.0,1.0,0.0,0,0,0,0,1,0,0,0.12679143535104326,15.698630136986301
10.73630972,12.58,732,24621.0,94.0,1.0,0.0,0.0,0,0,0,0,0,0,0,0.5352856744291897,16.19178082191781
11.40756495,0.13,787,1068.0,3.1,3.0,0.0,0.0,0,0,0,0,0,0,1,0.011866666658507179,6.24646118630137
10.6454249,19.31,742,7160.0,39.3,0.0,0.0,0.0,0,0,0,0,0,0,0,0.17047619001002423,18.410844747945205
12.36734079,11.73,717,5509.0,10.6,3.0,0.0,0.0,0,0,0,0,0,0,0,0.023442553264777722,19.80821917808219
11.73606902,3.35,752,5752.0,30.3,0.0,0.0,0.0,0,1,0,0,0,0,0,0.046015999829024684,20.958904109589042
10.71441777,22.77,717,36261.0,67.1,1.0,0.0,0.0,0,1,0,0,0,0,0,0.8057999989947291,7.479337898630137
10.54534144,13.52,807,323.0,1.8,0.0,0.0,0.0,0,0,0,0,0,0,0,0.008499999989022448,12.57522830958904
11.17043516,7.42,682,38963.0,79.4,1.0,0.0,0.0,0,0,1,0,0,0,0,0.5487746457050954,10.520433789041096
11.05089001,12.06,697,10678.0,97.1,0.0,0.0,0.0,0,1,0,0,0,0,0,0.16949206270793726,9.6163242
10.37349118,17.48,767,1127.0,40.2,0.0,0.0,0.0,0,0,1,0,0,0,0,0.035218750062755,22.52865296712329
11.01039864,7.78,762,12893.0,14.1,1.0,0.0,0.0,0,1,0,0,0,0,0,0.2131074388729934,33.608105013698626
10.30895266,13.96,672,12022.0,20.0,3.0,0.0,0.0,0,0,1,0,0,0,0,0.4007333335915231,12.657534246575343
10.4341158,7.98,662,2122.0,58.9,1.0,2.0,0.0,0,0,0,0,0,0,0,0.06241176493045846,5.506735158904109
11.35040654,9.15,787,9825.0,24.3,0.0,0.0,0.0,0,0,0,0,1,0,0,0.11558823477078656,20.46563926849315
10.51867319,18.16,682,17473.0,47.9,0.0,0.0,0.0,0,0,1,0,0,0,0,0.4722432440112817,18.246461186301367
10.81977828,9.05,707,6371.0,37.9,2.0,0.0,0.0,0,0,0,0,0,0,0,0.12742000056195835,6.821917808219178
11.15619338,14.52,722,1778.0,88.9,1.0,0.0,0.0,0,0,1,0,0,0,0,0.02540145142366754,10.438242008219179
11.69524702,8.91,742,10750.0,76.8,5.0,0.0,0.0,0,0,0,0,0,0,0,0.08958333349137473,12.202625569863013
10.81069718,2.35,697,3511.0,40.4,1.0,0.0,0.0,0,0,0,0,0,0,0,0.07086057933340865,8.95890410958904
10.71441777,11.17,687,1150.0,13.9,0.0,0.0,0.0,0,0,0,1,0,0,0,0.025555555523673876,9.534132419178082
11.05089001,17.48,672,3848.0,75.5,1.0,0.0,0.0,0,0,1,0,0,0,0,0.061079364796791775,9.534132419178082
9.680344001,10.2,722,3183.0,66.3,2.0,0.0,0.0,0,0,0,0,0,0,0,0.1989375000441479,3.9452054794520546
10.83958091,19.19,757,2513.0,9.6,1.0,0.0,0.0,0,0,1,0,0,0,0,0.04927450988800666,9.534132419178082
10.77895629,20.27,712,6478.0,35.2,0.0,0.0,0.0,0,0,1,0,0,0,0,0.1349583333184917,11.013698630136986
10.79949394,8.67,802,34.0,0.3,0.0,0.0,0.0,0,0,0,0,0,0,0,0.0006939341994786839,11.095890410958905
11.59175513,5.39,697,29526.0,95.6,0.0,0.0,0.0,0,0,1,0,0,0,0,0.2728785048852381,17.342351597260272
11.22524339,1.86,782,1738.0,12.6,0.0,0.0,0.0,0,0,0,0,0,0,0,0.02317333339169417,11.260159816438355
10.77895629,17.43,742,28895.0,39.9,0.0,0.0,0.0,0,0,1,0,0,0,0,0.6019791666004658,9.123287671232877
11.1844214,21.73,692,25449.0,69.3,0.0,0.0,0.0,0,0,1,0,0,0,0,0.35345833262577786,16.356050227397258
11.35040654,7.27,732,5690.0,21.5,0.0,0.0,0.0,0,0,0,0,0,0,0,0.06694117616750896,17.835616438356166
10.34174248,19.78,682,6130.0,57.3,3.0,0.0,0.0,0,0,1,0,0,0,0,0.19774193616949814,3.3697488575342467
10.71441777,17.42,677,9954.0,95.7,0.0,0.0,0.0,0,0,1,0,0,0,0,0.22119999972404328,11.460159816438354
10.47728798,10.41,687,12160.0,80.5,0.0,0.0,0.0,0,0,0,0,0,0,0,0.3425352097136971,7.232762556164384
10.6454249,14.6,662,215.0,71.7,1.0,0.0,0.0,0,0,0,0,0,0,1,0.00511904760504961,10.35605022739726
10.81977828,11.71,782,1052.0,8.6,0.0,0.0,0.0,0,0,0,0,1,0,0,0.021040000092792367,13.150684931506849
12.1547583,17.03,687,113463.0,92.8,0.0,0.0,0.0,0,0,0,1,0,0,0,0.5971862555312437,11.835616438356164
10.74343705,8.96,757,13574.0,24.2,1.0,0.0,0.0,0,0,0,0,0,0,1,0.2930167299656432,23.342351597260276
10.54534144,4.61,662,4093.0,80.3,1.0,0.0,0.0,0,0,0,0,0,0,0,0.10771052617668384,15.04109589041096
12.61153775,0.16,787,2764.0,10.7,1.0,0.0,0.0,0,0,0,0,1,0,0,0.009213333366854554,14.95890410958904
10.83879629,12.69,762,16992.0,44.5,5.0,0.0,0.0,1,0,0,0,0,0,0,0.3334379906628886,16.356050227397258
11.32215229,11.91,702,2015.0,31.0,1.0,0.0,0.0,0,0,0,0,0,0,0,0.024385226152437746,10.35605022739726
10.93310697,15.26,712,5604.0,80.1,3.0,0.0,0.0,0,0,1,0,0,0,0,0.10007142854313693,12.657534246575343
11.22524339,13.01,722,12649.0,67.3,0.0,0.0,0.0,1,0,0,0,0,0,1,0.168653333758078,8.139726027397261
10.68281243,13.13,687,15273.0,24.9,2.0,1.0,0.0,1,0,0,0,1,0,0,0.35029816490541094,26.958904109589042
10.29809392,16.09,707,828.0,92.0,3.0,0.0,0.0,0,0,0,0,0,0,0,0.02790133433657492,5.013698630136986
11.1844214,13.2,722,19761.0,41.5,2.0,0.0,0.0,0,0,0,0,0,0,0,0.2744583327839206,13.479337898630137
10.6501755,17.77,737,5437.0,23.4,1.0,0.0,0.0,0,1,0,0,0,0,0,0.1288388625623472,7.972602739726027
10.65725935,10.64,682,8557.0,77.1,1.0,0.0,0.0,0,0,1,0,0,0,0,0.20134117745967833,4.931506849315069
11.03488966,5.52,757,14313.0,46.2,2.0,0.0,0.0,0,0,0,0,0,0,0,0.23085483963938278,10.684817350684932
10.50506754,0.33,732,496.0,4.1,1.0,0.0,1.0,0,0,0,0,0,0,0,0.013589041090055034,11.753424657534246
10.73413325,0.0,807,1454.0,4.0,2.0,0.0,0.0,1,0,0,0,1,0,0,0.03168032060732097,20.054794520547944
10.81977828,12.72,712,4456.0,22.6,0.0,0.0,1.0,0,0,0,0,0,0,0,0.08912000039304448,14.054794520547945
11.02353512,8.03,747,8454.0,27.0,2.0,0.0,0.0,0,0,1,0,0,0,0,0.13791190891138752,12.501255706849314
11.91839057,17.84,707,614.0,17.5,2.0,0.0,1.0,0,0,0,0,1,0,0,0.0040933333459342225,15.6163242
10.4744671,2.34,797,4615.0,6.5,0.0,0.0,0.0,1,1,0,0,0,0,0,0.13036723152393814,22.438242008219177
11.40756495,8.83,742,19123.0,53.0,1.0,0.0,0.0,0,0,1,0,0,0,0,0.21247777763167863,20.547831049315068
10.89821971,16.09,737,23569.0,70.8,0.0,0.0,0.0,0,0,1,0,0,0,0,0.43581730800472174,16.931506849315067
11.22524339,18.82,687,35954.0,82.8,0.0,0.0,0.0,0,0,1,0,0,0,0,0.47938666787397716,7.068493150684931
11.34687088,23.21,777,36268.0,32.9,2.0,0.0,0.0,1,0,0,0,1,0,0,0.4281936248313669,23.095890410958905
11.27090486,18.05,662,82.0,1.3,1.0,1.0,0.0,0,0,0,0,0,1,0,0.0010445327604539773,8.547831049315068
9.680344001,0.0,737,0.0,0.0,0.0,0.0,0.0,0,0,0,0,0,0,0,0.0,5.7534246575342465
11.03650127,10.18,682,7613.0,82.7,2.0,0.0,0.0,0,0,0,0,1,0,0,0.12259259233779242,18.49303652876712
10.79728725,14.24,707,26551.0,70.1,0.0,0.0,0.0,0,0,1,0,0,0,0,0.5430985090217686,11.753424657534246
10.27518903,23.54,687,11387.0,90.4,1.0,0.0,0.0,0,0,1,0,0,0,0,0.39260102074184666,7.726027397260274
11.40756495,15.03,752,44539.0,59.8,0.0,0.0,0.0,0,0,1,0,0,0,0,0.49487777743750117,27.451940630136985
10.34794899,0.0,692,0.0,0.0,2.0,0.0,0.0,0,0,0,0,0,0,0,0.0,3.6986301369863015
10.0302964,15.43,712,4435.0,16.6,2.0,0.0,0.0,0,0,0,0,0,0,0,0.19534002807162712,9.369748857534246
11.47820979,13.62,792,37466.0,30.9,1.0,0.0,0.0,0,0,0,0,0,0,0,0.3878949761678788,20.383447487671233
10.52406404,20.06,747,3255.0,30.2,0.0,0.0,0.0,0,0,0,0,0,0,0,0.08750000002285825,15.6163242
11.12732181,9.3,747,2362.0,7.9,1.0,0.0,0.0,0,0,0,0,0,0,0,0.03473325084483116,9.04109589041096
10.30895266,10.56,722,716.0,5.4,3.0,0.0,0.0,1,0,0,1,0,0,0,0.023866666682043798,9.123287671232877
11.08214255,12.0,707,14493.0,88.9,0.0,0.0,0.0,0,0,1,0,0,0,0,0.22296923051900885,18.328652967123286
11.31447453,18.13,702,25886.0,94.1,1.0,1.0,0.0,0,0,1,0,0,0,0,0.3156829256443177,15.451940638356163
10.73630972,8.9,692,9158.0,52.3,2.0,0.0,0.0,0,0,1,0,0,0,0,0.19910426897455505,5.506735158904109
11.57115664,15.44,727,61595.0,51.6,0.0,0.0,0.0,0,0,1,0,0,0,0,0.5811068322055389,21.041095890410958
10.81977828,12.6,712,11957.0,43.5,2.0,0.0,0.0,0,0,0,0,0,0,1,0.23914000105467523,10.10958904109589
10.77895629,10.86,737,1772.0,7.4,2.0,1.0,0.0,0,0,0,1,0,0,0,0.036916666662606866,10.027397260273972
12.61153775,6.93,762,0.0,0.0,1.0,0.0,0.0,0,0,0,0,0,0,0,0.0,29.260159808219175
10.45737267,5.93,667,11670.0,81.6,1.0,0.0,1.0,0,0,0,0,0,0,1,0.3353448261652053,15.945205479452055
10.91508846,12.0,752,1112.0,2.7,1.0,0.0,0.0,0,0,0,0,0,0,0,0.020218181903393535,7.824657534246575
11.53272809,0.61,717,4452.0,45.4,0.0,0.0,1.0,0,0,0,0,1,0,0,0.04364705892245142,15.6163242
10.16585182,15.05,692,731.0,5.8,3.0,1.0,0.0,1,0,0,1,0,0,0,0.028115384531140205,9.454680364383561
10.63585545,15.92,722,5455.0,83.9,0.0,0.0,0.0,0,0,1,0,0,0,0,0.13112980720048636,24.2
11.69524702,14.65,662,34454.0,70.7,3.0,0.0,0.0,0,0,0,0,0,0,0,0.287116667173193,12.57522830958904
9.68009397,12.6,762,998.0,6.0,1.0,0.0,0.0,0,0,0,0,0,0,0,0.06239059764733532,16.528652967123286
11.40756495,22.47,737,61374.0,61.8,2.0,0.0,0.0,0,1,0,0,0,0,0,0.6819333328644379,21.205479452054796
11.51292546,6.76,712,38898.0,80.5,3.0,1.0,0.0,0,0,0,0,0,0,1,0.3889800019333195,22.440981734246574
11.15257234,3.63,672,9795.0,95.1,2.0,0.0,1.0,0,0,1,0,0,0,0,0.14044420175527694,10.767123287671232
10.20359214,4.31,687,3329.0,95.1,0.0,0.0,0.0,1,0,1,0,0,0,0,0.12329629691110916,3.9452054794520546
10.858999,22.59,662,22312.0,81.1,0.0,0.0,0.0,1,0,0,0,0,0,1,0.4290769220315045,9.04109589041096
10.87237073,21.81,727,2369.0,36.4,1.0,0.0,0.0,0,0,0,0,0,0,0,0.04495256187343977,6.739726027397261
11.73606902,10.29,697,6324.0,79.0,0.0,0.0,1.0,0,0,0,0,0,0,0,0.050591999812022274,7.808219178082192
11.15625052,16.78,727,30372.0,56.1,0.0,0.0,0.0,1,0,0,0,0,0,1,0.43388571473326554,9.6163242
10.67359577,8.94,742,14716.0,38.4,0.0,0.0,0.0,0,0,0,0,1,0,0,0.34064814958983974,21.78082191780822
11.06657586,0.0,807,0.0,0.0,1.0,0.0,0.0,0,0,0,0,1,0,0,0.0,10.849315068493151
10.30895266,22.84,672,1002.0,83.5,0.0,0.0,0.0,0,0,0,0,0,0,0,0.03340000002151939,4.684931506849315
10.87812266,9.26,762,3391.0,9.2,1.0,0.0,0.0,0,0,0,0,1,0,0,0.06397630376377118,5.917808219178082
12.03528432,19.27,742,149527.0,72.6,0.0,0.0,0.0,0,1,0,0,0,0,0,0.886874262635419,11.506735158904108
11.03812636,14.1,697,3006.0,30.7,3.0,0.0,0.0,0,0,1,0,0,0,0,0.04832719710744151,8.219292238356164
11.3736634,0.07,722,5.0,0.0,0.0,0.0,0.0,0,0,0,0,0,1,0,5.747126423199546e-05,13.561529679452054
10.49127422,21.3,662,8710.0,23.9,0.0,1.0,0.0,1,0,1,0,0,0,0,0.2419444438246427,6.986301369863014
10.41930072,14.29,667,286.0,95.3,0.0,2.0,0.0,0,0,1,0,0,0,0,0.008537313414166057,10.438242008219179
10.30895266,13.88,777,1505.0,12.5,0.0,0.0,0.0,0,0,0,1,0,0,0,0.050166666698988706,9.451940638356165
10.90593763,7.46,752,5674.0,9.5,0.0,0.0,0.0,0,0,0,0,1,0,0,0.10411200224864277,14.301255706849314
11.23321156,11.81,677,23998.0,91.2,1.0,0.0,0.0,0,0,1,0,0,0,0,0.3174338631219395,7.726027397260274
10.77895629,3.85,662,6375.0,70.8,0.0,0.0,0.0,0,0,1,0,0,0,0,0.13281249998539435,3.1232876712328768
11.55214618,18.25,707,57261.0,84.6,1.0,0.0,0.0,0,0,0,0,0,0,0,0.5505865374283685,14.136986301369863
10.1266311,17.57,717,590.0,36.9,3.0,0.0,0.0,0,0,1,0,0,0,0,0.02360000009086795,6.347831049315069
10.6214249,12.99,747,2727.0,12.8,2.0,0.0,0.0,0,0,1,0,0,0,0,0.06650570688689592,5.506735158904109
10.91508846,12.07,667,19336.0,79.6,0.0,0.0,0.0,0,0,0,0,0,0,1,0.3515636378453394,6.739726027397261
11.00209984,8.0,677,1547.0,20.9,3.0,0.0,0.0,0,0,1,0,0,0,0,0.025783333364382606,8.383447487671233
9.392661929,5.7,707,1616.0,52.1,1.0,0.0,0.0,0,0,0,0,0,0,0,0.13466666663571172,8.136986301369863
11.00209984,6.46,692,9171.0,25.5,0.0,0.0,0.0,0,0,0,0,1,0,0,0.1528500001840678,10.44646118630137
10.26479176,24.54,737,6242.0,16.1,3.0,0.0,0.0,0,0,1,0,0,0,0,0.21746098210447679,6.657420090410959
10.91508846,9.19,697,8262.0,54.7,3.0,0.0,1.0,0,0,1,0,0,0,0,0.15021818245129262,6.328881279452054
11.62625415,16.29,717,5742.0,43.8,0.0,0.0,0.0,0,0,0,0,0,0,0,0.051267857157070246,16.438242008219177
10.71441777,11.55,682,14731.0,86.1,0.0,0.0,0.0,0,0,1,0,0,0,0,0.32735555514716513,25.80821917808219
11.26446411,8.74,727,10993.0,20.5,0.0,1.0,0.0,0,0,0,0,1,0,0,0.14093589682588858,21.205479452054796
10.6454249,10.4,742,15680.0,44.7,0.0,0.0,0.0,0,0,1,0,0,0,0,0.3733333323124553,10.027397260273972
12.30517562,9.11,712,12904.0,66.9,0.0,0.0,0.0,0,0,1,0,0,0,0,0.05843250215593702,12.657420090410957
11.75981679,4.13,802,5272.0,7.4,0.0,0.0,0.0,0,0,1,0,0,0,0,0.04118621303024813,21.863013698630137
11.22524339,15.25,727,7642.0,28.2,1.0,0.0,0.0,0,0,1,0,0,0,0,0.10189333358994641,14.054794520547945
11.44678566,13.27,752,7501.0,26.8,0.0,0.0,0.0,0,1,0,0,0,0,0,0.08013888908648605,6.164383561643835
10.51867319,18.49,707,5124.0,51.2,2.0,0.0,0.0,0,0,0,0,0,0,0,0.13848648671171565,6.739726027397261
10.66895539,12.56,782,5096.0,21.5,1.0,0.0,0.0,0,0,1,0,0,0,0,0.11851162846110141,20.71232876712329
11.88454419,15.07,727,19654.0,77.4,0.0,0.0,0.0,0,0,0,0,0,0,0,0.13553734997446584,24.493036528767124
9.680344001,11.1,677,3830.0,64.9,0.0,0.0,0.0,0,0,1,0,0,0,0,0.23937500005312173,3.1232876712328768
11.39639165,23.8,662,19136.0,69.1,1.0,1.0,0.0,0,0,1,0,0,0,0,0.21501123567861127,14.501255706849314
10.93310697,12.24,717,24004.0,75.5,2.0,0.0,0.0,0,0,0,0,0,0,0,0.4286428570216736,16.684931506849313
10.858999,16.94,762,11467.0,39.1,0.0,0.0,0.0,0,0,1,0,0,0,0,0.22051923023194972,13.561529679452054
11.35040654,12.44,742,5193.0,49.5,4.0,0.0,0.0,0,0,0,0,0,0,0,0.06109411737045238,13.150684931506849
11.38509209,8.71,697,15008.0,44.8,0.0,1.0,0.0,0,0,1,0,0,0,0,0.1705454551356003,11.506735158904108
11.12726298,10.69,692,14045.0,85.6,1.0,0.0,0.0,0,0,1,0,0,0,0,0.20654411850591975,4.684931506849315
10.89673933,20.6,762,5388.0,26.9,0.0,0.0,0.0,0,0,0,0,0,0,0,0.09977777733340852,11.753424657534246
10.55236932,14.05,707,490.0,9.6,2.0,0.0,0.0,0,0,0,0,0,0,0,0.012804431860328425,10.76700913150685
11.39639165,12.09,727,12982.0,32.1,1.0,0.0,0.0,0,0,1,0,0,0,0,0.14586516835178365,13.232762556164383
11.15625052,6.65,687,9785.0,59.3,1.0,0.0,0.0,0,0,0,0,0,1,0,0.13978571442990265,10.027397260273972
11.39315045,3.68,752,3327.0,10.7,0.0,0.0,0.0,1,0,0,1,0,0,0,0.03750338160337004,11.221917808219178
11.45301621,12.29,782,0.0,0.0,0.0,0.0,0.0,0,0,0,0,1,0,0,0.0,19.824657534246576
11.1193494,11.92,682,33115.0,55.6,1.0,0.0,0.0,1,0,0,0,0,0,0,0.49085438221187594,29.835616438356166
9.862665558,7.25,767,4160.0,40.8,0.0,0.0,0.0,0,0,0,0,0,0,1,0.21666666667010584,26.473858446575345
10.46390302,24.94,677,13147.0,78.3,0.0,0.0,0.0,0,0,1,0,0,0,0,0.37532830902255016,13.643721460273971
11.69524702,5.93,777,5981.0,14.5,1.0,0.0,0.0,0,0,0,0,0,1,0,0.04984166675459649,16.027397260273972
10.95954023,23.85,662,8373.0,57.0,0.0,1.0,0.0,1,0,1,0,0,0,0,0.14561739083625225,8.876712328767123
11.45105006,5.36,667,5848.0,24.3,3.0,3.0,0.0,1,0,0,0,0,0,1,0.06221276603534596,11.424543378082191
11.1844214,16.77,697,13835.0,87.9,0.0,0.0,0.0,0,0,1,0,0,0,0,0.19215277739312495,16.027397260273972
10.83417416,5.49,687,1158.0,27.6,1.0,1.0,0.0,0,0,0,0,0,0,0,0.022828979900161063,5.424543378082192
11.40756495,11.67,707,17958.0,55.3,0.0,0.0,0.0,0,0,1,0,0,0,0,0.19953333319613475,11.260159816438355
10.81977828,8.33,732,14161.0,46.9,0.0,0.0,0.0,0,0,0,0,0,0,0,0.28322000124908053,18.986301369863014
11.20775808,21.85,672,24471.0,74.5,2.0,0.0,0.0,0,1,0,0,0,0,0,0.33203527754952306,12.821917808219178
10.71441777,17.84,772,5392.0,9.4,4.0,0.0,0.0,0,0,0,0,0,0,1,0.11982222207273874,17.095890410958905
12.4874851,5.53,787,3131.0,8.9,2.0,0.0,0.0,0,0,0,0,1,0,0,0.011815094398324268,29.753424657534246
11.00209984,24.7,712,17809.0,46.4,1.0,0.0,0.0,0,0,0,0,0,0,0,0.29681666702410464,6.073972602739726
11.08220409,12.42,707,0.0,7.28,2.0,1.0,0.0,0,0,0,0,1,0,0,0.0,16.356050227397258
12.34583459,7.57,662,5086.0,57.8,1.0,0.0,1.0,1,1,0,0,0,0,0,0.022113043431941377,11.178082191780822
10.62132735,16.77,662,6241.0,90.4,0.0,0.0,0.0,0,0,0,0,0,0,0,0.15221951153851473,7.479337898630137
11.21182037,19.09,692,24401.0,88.4,0.0,0.0,0.0,0,0,0,0,0,0,0,0.32974324396416316,7.643721460273973
10.59653473,9.0,682,4480.0,81.5,3.0,0.0,0.0,0,0,1,0,0,0,0,0.11201120090681355,14.794520547945206
10.40426284,7.42,712,6630.0,39.2,3.0,0.0,0.0,0,0,1,0,0,0,0,0.20090909099922233,15.238356164383562
10.44348355,23.29,672,24209.0,54.9,2.0,0.0,0.0,0,0,0,0,1,0,0,0.7053904454311879,8.219178082191782
11.08214255,11.65,742,62466.0,58.8,4.0,0.0,0.0,0,0,0,0,0,0,0,0.961015383536908,30.24646117808219
9.903487553,13.56,747,7783.0,17.7,1.0,0.0,0.0,0,0,0,0,0,0,0,0.3891499998194843,5.542351597260274
12.32385568,11.77,732,12176.0,36.1,1.0,0.0,0.0,0,0,1,0,0,0,0,0.05411555561976679,16.520433789041096
10.23981692,7.67,732,6246.0,54.8,2.0,0.0,0.0,1,0,0,0,0,0,0,0.2231033008751856,6.0
11.00209984,20.0,697,23187.0,99.1,2.0,0.0,0.0,0,0,0,0,0,0,0,0.38645000046537786,12.0
10.59653473,14.58,767,3812.0,16.8,0.0,0.0,0.0,0,0,1,0,0,0,0,0.09530953077160116,14.547831049315068
10.59653473,8.52,727,733.0,30.4,1.0,0.0,0.0,0,0,0,0,0,0,0,0.01832683264836927,4.854794520547945
11.35040654,4.93,722,2036.0,10.1,2.0,0.0,1.0,1,0,0,0,0,0,1,0.023952941068022537,10.273858446575343
11.35040654,18.48,702,2591.0,74.0,1.0,1.0,0.0,0,0,1,0,0,0,0,0.030482352803166208,10.438242008219179
11.45105006,22.54,682,65621.0,81.5,1.0,0.0,0.0,1,0,0,1,0,0,0,0.6980957455549653,10.931506849315069
11.0744205,7.72,717,1460.0,38.4,2.0,0.0,0.0,0,0,0,1,0,0,0,0.022635658977743264,15.6163242
11.33857208,8.6,732,3275.0,14.7,0.0,0.0,0.0,0,0,1,0,0,0,0,0.03898809515331368,5.5889269397260275
11.22524339,9.12,747,5212.0,8.4,2.0,0.0,0.0,0,0,0,0,0,0,0,0.06949333350834869,7.561529679452055
11.21182037,4.3,717,12293.0,20.6,1.0,1.0,0.0,0,0,0,0,1,0,0,0.16612162198481448,23.17808219178082
11.28983191,7.41,807,1112.0,1.2,1.0,0.0,0.0,0,0,0,0,1,0,0,0.013899305068190827,18.164383561643834
9.980448594,8.28,727,4328.0,10.3,2.0,0.0,0.0,0,0,0,0,0,0,0,0.20037037030470017,5.5670091315068495
10.77895629,13.26,667,2626.0,61.1,3.0,0.0,0.0,0,0,0,1,0,0,0,0.05470833332731695,4.684931506849315
9.61580548,5.52,742,0.0,0.0,0.0,0.0,0.0,0,0,0,0,0,0,0,0.0,6.657420090410959
11.04285783,15.55,677,4450.0,37.1,1.0,0.0,0.0,0,0,0,0,0,0,0,0.07120455735343063,6.164383561643835
10.89673933,17.69,672,6062.0,55.6,0.0,0.0,0.0,0,0,1,0,0,0,0,0.11225925875930261,5.7534246575342465
11.68687877,22.61,682,75723.0,92.9,2.0,0.0,0.0,0,0,1,0,0,0,0,0.6363277324246951,19.80821917808219
11.49272276,16.44,742,14001.0,34.7,4.0,0.0,0.0,0,0,1,0,0,0,0,0.14286734660342434,14.95890410958904
10.67533038,13.03,697,17088.0,73.7,2.0,0.0,0.0,0,0,1,0,0,0,0,0.39487001734855864,12.591666665753424
11.1123882,3.33,797,0.0,0.0,0.0,0.0,0.0,0,1,0,0,0,0,0,0.0,13.150684931506849
10.46310334,8.85,732,10935.0,52.1,0.0,0.0,0.0,1,0,1,0,0,0,0,0.3124285715758973,8.630022830136987
11.54248427,19.76,692,22512.0,65.2,0.0,0.0,0.0,0,0,1,0,0,0,0,0.2185631061867131,19.068493150684933
11.3736634,5.57,697,5742.0,55.2,0.0,1.0,0.0,0,0,0,0,0,0,0,0.06599999984402359,23.342351597260276
10.51867319,7.36,762,0.0,0.0,1.0,0.0,0.0,0,0,0,0,0,0,0,0.0,6.164383561643835
10.46310334,7.85,737,9432.0,47.2,2.0,0.0,0.0,0,0,1,0,0,0,0,0.26948571441279046,8.794520547945206
11.15625052,16.75,662,3901.0,95.1,0.0,0.0,0.0,0,0,1,0,0,0,0,0.05572857148605521,4.273972602739726
10.54534144,22.34,722,0.0,0.0,0.0,0.0,0.0,0,0,0,0,0,0,0,0.0,10.865639268493151
10.83958091,17.46,697,8467.0,26.7,1.0,0.0,0.0,0,0,0,0,0,0,0,0.16601960812644345,7.808219178082192
10.81977828,24.43,732,8359.0,91.9,1.0,0.0,0.0,0,0,1,0,0,0,0,0.1671800007373112,25.6163242
10.66895539,7.67,672,7106.0,67.7,0.0,0.0,0.0,0,0,1,0,0,0,0,0.1652558147261748,12.0
10.69194491,14.97,692,9900.0,60.0,1.0,0.0,0.0,0,1,0,0,0,0,0,0.22500000065258957,4.440981734246575
10.73639668,20.92,767,24523.0,37.9,0.0,0.0,0.0,0,0,0,0,0,0,0,0.5331086932378482,12.854794520547944
11.3736634,22.65,692,14943.0,54.3,0.0,1.0,0.0,0,0,1,0,0,0,0,0.17175862028374161,28.602625561643833
10.29775689,13.91,757,0.0,0.0,1.0,0.0,0.0,0,0,1,0,0,0,0,0.0,9.698630136986301
10.91508846,7.53,717,2196.0,39.9,1.0,0.0,0.0,0,0,0,0,0,0,0,0.03992727289555054,8.876712328767123
10.46310334,1.99,762,5234.0,11.4,3.0,0.0,0.0,0,0,0,0,0,1,0,0.14954285721337418,9.698630136986301
11.90494053,0.92,802,7914.0,6.5,1.0,0.0,0.0,0,0,0,0,0,1,0,0.053474417979076934,25.47933789863014
12.37581542,11.67,667,22353.0,99.3,0.0,0.0,1.0,1,0,1,0,0,0,0,0.09431645570726283,10.602625569863013
10.96819829,6.33,782,157.0,0.6,0.0,0.0,0.0,0,0,0,0,0,0,1,0.0027068965504479883,9.947945205479453
10.96812932,7.35,697,4596.0,51.6,0.0,0.0,0.0,0,0,0,0,0,0,1,0.07924684473938995,4.602625569863013
10.6454249,19.63,672,11189.0,86.7,2.0,1.0,0.0,0,0,0,0,0,0,0,0.2664047611762795,10.602625569863013
9.472704636,24.09,707,772.0,25.7,0.0,0.0,0.0,0,0,0,1,0,0,0,0.05938461541096281,3.8
10.87804719,18.66,697,13514.0,92.6,2.0,0.0,0.0,0,0,1,0,0,0,0,0.25498113272165984,8.547831049315068
10.34174248,20.25,702,2314.0,32.1,1.0,0.0,0.0,0,0,0,0,0,0,0,0.07464516154913844,3.287557076712329
10.1266311,2.98,712,3375.0,51.1,0.0,0.0,0.0,0,0,1,0,0,0,0,0.1350000005197955,3.0493150684931507
10.81977828,12.98,662,16651.0,63.3,0.0,0.0,0.0,0,0,1,0,0,0,0,0.33302000146871263,14.136986301369863
11.6127708,9.38,747,39833.0,86.1,1.0,0.0,0.0,0,0,1,0,0,0,0,0.36047963798740107,15.53413241917808
11.3736634,9.32,722,19827.0,90.9,0.0,0.0,0.0,0,0,1,0,0,0,0,0.2278965511855548,10.273858446575343
12.2010601,8.36,802,144723.0,3.3,0.0,0.0,0.0,0,1,0,0,0,0,0,0.7272512589770584,32.013698630136986
10.54534144,19.14,682,19876.0,77.0,0.0,0.0,0.0,0,0,1,0,0,0,0,0.5230526309034371,6.082191780821918
10.71441777,24.59,727,10082.0,56.3,0.0,0.0,0.0,0,1,0,0,0,0,0,0.22404444416493915,12.246461186301369
9.798127037,18.07,707,10040.0,32.1,0.0,0.0,0.0,0,0,0,0,0,0,1,0.557777777709897,4.8493150684931505
10.75798798,1.07,732,1332.0,19.9,0.0,0.0,0.0,0,0,0,0,0,0,0,0.028338013883935507,3.1232876712328768
10.81977828,12.24,722,14483.0,36.5,1.0,0.0,0.0,0,0,1,0,0,0,0,0.28966000127748276,13.657420090410957
11.3736634,10.41,747,14406.0,37.1,3.0,0.0,0.0,0,0,0,0,0,0,0,0.16558620650522532,10.687557076712329
11.6784399,2.84,742,6835.0,13.2,1.0,0.0,0.0,1,0,0,0,0,0,1,0.05792372901326882,18.49303652876712
11.73606902,19.3,707,26339.0,49.0,2.0,0.0,0.0,0,0,0,0,0,0,1,0.21071199921708644,18.65742009041096
11.15625052,8.78,762,2211.0,6.2,0.0,0.0,0.0,0,0,1,0,0,0,0,0.031585714318294815,9.945205479452055
10.59663473,9.0,737,10379.0,69.2,0.0,0.0,0.0,0,1,0,0,0,0,0,0.2594750008033537,7.1506849315068495
10.89673933,12.91,692,24671.0,66.0,1.0,1.0,0.0,0,0,0,0,0,0,0,0.45687036833565736,11.753424657534246
11.8913071,13.1,692,0.0,0.0,1.0,0.0,0.0,0,0,1,0,0,0,0,0.0,14.712328767123287
10.59663473,17.76,722,18658.0,66.9,0.0,0.0,0.0,0,0,1,0,0,0,0,0.4664500014441635,8.95068493150685
10.27505111,21.6,737,22245.0,44.5,1.0,0.0,0.0,0,1,0,0,0,0,0,0.7670689647260952,18.65742009041096
11.07702177,11.58,717,5518.0,98.3,0.0,0.0,0.0,0,0,0,0,0,1,0,0.08532813736975352,12.410844747945204
11.33857208,16.86,717,31089.0,78.1,1.0,0.0,0.0,0,0,0,0,0,0,0,0.3701071420523264,20.136986301369863
11.15310271,4.06,747,5307.0,12.8,1.0,0.0,0.0,0,0,1,0,0,0,0,0.07605331076467808,6.164383561643835
11.15625052,22.18,712,34560.0,84.9,2.0,0.0,0.0,0,1,0,0,0,0,0,0.49371428622354985,10.931506849315069
10.08580911,19.35,687,0.0,0.0,0.0,0.0,0.0,0,0,0,1,0,0,0,0.0,36.73972602739726
11.35035948,0.0,812,1343.0,3.1,1.0,0.0,0.0,0,0,0,0,0,0,0,0.01580074349395736,13.150684931506849
11.48965684,6.3,762,42307.0,38.0,1.0,0.0,0.0,0,0,1,0,0,0,0,0.4330296818494594,14.794520547945206
10.40426284,10.76,747,433.0,7.3,0.0,0.0,0.0,0,0,1,0,0,0,0,0.013121212127098532,9.04109589041096
10.4744671,21.15,707,30332.0,44.4,3.0,0.0,0.0,0,0,0,0,0,0,0,0.8568361574396732,9.794520547945206
11.96527416,8.95,727,31340.0,61.3,3.0,0.0,0.0,0,0,0,1,0,0,0,0.19936386748057763,19.610844747945205
11.03495418,5.46,787,17911.0,32.6,2.0,0.0,0.0,1,0,1,0,0,0,0,0.2888684595433301,15.945205479452055
10.81977828,19.75,672,17015.0,53.8,1.0,0.0,0.0,0,0,0,0,0,0,0,0.3403000015008195,19.068493150684933
10.92233487,23.09,672,31698.0,79.2,3.0,0.0,0.0,0,0,1,0,0,0,0,0.5721660665470382,12.495776254794519
11.31447453,4.71,762,3629.0,17.9,0.0,1.0,0.0,0,0,0,0,0,0,1,0.04425609739485548,18.65742009041096
11.47874801,19.57,752,17091.0,38.8,1.0,0.0,0.0,0,0,1,0,0,0,0,0.1768522356597191,11.588926939726026
11.53272809,11.35,727,32831.0,66.6,1.0,0.0,0.0,1,0,0,0,0,0,0,0.3218725497491021,15.205479452054794
10.71441777,0.0,707,4924.0,23.8,0.0,1.0,0.0,0,0,0,0,0,0,0,0.10942222208571319,7.232876712328767
10.81985828,1.39,777,2294.0,6.1,0.0,0.0,0.0,0,0,0,0,1,0,0,0.045876329949139684,18.986301369863014
11.00209984,22.14,677,14180.0,58.6,1.0,0.0,0.0,0,1,0,0,0,0,0,0.23633333361793496,15.6163242
11.35040654,17.59,727,34155.0,45.5,0.0,0.0,0.0,0,1,0,0,0,0,0,0.40182352759249007,9.123287671232877
10.84480255,18.07,797,3832.0,6.6,0.0,0.0,0.0,0,0,0,0,1,0,0,0.07474593788158364,15.123287671232877
11.00209984,16.92,727,3160.0,33.3,1.0,0.0,0.0,0,0,1,0,0,0,0,0.05266666673008988,5.671118720547946
12.4292162,5.4,687,11356.0,78.7,1.0,0.0,0.0,0,0,1,0,0,0,0,0.045423999856659236,18.57522830958904
10.22990945,13.68,717,4635.0,60.2,3.0,0.0,0.0,0,0,1,0,0,0,0,0.16720779276022005,5.7534246575342465
10.80242865,0.56,717,1672.0,53.9,2.0,0.0,0.0,0,0,0,0,1,0,0,0.034025233891690786,3.4519406383561644
11.60367983,15.75,717,34267.0,67.5,2.0,0.0,0.0,0,0,0,0,0,0,0,0.3129406387182215,12.821917808219178
10.63585545,17.37,717,14391.0,34.4,2.0,0.0,0.0,0,0,1,0,0,0,0,0.34593749870251134,9.945205479452055
10.89673933,6.71,687,16826.0,81.3,2.0,0.0,0.0,1,0,0,0,0,1,0,0.31159259120488714,13.150684931506849
11.70645498,24.54,702,72544.0,93.6,0.0,0.0,0.0,0,1,0,0,0,0,0,0.5977955777547228,17.17808219178082
10.59663473,4.59,742,5784.0,52.6,1.0,0.0,0.0,0,0,1,0,0,0,0,0.14460000044769222,11.013698630136986
11.22524339,7.09,667,25908.0,97.4,1.0,0.0,1.0,0,0,1,0,0,0,0,0.34544000086997273,16.027397260273972
10.95080655,13.89,722,7636.0,26.9,1.0,0.0,0.0,1,0,1,0,0,0,0,0.13396491185424964,7.561529679452055
11.51292546,8.89,722,20636.0,22.6,2.0,1.0,0.0,0,0,1,0,0,0,0,0.20636000102565635,14.794520547945206
11.51292546,9.19,712,24204.0,30.0,2.0,0.0,0.0,0,0,0,0,1,0,0,0.2420400012029941,6.328652967123288
10.87161143,6.52,692,10372.0,50.1,0.0,0.0,0.0,0,0,1,0,0,0,0,0.19696164131480667,9.945205479452055
10.66895539,21.01,727,2210.0,11.9,1.0,0.0,0.0,0,0,0,0,0,0,0,0.05139534907751847,10.191780821917808
10.46321762,2.23,737,5015.0,8.2,1.0,0.0,0.0,0,0,0,0,0,1,0,0.1432693405974587,12.57522830958904
11.35627165,6.27,747,6382.0,9.4,0.0,0.0,0.0,0,0,0,0,1,0,0,0.07464327522140822,9.451940638356165
10.33475035,5.57,752,8143.0,18.4,0.0,0.0,0.0,0,0,1,0,0,0,0,0.26452053106220824,13.561529679452054
11.08214255,11.94,712,13583.0,26.6,0.0,0.0,0.0,1,0,0,0,0,0,1,0.20896923053472002,18.895890410958906
10.98529272,11.69,692,7133.0,63.7,1.0,0.0,0.0,0,0,1,0,0,0,0,0.12089830543388268,5.671118720547946
10.30895266,0.0,697,0.0,0.0,1.0,1.0,0.0,1,0,0,1,0,0,0,0.0,5.095890410958904
9.798127037,6.93,662,4299.0,17.1,1.0,0.0,0.0,1,1,0,0,0,0,0,0.23883333330426762,6.904109589041096
11.05089001,13.79,737,5163.0,28.1,1.0,0.0,0.0,0,1,0,0,0,0,0,0.08195238057324218,9.945205479452055
11.55214618,15.18,712,21072.0,94.6,1.0,0.0,0.0,0,0,0,0,0,0,0,0.20261538423517894,19.561529679452054
10.62132735,17.82,747,24764.0,32.0,0.0,0.0,0.0,1,0,1,0,0,0,0,0.6039999973946129,10.931506849315069
10.59663473,13.26,692,6172.0,22.2,0.0,0.0,0.0,0,0,1,0,0,0,0,0.15430000047772413,9.945205479452055
10.84894866,6.69,707,11374.0,68.1,1.0,1.0,0.0,1,0,1,0,0,0,0,0.22094017131799265,17.588926939726026
9.472704636,16.8,762,1970.0,7.5,0.0,0.0,0.0,0,0,0,0,0,0,1,0.15153846160569523,10.027397260273972
10.30895266,12.52,727,6070.0,30.3,3.0,0.0,0.0,1,0,0,0,0,0,0,0.20233333346369534,6.986301369863014
10.81977828,21.7,687,5800.0,66.7,2.0,1.0,0.0,1,0,0,0,0,0,1,0.1160000005115929,12.657420090410957
10.6454249,14.57,697,8504.0,87.7,2.0,0.0,0.0,0,0,1,0,0,0,0,0.2024761899225204,7.808219178082192
11.34805082,21.4,692,7407.0,45.4,1.0,0.0,0.0,0,0,0,0,0,0,0,0.08734669826868426,13.808219178082192
11.45495731,16.21,747,78532.0,36.9,3.0,0.0,0.0,0,0,1,0,0,0,0,0.8321888789296102,24.575228309589043
11.28978191,0.66,752,513.0,7.0,3.0,0.0,0.0,0,0,0,0,0,1,0,0.006412500023444217,7.643721460273973
10.49559819,9.23,722,364.0,12.1,1.0,0.0,0.0,0,0,0,0,0,0,0,0.010067485330408825,4.073972602739726
10.9331784,12.62,777,798.0,4.9,0.0,0.0,0.0,0,0,0,0,1,0,0,0.014248982154824258,9.123287671232877
10.61643736,14.47,752,3741.0,10.2,1.0,0.0,0.0,0,0,0,1,0,0,0,0.0916911765065543,8.136986301369863
11.42954386,15.85,732,27458.0,63.4,0.0,0.0,0.0,0,0,0,0,0,0,1,0.2984565205546092,12.57522830958904
10.95080655,5.64,662,19607.0,76.9,0.0,0.0,0.0,0,0,1,0,0,0,0,0.34398245504534736,13.068493150684931
10.71441777,14.51,712,5786.0,48.6,3.0,0.0,1.0,1,0,0,0,1,0,0,0.12857777761737135,15.6163242
11.03488966,23.75,677,15149.0,92.9,1.0,0.0,0.0,0,0,1,0,0,0,0,0.24433871066142737,9.780821917808218
11.41564334,8.04,722,7670.0,57.7,1.0,0.0,0.0,0,0,1,0,0,0,0,0.08453653716075585,17.26027397260274
11.32242576,14.94,692,36449.0,45.1,0.0,0.0,0.0,1,0,1,0,0,0,0,0.44097969054496705,12.328652967123286
11.08214255,5.94,742,2232.0,38.5,0.0,0.0,0.0,0,0,0,1,0,0,0,0.03433846149992602,16.10958904109589
10.46321762,11.21,687,8568.0,48.1,1.0,4.0,0.0,1,1,0,0,0,0,0,0.24477202596989553,22.19178082191781
10.51867319,23.42,737,22450.0,52.9,1.0,0.0,0.0,0,1,0,0,0,0,0,0.6067567577435629,12.821917808219178
10.71441777,8.8,702,0.0,0.0,2.0,0.0,0.0,0,0,0,0,0,1,0,0.0,3.863013698630137
11.42954386,2.54,717,12809.0,26.3,3.0,0.0,1.0,0,0,1,0,0,0,0,0.13922826031699284,18.49303652876712
13.01700286,0.13,687,4853.0,14.8,2.0,0.0,0.0,0,0,0,0,1,0,0,0.010784444463279506,6.904109589041096
10.71441777,11.92,667,29482.0,80.3,1.0,0.0,0.0,1,0,1,0,0,0,0,0.6551555547382202,11.013698630136986
10.62132735,11.24,682,9469.0,65.8,0.0,1.0,0.0,0,1,0,0,0,0,0,0.2309512185159744,5.178082191780822
11.42958733,10.45,702,17328.0,45.7,0.0,0.0,0.0,1,0,0,0,0,0,0,0.18833963803742212,9.369748857534246
11.81303006,5.72,707,24146.0,58.9,0.0,0.0,0.0,0,0,1,0,0,0,0,0.17885925879790354,16.605365295890408
11.41090381,3.77,682,24545.0,66.9,0.0,0.0,0.0,0,1,0,0,0,0,0,0.2718131591777595,13.150684931506849
10.71441777,9.17,697,2857.0,92.2,0.0,0.0,0.0,0,0,1,0,0,0,0,0.06348888880968372,18.08219178082192
10.77895629,5.03,697,3881.0,55.4,0.0,0.0,0.0,0,0,0,0,0,0,1,0.08085416665777498,4.767123287671233
11.00209984,12.98,682,8288.0,83.7,0.0,0.0,0.0,0,0,0,0,0,0,0,0.13813333349967877,13.150684931506849
11.26446411,9.18,692,10055.0,37.5,0.0,0.0,0.0,0,0,0,0,0,0,1,0.1289102558522978,16.388926939726026
11.66134547,7.14,742,22162.0,17.5,0.0,0.0,0.0,0,1,0,0,0,0,0,0.19105172415483931,23.26027397260274
11.22524339,9.41,697,21069.0,87.8,0.0,0.0,0.0,0,0,0,0,0,0,0,0.28092000070748246,10.273972602739725
10.23995979,2.36,752,2583.0,31.5,1.0,0.0,0.0,0,0,0,0,0,1,0,0.09224999992226468,6.005479452054795
10.73639668,10.64,762,74759.0,13.9,0.0,0.0,0.0,0,0,1,0,0,0,0,1.6251956448137785,32.054794520547944
10.3859137,16.3,662,0.0,0.0,0.0,1.0,0.0,1,0,1,0,0,0,0,0.0,9.906849315068493
9.680344001,7.35,692,4341.0,31.2,0.0,0.0,0.0,0,1,0,0,0,0,0,0.27131250006020924,4.147945205479452
11.33857208,18.1,702,14575.0,36.4,1.0,0.0,0.0,0,0,0,0,0,0,0,0.17351190438459446,15.04109589041096
11.26446411,11.88,802,1236.0,3.9,1.0,0.0,0.0,0,0,0,0,0,1,0,0.015846153777567387,11.753424657534246
10.71441777,17.01,702,5144.0,29.1,0.0,0.0,0.0,0,0,0,1,0,0,0,0.11431111096850298,6.986301369863014
10.73630972,19.05,692,13067.0,89.5,1.0,0.0,0.0,0,0,1,0,0,0,0,0.28408991949011914,10.931506849315069
9.740968623,23.65,712,14385.0,25.6,3.0,0.0,0.0,0,0,0,0,0,0,0,0.8461764706206883,34.60262556164383
10.98026315,7.4,722,11855.0,76.0,2.0,1.0,0.0,1,0,0,0,0,1,0,0.20194535226959776,13.808219178082192
12.56024446,14.67,687,95324.0,96.4,0.0,0.0,0.0,0,1,0,0,0,0,0,0.3344701751880073,20.054794520547944
11.05879518,22.37,727,3649.0,28.5,1.0,0.0,0.0,0,0,0,0,0,0,0,0.0574645672096059,7.314954336986301
10.81985828,12.46,772,0.0,0.0,1.0,0.0,0.0,0,0,1,0,0,0,0,0.0,11.34509132328767
11.08214255,17.13,757,4728.0,18.8,1.0,0.0,0.0,0,0,0,0,0,0,0,0.07273846145683253,16.84931506849315
10.59663473,18.39,687,7227.0,70.9,0.0,0.0,0.0,0,0,1,0,0,0,0,0.18067500055938307,11.095890410958905
11.1844214,16.3,667,16242.0,95.5,0.0,0.0,0.0,0,1,0,0,0,0,0,0.22558333288175897,9.863013698630137
10.46310334,15.94,767,12002.0,29.4,1.0,0.0,0.0,0,0,1,0,0,0,0,0.34291428587598716,19.561529679452054
11.40756495,13.95,712,32678.0,75.8,0.0,0.0,1.0,0,0,1,0,0,0,0,0.36308888863922995,18.65742009041096
10.65140697,16.73,682,4075.0,20.4,0.0,0.0,0.0,0,0,0,0,0,0,0,0.09644513858972215,9.863013698630137
11.14186178,12.7,682,21479.0,82.3,0.0,0.0,0.0,0,0,1,0,0,0,0,0.3112898561866938,29.64646117808219
11.45105006,13.93,717,9867.0,24.1,1.0,0.0,0.0,0,0,1,0,0,0,0,0.10496808523781781,19.39714611780822
10.89049766,24.35,702,43751.0,86.3,0.0,0.0,0.0,0,0,0,0,0,1,0,0.8152765392489951,9.863013698630137
11.15625052,0.82,722,2401.0,8.1,0.0,0.0,0.0,0,0,0,0,0,0,0,0.0343000000353803,16.39714611780822
11.69524702,9.74,672,41042.0,82.1,2.0,0.0,0.0,0,0,1,0,0,0,0,0.34201666727004665,15.126027397260273
10.49127422,22.83,722,10400.0,40.2,2.0,0.0,0.0,0,0,1,0,0,0,0,0.2888888881488271,9.780821917808218
10.69194491,2.1,797,0.0,0.0,0.0,0.0,0.0,0,0,0,0,0,0,0,0.0,14.139726027397261
10.59663473,5.31,717,4199.0,27.6,1.0,0.0,0.0,0,0,0,0,1,0,0,0.10497500032501031,8.95890410958904
9.61580548,15.04,787,1573.0,3.5,1.0,0.0,0.0,0,0,0,0,0,0,1,0.10486666667551181,10.602625569863013
10.71441777,24.91,687,15134.0,74.6,0.0,0.0,0.0,0,0,1,0,0,0,0,0.33631111069154823,10.684817350684932
11.1051978,10.93,742,29596.0,30.8,0.0,0.0,0.0,1,0,1,0,0,0,0,0.44494557665154577,15.205479452054794
10.78931908,18.09,722,23919.0,67.6,2.0,0.0,0.0,0,0,1,0,0,0,0,0.49317525621572805,10.60285388219178
9.340403256,11.7,687,3789.0,75.8,0.0,0.0,0.0,0,0,1,0,0,0,0,0.33268943726749634,4.6848173506849315
10.08580911,15.05,672,9802.0,63.6,2.0,1.0,0.0,0,0,1,0,0,0,0,0.4084166663930614,3.780821917808219
11.09930217,3.26,712,3690.0,73.8,0.0,0.0,0.0,0,0,1,0,0,0,0,0.05580340259966151,4.767123287671233
10.89673933,23.29,682,18749.0,61.1,3.0,1.0,0.0,0,0,1,0,0,0,0,0.347203702157401,9.04109589041096
10.04324949,8.82,742,591.0,29.5,0.0,0.0,0.0,0,0,1,0,0,0,0,0.025695652300111785,20.054794520547944
10.18111929,11.05,687,14387.0,68.5,0.0,0.0,0.0,1,0,1,0,0,0,0,0.5449621207404062,12.57522830958904
11.69524702,15.0,687,24911.0,27.2,1.0,2.0,0.0,0,0,1,0,0,0,0,0.20759166703289636,21.041095890410958
11.3736634,3.61,777,0.0,0.0,0.0,0.0,0.0,0,0,0,0,1,0,0,0.0,12.328652967123286
10.59663473,8.28,687,3900.0,43.7,0.0,1.0,0.0,0,1,0,0,0,0,0,0.09750000030186716,14.383447487671232
10.81977828,16.06,692,19609.0,73.7,2.0,0.0,0.0,0,1,0,0,0,0,0,0.392180001729625,8.054794520547945
10.81977828,21.89,747,33895.0,33.3,0.0,0.0,0.0,0,0,1,0,0,0,0,0.6779000029897313,17.506735158904107
11.12726298,14.19,772,471.0,2.6,2.0,0.0,0.0,0,0,0,0,0,1,0,0.006926470617037252,6.410844747945205
11.46468015,9.51,742,31108.0,34.9,0.0,0.0,0.0,1,0,0,0,0,1,0,0.32645608220025424,12.821917808219178
10.30895266,13.16,712,12017.0,73.7,1.0,0.0,0.0,0,0,0,0,0,0,1,0.40056666692474907,5.7534246575342465
10.4341158,23.05,687,8856.0,28.2,2.0,2.0,1.0,0,0,1,0,0,0,0,0.26047058917254484,13.89041095890411
11.12726298,18.72,707,28714.0,53.1,0.0,0.0,0.0,0,0,1,0,0,0,0,0.4222647076382328,8.7149543369863
9.862665558,0.56,682,0.0,0.0,2.0,0.0,0.0,0,0,0,1,0,0,0,0.0,17.91780821917808
11.51292546,9.6,752,50284.0,32.6,3.0,0.0,0.0,0,0,0,0,0,0,0,0.5028400024992297,10.668378994520548
10.79409118,8.94,767,280.0,2.1,0.0,0.0,0.0,0,0,0,0,0,1,0,0.005745711222457591,5.671118720547946
11.72800459,8.79,752,7828.0,13.2,3.0,0.0,0.0,0,0,0,0,1,0,0,0.06313106849177749,20.383447487671233
10.77895629,4.88,662,5565.0,43.1,0.0,0.0,0.0,0,0,1,0,0,0,0,0.11593749998725011,5.7534246575342465
9.61580548,15.28,682,371.0,37.1,1.0,0.0,0.0,0,0,0,0,0,0,0,0.024733333335419504,3.863013698630137
11.19134184,13.41,682,22541.0,57.1,1.0,0.0,0.0,0,0,1,0,0,0,0,0.310910345089611,12.657420090410957
11.51791301,8.6,697,20994.0,75.8,1.0,0.0,0.0,0,0,1,0,0,0,0,0.20889552165301242,15.451940638356163
10.30895266,16.8,772,7590.0,25.7,0.0,0.0,0.0,0,0,0,1,0,0,0,0.25300000016300617,16.356050227397258
11.08214255,4.1,747,155.0,1.2,6.0,0.0,0.0,1,0,0,0,1,0,0,0.0023846153819393067,7.643721460273973
10.62869042,18.19,707,8737.0,70.5,0.0,0.0,0.0,0,0,1,0,0,0,0,0.21153427017407508,9.882191780821918
10.46310334,22.25,687,23698.0,78.7,0.0,0.0,0.0,0,0,1,0,0,0,0,0.6770857146049944,10.835730594520548
10.77895629,20.8,702,8129.0,63.0,1.0,0.0,0.0,0,1,0,0,0,0,0,0.16935416664804245,42.24646117808219
11.19821472,10.22,752,16877.0,54.4,1.0,0.0,0.0,0,0,1,0,0,0,0,0.23119178085209502,23.013698630136986
10.77895629,13.38,667,0.0,0.0,1.0,3.0,0.0,0,0,0,0,0,0,0,0.0,15.471118720547944
10.98860925,7.12,752,13538.0,48.9,3.0,0.0,0.0,0,0,0,0,0,0,0,0.2286978852258987,15.53413241917808
10.30895266,2.84,762,179.0,0.5,1.0,0.0,0.0,0,0,0,0,0,0,0,0.0059666666705109495,6.986301369863014
9.472704636,0.0,717,0.0,0.0,3.0,0.0,0.0,1,0,0,1,0,0,0,0.0,3.9452054794520546
10.81985828,17.06,782,1950.0,18.7,3.0,0.0,0.0,0,0,1,0,0,0,0,0.03899688029678395,11.753424657534246
9.903487553,8.46,712,14326.0,75.4,0.0,0.0,0.0,0,0,1,0,0,0,0,0.7162999996677286,11.424543378082191
11.00209984,19.82,732,16854.0,96.3,0.0,0.0,0.0,0,0,0,0,0,0,0,0.2809000003382705,10.191780821917808
10.73639668,15.47,687,4351.0,33.7,0.0,0.0,0.0,1,0,1,0,0,0,0,0.09458695609337672,4.602625569863013
10.89673933,7.0,662,14867.0,57.6,2.0,0.0,0.0,0,0,1,0,0,0,0,0.27531481358867566,5.342351597260274
11.35045359,7.19,757,11.0,0.1,1.0,0.0,0.0,1,0,0,0,0,0,0,0.00012940567543969996,7.561529679452055
11.35040654,14.04,672,9952.0,97.6,1.0,0.0,0.0,0,0,0,0,0,0,0,0.1170823524110807,15.04109589041096
11.08214255,9.18,692,9283.0,72.5,0.0,0.0,0.0,0,0,1,0,0,0,0,0.14281538445511344,5.424543378082192
10.71441777,8.32,712,9572.0,76.6,0.0,0.0,0.0,0,0,1,0,0,0,0,0.21271111084574465,5.7534246575342465
11.69524702,16.77,677,29799.0,53.0,3.0,0.0,0.0,0,1,0,0,0,0,0,0.24832500043809075,6.2465753424657535
11.9381932,0.39,712,5714.0,28.4,3.0,0.0,0.0,0,0,0,0,1,0,0,0.03734640524274708,22.356050227397258
10.30895266,10.4,742,8112.0,18.2,0.0,0.0,0.0,0,0,1,0,0,0,0,0.2704000001742169,10.438242008219179
10.84941475,23.49,697,18709.0,63.9,1.0,0.0,0.0,0,1,0,0,0,0,0,0.3632533408318476,7.808219178082192
10.22441096,14.67,672,10455.0,95.3,3.0,1.0,0.0,1,0,0,0,0,0,0,0.37924405060637023,14.383447487671232
10.08580911,21.6,707,6010.0,41.4,0.0,1.0,0.0,0,1,0,0,0,0,0,0.2504166664989083,13.150684931506849
10.6214249,17.0,752,1850.0,7.6,1.0,0.0,0.0,0,0,1,0,0,0,0,0.04511754959323705,11.753424657534246
11.00209984,4.46,742,4824.0,47.8,2.0,0.0,0.0,0,0,0,0,0,1,0,0.08040000009682075,6.986301369863014
11.21187442,15.31,742,957.0,16.8,2.0,0.0,0.0,0,0,0,0,1,0,0,0.012931733481622288,15.287671232876713
11.40756495,12.15,757,5948.0,56.6,0.0,0.0,0.0,0,0,1,0,0,0,0,0.06608888884344635,10.35605022739726
11.08214255,11.76,752,54707.0,50.6,2.0,0.0,0.0,1,0,1,0,0,0,0,0.8416461529016365,20.958904109589042
11.88448902,8.88,717,2424.0,15.6,1.0,0.0,0.0,0,0,1,0,0,0,0,0.01671724140275981,3.041095890410959
10.23466006,10.21,682,4002.0,61.6,2.0,0.0,0.0,1,0,0,0,0,0,0,0.14368806492323266,11.013698630136986
11.15625052,12.75,707,65335.0,66.9,1.0,0.0,0.0,0,0,1,0,0,0,0,0.9333571438198968,13.93972602739726
11.14739716,22.05,692,33321.0,83.5,1.0,0.0,0.0,0,0,1,0,0,0,0,0.480247322694731,19.232876712328768
11.22524339,13.79,737,21027.0,17.7,1.0,0.0,0.0,0,0,1,0,0,0,0,0.28036000070607214,8.383447487671233
10.16585182,7.8,752,77929.0,8.3,7.0,0.0,0.0,1,0,0,0,0,0,0,2.9972692217882697,36.0
10.96819829,5.07,737,4499.0,17.8,1.0,0.0,0.0,0,1,0,0,0,0,0,0.07756896548067198,14.63550228219178
10.91508846,8.51,672,7494.0,94.9,1.0,0.0,0.0,0,0,1,0,0,0,0,0.136254546028805,12.082191780821917
9.85198371,12.32,662,5825.0,48.5,0.0,0.0,0.0,0,0,0,0,0,0,0,0.3066435037940616,4.8493150684931505
11.71177632,4.34,727,13410.0,20.0,0.0,0.0,0.0,0,0,0,0,0,0,0,0.10991803319527398,12.986301369863014
11.66992921,6.02,687,7755.0,90.2,1.0,0.0,0.0,0,0,0,0,0,0,0,0.0662820515325904,8.876712328767123
10.91508846,9.25,717,17808.0,58.0,2.0,0.0,0.0,0,1,0,0,0,0,0,0.3237818195464317,19.72591324109589
11.00209984,6.64,697,11391.0,67.0,1.0,0.0,0.0,0,0,1,0,0,0,0,0.1898500002286246,15.698515980821917
10.48793532,3.65,797,4787.0,10.8,0.0,0.0,0.0,0,0,0,0,0,0,0,0.13341694486284475,25.80821917808219
11.08214255,6.79,687,11314.0,87.0,2.0,0.0,0.0,0,1,0,0,0,0,0,0.17406153826620205,5.835616438356165
11.77528973,8.23,702,11956.0,71.1,2.0,0.0,1.0,0,0,1,0,0,0,0,0.0919692307175182,29.013698630136986
10.77687078,13.23,677,8815.0,51.0,1.0,0.0,0.0,0,0,1,0,0,0,0,0.18402922818292794,8.712214610958904
8.494538501,17.68,722,0.0,,3.0,0.0,0.0,0,0,0,0,0,0,0,0.0,5.7534246575342465
10.30895266,4.28,752,2049.0,9.1,8.0,0.0,0.0,0,0,0,1,0,0,0,0.06830000004400523,22.684817350684934
11.35040654,18.31,702,16528.0,22.9,1.0,0.0,0.0,0,0,1,0,0,0,0,0.19444705794316136,8.876712328767123
11.53272809,16.42,707,11318.0,35.3,0.0,0.0,0.0,0,1,0,0,0,0,0,0.11096078456520782,21.534132419178082
10.51604813,6.21,717,6883.0,65.6,0.0,0.0,0.0,0,0,0,0,0,0,0,0.18651600094969104,4.356050227397261
10.30895266,10.84,677,3962.0,56.6,1.0,0.0,0.0,0,0,0,1,0,0,0,0.13206666675175632,7.315068493150685
10.85892207,17.12,702,15524.0,29.0,0.0,0.0,0.0,0,0,1,0,0,0,0,0.2985614282583135,11.424543378082191
10.68051622,8.77,737,15228.0,60.4,1.0,0.0,0.0,0,0,1,0,0,0,0,0.3500689644939114,8.794520547945206
10.91501573,7.62,682,10756.0,69.8,0.0,0.0,0.0,0,0,1,0,0,0,0,0.19557786104843744,7.314954336986301
10.71441777,15.84,662,5015.0,85.0,0.0,0.0,0.0,0,0,1,0,0,0,0,0.1114444443054126,8.794520547945206
10.75790288,2.32,762,7470.0,38.3,1.0,0.0,0.0,0,0,0,0,0,1,0,0.15893617032278096,12.257534246575343
11.27720313,17.26,742,22101.0,26.8,0.0,0.0,0.0,0,1,0,0,0,0,0,0.2797594940763019,14.136986301369863
11.00209984,21.34,662,13337.0,59.0,0.0,1.0,1.0,1,0,0,0,0,0,1,0.2222833336010154,10.849315068493151
10.6454249,10.89,687,11637.0,91.6,1.0,0.0,0.0,0,0,1,0,0,0,0,0.2770714278137782,10.027397260273972
10.71441777,17.39,722,5079.0,14.8,2.0,0.0,0.0,0,1,0,0,0,0,0,0.11286666652586054,7.397146117808219
10.81977828,22.46,727,10593.0,37.2,0.0,0.0,0.0,0,0,1,0,0,0,0,0.2118600009343627,11.424543378082191
11.40756495,12.72,667,11265.0,39.0,0.0,2.0,0.0,0,0,0,0,0,1,0,0.1251666665806024,14.547831049315068
10.98778115,18.2,712,42157.0,86.6,1.0,0.0,0.0,0,0,1,0,0,0,0,0.7127495897252016,20.46563926849315
10.81977828,12.77,727,13539.0,68.7,0.0,0.0,0.0,0,0,1,0,0,0,0,0.2707800011942166,20.054794520547944
11.8277362,4.21,807,58518.0,0.0,1.0,0.0,0.0,0,0,0,0,1,0,0,0.4271386881860357,11.671118720547945
10.81977828,8.9,727,6048.0,26.8,1.0,0.0,0.0,0,0,1,0,0,0,0,0.1209600005334679,8.712214610958904
11.0390102,11.3,662,12842.0,61.7,2.0,0.0,0.0,0,0,1,0,0,0,0,0.20627730561987453,4.8493150684931505
12.00150548,10.2,712,106181.0,94.1,0.0,1.0,0.0,0,0,1,0,0,0,0,0.6514171777765955,10.849315068493151
11.20582949,10.39,742,2577.0,6.3,1.0,0.0,0.0,0,0,0,0,0,0,1,0.03503357893256462,7.6327625561643835
11.94475983,8.75,732,33147.0,34.9,2.0,0.0,0.0,0,0,1,0,0,0,0,0.21522907859961604,8.547831049315068
11.35040654,8.6,672,9132.0,36.5,2.0,0.0,0.0,0,0,1,0,0,0,0,0.10743529363122879,14.301369863013699
10.66895539,17.94,697,5668.0,76.6,3.0,1.0,0.0,0,1,0,0,0,0,0,0.13181395410469443,7.72591324109589
10.83958091,19.48,737,1100.0,7.7,1.0,0.0,0.0,0,0,0,0,0,0,0,0.021568627487786443,7.972602739726027
11.3736634,18.36,732,5730.0,10.8,1.0,0.0,0.0,0,0,0,0,0,0,0,0.0658620688098668,5.671118720547946
10.91501573,16.21,737,29276.0,71.5,0.0,0.0,0.0,0,0,1,0,0,0,0,0.532329626260139,13.725913241095888
10.59663473,15.69,717,7131.0,93.8,0.0,0.0,0.0,0,0,1,0,0,0,0,0.1782750005519525,7.232876712328767
11.37198383,14.18,797,5254.0,11.6,0.0,0.0,0.0,0,0,1,0,0,0,0,0.06049232026601036,13.53413241917808
11.18996158,11.85,752,1281.0,2.3,4.0,0.0,0.0,0,0,0,0,0,0,0,0.01769337013697303,5.917808219178082
11.51292546,8.47,742,73258.0,89.9,1.0,0.0,0.0,0,0,1,0,0,0,0,0.73258000364109,13.413698630136986
10.87812266,10.87,782,17040.0,39.4,2.0,0.0,0.0,0,0,1,0,0,0,0,0.3214851713756004,17.91780821917808
11.09741002,17.51,682,22388.0,91.3,3.0,2.0,0.0,0,0,1,0,0,0,0,0.33921212155423797,15.53413241917808
10.81977828,9.53,687,13472.0,80.7,0.0,0.0,0.0,0,0,1,0,0,0,0,0.2694400011883068,5.095890410958904
11.05564061,10.05,737,51054.0,58.8,1.0,0.0,0.0,0,0,1,0,0,0,0,0.8065402828537886,16.520433789041096
11.35040654,6.73,682,4611.0,30.7,0.0,1.0,0.0,0,0,1,0,0,0,0,0.05424705857792334,11.753424657534246
10.81552927,18.2,722,1498.0,6.7,1.0,0.0,0.0,0,0,0,0,0,0,0,0.030087571305958453,10.191780821917808
11.69524702,24.97,672,96565.0,88.9,0.0,0.0,0.0,0,1,0,0,0,0,0,0.8047083347529861,11.753424657534246
11.2185544,18.22,697,10157.0,63.9,1.0,0.0,0.0,1,0,1,0,0,0,0,0.13633557106526478,12.495776254794519
11.40756495,4.12,722,1067.0,46.4,1.0,0.0,0.0,0,0,1,0,0,0,0,0.011855555547403708,8.630022830136987
10.84450992,15.34,717,13582.0,51.1,2.0,0.0,0.0,0,0,1,0,0,0,0,0.2650042926822254,7.72591324109589
11.1844214,14.12,727,20979.0,68.6,0.0,0.0,0.0,0,0,1,0,0,0,0,0.2913749994167234,8.794520547945206
11.60823564,10.37,662,14517.0,91.3,2.0,0.0,1.0,0,0,1,0,0,0,0,0.13197272790283807,9.205479452054794
10.37349118,11.81,682,1278.0,63.9,1.0,1.0,0.0,0,0,0,1,0,0,0,0.039937500071163166,14.054794520547945
10.81985828,18.57,667,10883.0,27.2,2.0,0.0,0.0,0,0,1,0,0,0,0,0.21764258885635884,12.657420090410957
10.57131693,14.65,727,10299.0,39.9,0.0,0.0,0.0,0,0,1,0,0,0,0,0.26407692178605785,6.575228309589042
11.15619338,2.43,682,4177.0,41.4,2.0,0.0,0.0,0,0,1,0,0,0,0,0.05967483835582639,3.041095890410959
10.77895629,23.55,712,4659.0,41.6,0.0,0.0,0.0,0,0,1,0,0,0,0,0.09706249998932584,5.178082191780822
11.00209984,1.58,717,8476.0,66.7,1.0,0.0,0.0,1,0,0,0,0,0,1,0.14126666683678538,9.287671232876713
11.12732181,21.33,717,27411.0,42.4,2.0,0.0,0.0,0,0,0,0,0,0,0,0.40307922900409265,15.451940638356163
11.08214255,4.23,677,5239.0,22.6,1.0,1.0,0.0,0,0,0,0,0,0,0,0.08059999990954857,10.602625569863013
11.2697195,9.5,762,13405.0,23.7,3.0,0.0,0.0,1,0,1,0,0,0,0,0.17095815682885324,21.153424657534245
10.81977828,14.93,687,3149.0,98.4,0.0,0.0,0.0,0,0,0,0,0,1,0,0.06298000027775966,15.451940638356163
10.54534144,7.14,702,5520.0,13.6,1.0,0.0,0.0,0,0,1,0,0,0,0,0.14526315770713286,8.7149543369863
11.17071681,9.8,707,11437.0,35.4,2.0,1.0,0.0,0,0,1,0,0,0,0,0.16103914333901845,14.054794520547945
10.83958091,23.53,702,19230.0,44.4,3.0,0.0,0.0,0,0,0,0,0,0,1,0.3770588241728484,12.082191780821917
11.23843599,23.57,697,22037.0,99.3,1.0,0.0,0.0,0,0,1,0,0,0,0,0.28997578712775346,12.739611871232876
11.55214618,8.75,707,5199.0,12.5,1.0,1.0,0.0,0,0,0,1,0,0,0,0.049990384521578175,18.08219178082192
10.70315458,13.89,787,5284.0,7.0,2.0,0.0,0.0,0,0,0,0,0,0,0,0.11875224697427356,14.630022830136985
11.15016059,14.57,762,14992.0,34.6,0.0,0.0,0.0,0,0,1,0,0,0,0,0.21547969739044504,41.42454336986301
11.15625052,14.52,717,4093.0,17.1,2.0,0.0,0.0,0,0,0,1,0,0,0,0.058471428631741595,10.052054794520547
10.1266311,18.72,687,13604.0,52.5,0.0,0.0,0.0,0,0,1,0,0,0,0,0.5441600020951993,5.424543378082192
11.12198437,11.82,727,21676.0,62.1,0.0,0.0,0.0,0,0,1,0,0,0,0,0.3204517905892057,17.91780821917808
11.32055357,4.29,772,4554.0,9.4,2.0,0.0,0.0,0,0,1,0,0,0,0,0.05520000012821706,15.780821917808218
10.96819829,15.89,752,17771.0,37.2,0.0,0.0,0.0,0,0,0,0,0,1,0,0.3063965515796892,42.082191780821915
11.15619338,18.22,712,24893.0,69.9,1.0,0.0,0.0,0,0,1,0,0,0,0,0.35563460646195505,12.410844747945204
10.30895266,4.28,687,1602.0,76.3,0.0,0.0,0.0,0,0,0,0,0,0,0,0.05340000003440526,13.561529679452054
11.40756495,7.91,752,16249.0,72.5,1.0,0.0,0.0,1,0,1,0,0,0,0,0.1805444443203026,13.150684931506849
10.14643373,14.64,667,11821.0,33.7,0.0,1.0,0.0,0,0,1,0,0,0,0,0.4635686279824699,18.65742009041096
10.37967204,15.43,717,0.0,0.0,0.0,0.0,0.0,0,0,0,0,0,0,0,0.0,10.684817350684932
10.81977828,21.58,667,13594.0,63.5,2.0,0.0,0.0,0,1,0,0,0,0,0,0.2718800011990679,8.547831049315068
10.7063856,10.65,717,9294.0,19.3,2.0,0.0,0.0,0,1,0,0,0,0,0,0.2081989241180769,10.863013698630137
10.71441777,12.67,732,696.0,2.7,3.0,1.0,0.0,0,0,0,0,0,0,0,0.01546666664737132,7.980821917808219
10.77895629,22.45,687,15260.0,77.9,0.0,0.0,1.0,0,1,0,0,0,0,0,0.31791666663170476,22.520433789041096
9.574983486,21.33,667,1638.0,71.2,1.0,1.0,0.0,1,0,0,0,0,0,0,0.11374999995041539,5.5889269397260275
11.40756495,4.07,777,2881.0,14.2,0.0,0.0,0.0,0,0,0,0,1,0,0,0.03201111108910036,14.136986301369863
11.32659589,8.79,777,1226.0,6.8,3.0,0.0,0.0,0,1,0,0,0,0,0,0.01477108428976782,16.767123287671232
11.56171563,4.33,747,5297.0,20.2,1.0,0.0,0.0,0,0,1,0,0,0,0,0.05044761900421696,12.657420090410957
10.96819829,8.23,742,0.0,0.0,2.0,0.0,0.0,0,0,0,0,1,0,0,0.0,5.898630136986301
10.57131693,24.98,692,6714.0,57.9,1.0,0.0,0.0,1,1,0,0,0,0,0,0.17215384531232086,5.095890410958904
10.59663473,22.77,692,9325.0,63.9,1.0,0.0,0.0,0,0,1,0,0,0,0,0.23312500072177214,4.7972602739726025
11.15625052,8.86,757,14745.0,34.6,2.0,0.0,0.0,0,0,1,0,0,0,0,0.21064285736013433,13.3149543369863
10.87804719,15.26,692,11835.0,98.6,1.0,0.0,0.0,1,0,0,0,0,0,1,0.2233018873583576,9.6163242
11.05089001,13.33,732,4004.0,17.8,3.0,0.0,0.0,0,0,1,0,0,0,0,0.06355555526152658,5.835616438356165
10.30895266,18.2,732,1984.0,24.8,0.0,0.0,0.0,1,0,0,1,0,0,0,0.06613333337594259,4.931506849315069
10.34174248,19.9,667,978.0,27.2,0.0,3.0,0.0,0,0,1,0,0,0,0,0.03154838720616137,13.561529679452054
11.15625052,7.99,672,7635.0,88.8,1.0,0.0,1.0,0,0,1,0,0,0,0,0.10907142868393528,22.356050227397258
10.50506754,18.15,797,19617.0,24.0,0.0,0.0,0.0,0,0,0,0,0,0,0,0.537452054563729,20.876712328767123
11.08521475,10.25,757,15223.0,25.8,1.0,0.0,0.0,0,1,0,0,0,0,0,0.23348159460515563,10.931506849315069
10.68510338,1.35,737,1876.0,12.3,2.0,0.0,0.0,1,0,0,0,0,0,0,0.04292906183141849,20.712214610958902
11.46163217,9.75,697,33981.0,77.1,0.0,0.0,1.0,1,1,0,0,0,0,0,0.3576947370505262,21.698515980821917
10.07744086,2.37,782,1483.0,5.3,2.0,0.0,0.0,0,0,0,0,0,1,0,0.062310924348535184,11.588926939726026
10.77895629,9.2,762,5060.0,19.5,0.0,0.0,0.0,0,0,0,0,0,0,0,0.10541666665507378,6.328652967123288
11.27720313,10.68,707,6495.0,42.7,1.0,1.0,0.0,0,0,0,0,0,0,0,0.08221518999256056,12.235616438356164
10.6454249,0.43,817,84.0,0.5,0.0,0.0,0.0,0,0,0,0,1,0,0,0.0019999999945310106,13.643721460273971
11.05089001,16.9,732,5848.0,44.6,1.0,0.0,0.0,0,0,0,0,0,0,0,0.0928253963959559,6.986301369863014
10.81977828,2.5,772,5108.0,33.6,0.0,0.0,0.0,0,0,1,0,0,0,0,0.10216000045055457,8.630022830136987
10.91501573,12.15,752,2498.0,24.7,1.0,0.0,0.0,0,0,1,0,0,0,0,0.045421485394105315,12.246575342465754
10.77895629,7.35,742,16055.0,50.5,0.0,0.0,0.0,0,0,1,0,0,0,0,0.3344791666298833,11.506735158904108
11.00209984,11.62,697,13957.0,46.1,0.0,0.0,0.0,0,0,1,0,0,0,0,0.23261666694679253,5.917808219178082
11.15625052,7.83,662,18503.0,86.5,0.0,0.0,0.0,0,0,1,0,0,0,0,0.2643285717012252,17.342351597260272
11.51292546,21.05,762,5380.0,12.4,2.0,0.0,0.0,0,0,0,0,0,0,0,0.05380000026739829,19.15068493150685
10.37349118,14.93,757,13271.0,16.2,1.0,0.0,0.0,0,0,0,0,1,0,0,0.41471875073897213,26.54783104931507
10.73639668,12.83,702,7882.0,29.0,0.0,0.0,0.0,0,0,1,0,0,0,0,0.17134782531096193,4.6848173506849315
10.59663473,15.03,742,21414.0,46.0,0.0,0.0,0.0,0,0,1,0,0,0,0,0.5353500016574829,10.602625569863013
10.4341158,21.18,672,4601.0,32.0,2.0,0.0,0.0,1,0,1,0,0,0,0,0.13532352989869906,11.588926939726026
12.08168787,11.47,707,113283.0,81.2,2.0,0.0,0.0,0,0,1,0,0,0,0,0.6414375315612457,10.35605022739726
11.00209984,19.4,762,13659.0,22.0,0.0,0.0,0.0,0,1,0,0,0,0,0,0.2276500002741448,32.87671232876713
11.05089001,14.86,697,10013.0,38.7,3.0,0.0,0.0,0,0,1,0,0,0,0,0.1589365072012152,10.273972602739725
11.22524339,6.75,702,19894.0,78.6,0.0,0.0,1.0,0,0,1,0,0,0,0,0.2652533340013601,13.972602739726028
11.12732181,19.76,707,24802.0,86.4,3.0,0.0,0.0,1,0,0,1,0,0,0,0.36471383888801967,10.931506849315069
10.49127422,9.37,692,2481.0,50.6,1.0,2.0,0.0,0,0,0,0,0,1,0,0.06891666649011924,7.5889269397260275
11.66767025,15.53,712,26438.0,48.7,1.0,0.0,0.0,1,0,0,0,0,0,0,0.22647683752734377,7.643721460273973
11.35040654,3.92,762,17390.0,86.1,1.0,0.0,0.0,0,0,0,0,0,0,0,0.20458823436783494,5.1945205479452055
11.26446411,5.23,742,16578.0,44.8,0.0,0.0,0.0,0,0,0,0,0,1,0,0.21253846061853734,9.863013698630137
11.1844214,3.3,707,16860.0,99.2,3.0,0.0,0.0,0,0,0,0,1,0,0,0.23416666619791013,13.643721460273971
10.23981692,16.33,727,18496.0,42.6,1.0,0.0,0.0,1,0,1,0,0,0,0,0.6606658105967712,9.915068493150685
10.34161344,8.32,667,6082.0,96.5,1.0,2.0,0.0,0,0,1,0,0,0,0,0.1962188675164383,7.564269405479452
11.58988651,15.73,682,36015.0,88.5,1.0,0.0,0.0,1,0,1,0,0,0,0,0.3334722209238005,9.780821917808218
10.63344871,13.76,697,8422.0,81.8,0.0,0.0,0.0,1,1,0,0,0,0,0,0.20293975826878674,10.438242008219179
10.81977828,9.96,682,3958.0,39.6,3.0,0.0,0.0,0,0,1,0,0,0,0,0.07916000034911805,14.465639268493149
10.66895539,16.02,752,5410.0,34.9,3.0,0.0,0.0,0,0,0,0,1,0,0,0.12581395407664023,10.35605022739726
10.77895629,20.51,692,12189.0,69.3,0.0,0.0,0.0,0,0,0,0,0,0,0,0.253937499972074,12.904109589041095
9.852194258,4.93,787,2331.0,7.7,2.0,0.0,0.0,0,0,0,0,0,0,0,0.12268421054454381,11.495776254794519
10.79957558,19.64,737,21140.0,79.8,3.0,0.0,0.0,0,1,0,0,0,0,0,0.43142857017430625,11.26027397260274
11.08521475,17.21,702,16389.0,58.1,0.0,0.0,0.0,0,0,0,0,0,0,0,0.2513650301506862,15.780821917808218
11.69524702,12.44,742,43488.0,68.3,3.0,0.0,0.0,0,0,1,0,0,0,0,0.3624000006393399,17.468378994520545
11.15625052,5.26,742,993.0,24.8,0.0,0.0,0.0,0,0,0,0,0,0,0,0.01418571430034679,7.808219178082192
9.61580548,4.0,692,0.0,0.0,2.0,1.0,0.0,0,0,0,1,0,0,0,0.0,4.027397260273973
10.49127422,7.0,692,6655.0,74.8,1.0,0.0,0.0,0,0,0,0,0,0,0,0.18486111063754274,15.863013698630137
11.27720313,12.58,682,4047.0,30.7,2.0,0.0,0.0,0,0,0,0,0,0,1,0.05122784817550309,9.021917808219179
10.51867319,13.43,752,6938.0,24.1,2.0,0.0,0.0,0,0,1,0,0,0,0,0.18751351381847836,15.863013698630137
9.862665558,8.56,677,1089.0,90.7,0.0,1.0,0.0,0,0,1,0,0,0,0,0.056718750000900306,5.260273972602739
10.75790288,14.76,692,11798.0,88.7,1.0,0.0,0.0,1,0,1,0,0,0,0,0.25102127676950065,5.506735158904109
9.798127037,21.47,707,865.0,86.5,0.0,0.0,0.0,0,0,0,0,0,0,0,0.04805555554970726,3.5341324191780825
10.50506754,18.58,682,8559.0,41.0,1.0,0.0,0.0,0,0,0,0,0,0,0,0.23449315058423598,3.041095890410959
10.30895266,2.24,747,2298.0,18.5,3.0,0.0,0.0,0,0,1,0,0,0,0,0.07660000004935286,4.6848173506849315
10.34884622,5.69,712,6955.0,63.8,1.0,0.0,0.0,0,0,1,0,0,0,0,0.22276672848236803,6.742351597260274
11.58988651,15.77,717,33900.0,56.4,1.0,0.0,0.0,0,1,0,0,0,0,0,0.3138888876667177,33.205479452054796
11.00791623,4.24,742,14188.0,27.3,2.0,0.0,0.0,0,1,0,0,0,0,0,0.23509527673084216,5.917808219178082
11.22524339,18.13,667,39236.0,63.4,1.0,0.0,0.0,0,0,0,0,0,0,0,0.5231466679841844,5.027397260273973
10.46310334,18.62,702,8677.0,57.8,2.0,0.0,0.0,0,0,0,1,0,0,0,0.24791428583118985,14.219178082191782
10.6454249,15.6,677,9090.0,58.3,0.0,0.0,0.0,0,0,1,0,0,0,0,0.21642857083674863,5.517694063013699
10.46310334,19.78,682,4726.0,73.8,1.0,0.0,0.0,0,1,0,0,0,0,0,0.13502857149224423,6.821917808219178
10.67442876,13.27,707,3423.0,15.2,0.0,0.0,0.0,0,0,0,0,0,0,0,0.07917013604022226,14.876712328767123
10.49127422,21.6,732,4508.0,18.6,0.0,0.0,0.0,0,1,0,0,0,0,0,0.1252222219014339,9.04931506849315
10.37349118,16.95,737,3760.0,20.5,0.0,0.0,0.0,0,0,1,0,0,0,0,0.11750000020936895,6.339611871232877
12.40901349,15.67,672,145711.0,96.2,0.0,1.0,0.0,0,1,0,0,0,0,0,0.594738775228812,16.698515980821917
11.15625052,17.5,697,5040.0,67.2,0.0,0.0,0.0,0,0,1,0,0,0,0,0.07200000007426768,9.205479452054794
10.29214554,21.4,697,11339.0,78.7,0.0,0.0,0.0,0,0,0,0,0,0,0,0.3843728822507182,11.26027397260274
10.7342204,20.94,727,4902.0,47.1,0.0,0.0,0.0,0,0,1,0,0,0,0,0.10679738519891976,8.794520547945206
11.40978471,10.28,697,11573.0,61.9,1.0,0.0,0.0,0,1,0,0,0,0,0,0.1283037688946222,14.219178082191782
10.82778673,11.45,692,21085.0,36.8,0.0,0.0,0.0,0,1,0,0,0,0,0,0.4183363253749012,15.213698630136987
10.54691914,10.97,682,7527.0,56.6,0.0,0.0,0.0,0,0,0,0,0,0,0,0.19776668435099864,12.082191780821917
8.853665428,13.54,677,2252.0,86.6,1.0,0.0,0.0,0,0,0,0,0,0,0,0.32171428572633426,22.18904109589041
10.76130135,19.52,727,15085.0,70.5,2.0,0.0,0.0,0,1,0,0,0,0,0,0.31986853414259897,9.780821917808218
10.81977828,13.9,677,3676.0,70.5,0.0,0.0,0.0,1,0,1,0,0,0,0,0.07352000032424405,14.95890410958904
10.37349118,18.0,737,18340.0,67.9,1.0,0.0,0.0,0,0,1,0,0,0,0,0.5731250010212304,17.76426940547945
10.59653473,13.68,767,11012.0,30.5,0.0,0.0,0.0,0,0,1,0,0,0,0,0.2753275322289801,16.027397260273972
11.28978191,13.38,677,9356.0,50.0,2.0,0.0,1.0,0,0,1,0,0,0,0,0.11695000042757134,10.942465753424658
10.12647109,23.62,712,9912.0,99.1,0.0,0.0,0.0,0,0,1,0,0,0,0,0.39654344736747504,7.890410958904109
10.6454249,13.19,677,10417.0,91.4,0.0,1.0,0.0,0,0,0,0,0,0,0,0.24802380884558972,10.027397260273972
11.27654469,0.3,752,209.0,1.2,4.0,0.0,0.0,0,0,0,0,0,0,0,0.002647312146560593,11.92054794520548
11.04292184,9.23,682,4856.0,44.6,0.0,0.0,0.0,0,0,0,0,0,0,0,0.0776959996678102,11.671118720547945
11.56171563,7.23,767,3700.0,51.4,2.0,0.0,0.0,0,0,1,0,0,0,0,0.03523809520777851,14.794520547945206
12.15477935,24.04,722,121159.0,74.3,0.0,0.0,0.0,0,1,0,0,0,0,0,0.6376789480970477,26.55605022739726
10.46310334,23.66,722,14480.0,56.7,0.0,0.0,0.0,0,1,0,0,0,0,0,0.413714285909373,9.780821917808218
10.81977828,16.54,747,7689.0,43.0,0.0,0.0,0.0,0,1,0,0,0,0,0,0.1537800006782134,10.684817350684932
10.95080655,19.03,692,31861.0,76.0,1.0,0.0,0.0,0,1,0,0,0,0,0,0.558964910501342,10.027397260273972
10.16585182,5.72,707,3045.0,47.6,0.0,0.0,0.0,0,0,1,0,0,0,0,0.11711538426446227,8.876712328767123
10.66895539,24.78,752,6057.0,11.6,1.0,0.0,0.0,0,0,0,0,0,0,0,0.14086046577490016,8.317922375342466
10.57131693,4.65,692,903.0,19.6,1.0,0.0,0.0,0,0,0,0,1,0,0,0.023153846040665137,11.178082191780822
10.22194128,23.26,682,15225.0,55.0,0.0,1.0,0.0,0,0,1,0,0,0,0,0.5536363656597181,18.788926939726025
10.91501573,12.76,742,10041.0,47.8,2.0,0.0,0.0,0,1,0,0,0,0,0,0.18257691546926,8.876712328767123
10.96812932,8.61,732,19397.0,38.3,1.0,0.0,0.0,0,0,0,0,0,0,0,0.33445410082897015,16.027397260273972
10.858999,19.68,687,22918.0,90.9,1.0,0.0,0.0,0,0,1,0,0,0,0,0.44073076815695683,9.076712328767123
11.35035948,10.02,742,14125.0,40.2,1.0,0.0,0.0,0,0,1,0,0,0,0,0.16618429028454784,13.068493150684931
11.40756495,4.88,737,13253.0,20.2,1.0,0.0,0.0,0,0,0,0,0,0,0,0.14725555545430305,24.493036528767124
12.01370075,16.83,712,144165.0,64.9,0.0,0.0,0.0,0,1,0,0,0,0,0,0.8737272752459818,19.72591324109589
11.22524339,18.3,712,48538.0,53.0,1.0,0.0,0.0,0,1,0,0,0,0,0,0.6471733349632058,12.917808219178083
10.61888534,20.39,702,5082.0,31.6,0.0,0.0,0.0,0,0,0,0,0,0,1,0.12425427898095348,11.342351597260272
10.59663473,17.7,757,26120.0,32.7,1.0,0.0,0.0,0,0,1,0,0,0,0,0.653000002021736,16.931506849315067
10.46310334,21.79,707,16022.0,97.7,0.0,0.0,0.0,0,0,0,0,0,0,0,0.457771428787291,7.972602739726027
10.76231865,3.05,677,4339.0,51.5,3.0,0.0,0.0,0,0,1,0,0,0,0,0.09191238761480823,6.821917808219178
11.08214255,4.91,742,9562.0,70.4,2.0,0.0,0.0,0,0,0,0,1,0,0,0.1471076921426042,10.934246575342465
10.21464198,12.84,712,11534.0,66.7,1.0,0.0,0.0,0,0,1,0,0,0,0,0.422490842986446,21.534132419178082
9.798127037,24.2,687,15813.0,79.1,0.0,0.0,0.0,0,0,1,0,0,0,0,0.8784999998930877,7.890410958904109
11.81303006,7.7,787,4200.0,5.8,1.0,0.0,0.0,0,0,1,0,0,0,0,0.031111111030862042,15.451940638356163
11.06663836,8.91,697,6908.0,94.6,0.0,0.0,0.0,0,0,1,0,0,0,0,0.10793750025276892,5.013698630136986
11.00209984,6.24,742,12419.0,34.8,0.0,0.0,0.0,0,0,1,0,0,0,0,0.20698333358259055,10.931506849315069
11.08214255,12.02,742,15757.0,64.6,0.0,0.0,0.0,0,0,1,0,0,0,0,0.2424153843433397,8.876712328767123
9.61580548,15.6,757,11602.0,37.9,2.0,0.0,0.0,0,0,1,0,0,0,0,0.7734666667319059,18.82191780821918
11.56171563,3.69,757,1470.0,14.7,0.0,0.0,0.0,0,0,1,0,0,0,0,0.013999999987955244,4.602625569863013
11.22524339,4.83,792,2563.0,9.1,0.0,0.0,0.0,0,0,0,0,0,1,0,0.0341733334193971,8.46563926849315
11.51292546,17.09,712,17176.0,46.4,2.0,0.0,0.0,0,0,0,0,1,0,0,0.17176000085368645,20.712214610958902
11.35223181,15.15,697,32954.0,90.0,0.0,0.0,0.0,0,1,0,0,0,0,0,0.38698711488299553,15.205479452054794
11.26446411,6.26,702,1783.0,59.4,2.0,0.0,0.0,0,0,1,0,0,0,0,0.02285897426003451,14.383447487671232
11.02640213,1.78,792,4600.0,18.4,0.0,0.0,0.0,0,0,1,0,0,0,0,0.07482594861645415,19.315068493150687
12.07254125,12.73,747,29658.0,42.2,1.0,0.0,0.0,0,1,0,0,0,0,0,0.16947428620671878,22.520433789041096
10.40438405,2.29,737,2870.0,11.4,0.0,0.0,0.0,0,0,0,0,0,0,0,0.08695915605058624,9.780821917808218
11.46163217,17.38,727,35712.0,51.9,3.0,0.0,0.0,0,0,0,0,0,0,1,0.3759157896927221,12.904109589041095
11.15625052,15.1,797,9109.0,73.2,1.0,0.0,0.0,0,0,0,0,1,0,0,0.1301285715627985,24.739611871232878
10.72161404,3.52,682,2391.0,30.7,1.0,0.0,0.0,1,0,0,0,0,0,0,0.05275234395002131,11.753310501369862
10.81977828,11.98,677,2523.0,40.0,0.0,0.0,0.0,0,0,0,1,0,0,0,0.05046000022254291,5.342351597260274
10.34817337,3.08,797,1147.0,8.8,1.0,0.0,0.0,0,0,0,0,1,0,0,0.03676282065243005,16.68481735068493
10.858999,2.58,767,4139.0,15.6,0.0,0.0,0.0,0,0,1,0,0,0,0,0.07959615365222289,9.369748857534246
11.08220409,13.09,682,10134.0,38.5,1.0,0.0,0.0,0,0,0,0,0,0,0,0.15589809786857345,10.849315068493151
11.19821472,6.87,767,11140.0,13.0,0.0,0.0,0.0,0,0,0,0,0,1,0,0.15260273974594646,9.6163242
11.1123882,20.11,727,26359.0,67.6,1.0,0.0,0.0,0,0,1,0,0,0,0,0.39344139755802876,8.054794520547945
11.22524339,16.32,662,12944.0,65.0,3.0,0.0,0.0,0,0,1,0,0,0,0,0.17258666710131723,10.76700913150685
10.96812932,8.07,737,3333.0,20.1,1.0,0.0,0.0,0,0,0,0,0,0,0,0.05746948074769075,7.890410958904109
10.59663473,6.87,737,8914.0,74.9,1.0,0.0,0.0,0,0,0,0,0,1,0,0.22285000068995997,8.630022830136987
11.05405958,11.94,687,1725.0,33.8,1.0,2.0,0.0,0,0,0,0,0,1,0,0.027294303801151675,9.287671232876713
10.16585182,17.54,677,4034.0,67.2,0.0,0.0,0.0,0,1,0,0,0,0,0,0.15515384568894608,7.457420090410959
11.33857208,20.03,707,27584.0,54.8,1.0,0.0,0.0,0,1,0,0,0,0,0,0.32838095166687165,25.643721460273973
9.392661929,14.0,682,4352.0,62.2,1.0,0.0,0.0,1,0,0,0,0,0,0,0.3626666665833029,3.780821917808219
11.00209984,15.9,747,15018.0,42.9,2.0,0.0,0.0,0,0,0,0,0,0,1,0.2503000003014208,15.619063926027396
10.69203582,15.3,752,7204.0,31.3,0.0,0.0,0.0,0,0,0,0,0,0,0,0.16371238943229235,8.547831049315068
11.00209984,21.36,677,10872.0,86.3,0.0,0.0,0.0,0,0,1,0,0,0,0,0.18120000021820795,5.920547945205479
11.26446411,20.52,722,21881.0,21.8,2.0,0.0,0.0,0,0,1,0,0,0,0,0.28052563981144985,9.04109589041096
11.26446411,23.72,682,28843.0,84.8,1.0,0.0,0.0,0,0,1,0,0,0,0,0.3697820496815341,12.739611871232876
11.1844214,24.73,692,22457.0,81.7,0.0,0.0,0.0,0,0,1,0,0,0,0,0.31190277715340853,14.136986301369863
11.06975849,1.27,762,4347.0,7.4,0.0,0.0,0.0,0,0,0,0,0,0,0,0.06771028035203264,5.178082191780822
11.51292546,12.65,702,6939.0,31.4,3.0,0.0,0.0,0,0,0,0,0,0,1,0.06939000034488416,11.26027397260274
10.46321762,2.3,692,1390.0,27.8,1.0,0.0,0.0,0,0,1,0,0,0,0,0.03970974744376223,9.698515980821918
10.46310334,7.58,707,4336.0,12.5,1.0,0.0,0.0,0,0,0,0,0,1,0,0.12388571434413267,22.931506849315067
11.22524339,5.66,737,25818.0,53.5,0.0,0.0,0.0,0,0,0,0,0,0,0,0.3442400008669506,16.64646118630137
10.6454249,13.49,712,11817.0,15.7,0.0,0.0,0.0,0,0,0,1,0,0,0,0.28135714208777324,14.712214610958902
10.20359214,9.51,692,47.0,0.5,3.0,1.0,0.0,0,1,0,0,0,0,0,0.0017407407494208862,4.438242008219178
10.6454249,24.75,697,11900.0,62.6,0.0,0.0,0.0,0,0,1,0,0,0,0,0.2833333325585598,8.547831049315068
10.8704714,13.19,662,24666.0,99.1,0.0,0.0,0.0,0,0,0,0,0,0,0,0.46893536061921337,8.301369863013699
10.91508846,19.85,702,12207.0,70.6,1.0,0.0,0.0,0,0,1,0,0,0,0,0.2219454554808677,8.301369863013699
10.71441777,23.95,762,0.0,0.0,0.0,0.0,0.0,0,0,0,0,0,0,0,0.0,11.506735158904108
10.46310334,8.09,677,6194.0,53.4,0.0,0.0,0.0,0,0,1,0,0,0,0,0.17697142865487955,10.191780821917808
10.59653473,4.71,772,229.0,2.6,0.0,0.0,0.0,0,0,0,1,0,0,0,0.005725572546352746,5.835616438356165
10.9560559,16.27,732,21528.0,64.3,1.0,0.0,0.0,0,0,0,0,0,1,0,0.37570680729819417,10.849315068493151
10.858999,15.48,682,8718.0,45.6,0.0,0.0,0.0,0,0,1,0,0,0,0,0.16765384574536824,10.76700913150685
11.03488966,9.54,732,2970.0,6.0,0.0,0.0,0.0,0,0,1,0,0,0,0,0.04790322599936889,6.904109589041096
10.19054443,21.12,682,17080.0,44.1,0.0,2.0,0.0,0,1,0,0,0,0,0,0.6409005625915711,16.356050227397258
10.94022444,9.68,737,7341.0,68.6,0.0,0.0,0.0,0,0,0,0,0,0,0,0.13015957414088353,10.35605022739726
11.15625052,10.83,712,9237.0,41.4,1.0,0.0,0.0,0,1,0,0,0,0,0,0.1319571429932561,6.739611871232877
10.65725935,13.16,662,1542.0,90.7,1.0,0.0,0.0,1,0,0,0,0,0,0,0.036282353119413815,11.835616438356164
11.1844214,12.59,662,8018.0,29.8,1.0,0.0,0.0,0,1,0,0,0,0,0,0.11136111088818762,5.835616438356165
11.09741002,13.98,752,17312.0,68.4,2.0,0.0,0.0,0,0,0,0,1,0,0,0.26230303056757936,19.89041095890411
11.5228758,14.48,767,21076.0,48.1,1.0,0.0,0.0,0,0,0,0,0,0,1,0.20867326645518727,14.794520547945206
10.71441777,7.95,697,18367.0,79.9,1.0,0.0,0.0,0,0,1,0,0,0,0,0.4081555550463636,22.273972602739725
11.40756495,16.27,707,34730.0,52.6,0.0,0.0,0.0,0,0,1,0,0,0,0,0.38588888862355275,7.7286529671232875
11.00209984,13.72,717,6577.0,15.8,2.0,0.0,0.0,0,0,0,0,0,0,0,0.10961666679867124,25.89041095890411
11.16336799,22.21,757,9551.0,29.2,0.0,0.0,0.0,1,0,0,0,0,0,1,0.1354751771424432,10.10958904109589
11.60823564,20.04,682,48306.0,86.8,0.0,0.0,0.0,1,0,1,0,0,0,0,0.43914545664217786,11.178082191780822
11.49679608,12.45,732,33186.0,57.8,3.0,0.0,0.0,0,1,0,0,0,0,0,0.3372560985863507,13.397374430136987
9.862665558,12.06,687,2365.0,60.6,0.0,0.0,0.0,0,0,1,0,0,0,0,0.12317708333528854,6.0
10.6454249,14.86,762,10687.0,30.9,0.0,0.0,0.0,0,0,1,0,0,0,0,0.25445238025658223,10.931506849315069
11.71177632,14.5,737,31607.0,81.0,3.0,0.0,0.0,0,0,1,0,0,0,0,0.2590737714543642,16.027397260273972
11.98292909,19.72,727,6563.0,17.9,1.0,0.0,0.0,0,0,0,0,0,0,1,0.04101875017293354,16.273972602739725
10.858999,10.89,762,8447.0,50.9,0.0,0.0,0.0,0,1,0,0,0,0,0,0.16244230729652737,13.169863013698631
10.9331784,17.96,777,13368.0,34.7,2.0,0.0,0.0,0,1,0,0,0,0,0,0.23869723489434921,15.53413241917808
11.82038075,5.87,772,5068.0,16.6,3.0,0.0,0.0,0,0,0,0,0,0,0,0.03726580202929621,11.178082191780822
10.6214249,11.5,712,2045.0,14.4,3.0,0.0,0.0,0,0,0,0,0,0,0,0.049873183199010684,5.835616438356165
11.56171563,9.71,717,31280.0,51.2,1.0,0.0,0.0,0,0,0,0,0,0,0,0.2979047616484626,23.13972602739726
10.69666105,5.67,772,6616.0,24.4,1.0,0.0,0.0,0,1,0,0,0,0,0,0.14965617040426438,15.369748857534246
11.40756495,18.03,812,32422.0,95.6,1.0,0.0,0.0,0,0,1,0,0,0,0,0.36024444419674134,10.76700913150685
10.65282601,12.11,782,39.0,0.3,0.0,0.0,0.0,0,0,0,0,0,0,0,0.0009217243360532902,6.2465753424657535
11.71180911,2.85,792,16.0,0.0,3.0,0.0,0.0,0,0,0,0,0,1,0,0.00013114324121348946,15.451940638356163
11.88448902,1.62,712,25063.0,53.3,0.0,0.0,0.0,0,0,1,0,0,0,0,0.1728482761045252,11.178082191780822
10.58405595,10.27,797,2629.0,8.8,2.0,0.0,0.0,0,0,0,0,0,1,0,0.0665569620844998,15.04109589041096
12.14421852,8.55,722,26702.0,75.0,0.0,0.0,0.0,0,0,0,0,0,0,0,0.1420288927439951,13.643721460273971
11.51292546,15.67,692,32268.0,73.0,3.0,0.0,0.0,0,0,0,0,1,0,0,0.32268000160379334,12.0
10.34817337,22.12,702,14537.0,77.3,0.0,0.0,0.0,0,0,1,0,0,0,0,0.46592948894888897,6.2465753424657535
10.858999,8.88,747,9184.0,50.5,0.0,0.0,0.0,0,0,1,0,0,0,0,0.1766153841850725,30.493036520547943
9.99149843,8.74,677,6467.0,82.9,3.0,0.0,0.0,0,0,0,0,0,0,0,0.2961080585662604,3.4519406383561644
10.51867319,18.26,667,3150.0,54.3,0.0,0.0,0.0,0,0,0,0,0,1,0,0.08513513527359567,3.863013698630137
11.66134547,1.29,767,4110.0,34.5,0.0,0.0,0.0,0,0,1,0,0,0,0,0.035431034485894304,16.356164383561644
11.35040654,16.63,707,25299.0,58.2,2.0,0.0,0.0,0,0,1,0,0,0,0,0.2976352927700895,12.410844747945204
10.77895629,2.38,797,4650.0,14.1,0.0,0.0,0.0,0,0,1,0,0,0,0,0.09687499998934646,14.794520547945206
10.81985828,21.48,737,32556.0,82.0,0.0,0.0,0.0,0,1,0,0,0,0,0,0.6510679153549223,10.849315068493151
11.73606902,11.11,687,19058.0,41.8,0.0,0.0,0.0,0,0,0,0,0,0,0,0.15246399943351052,14.219178082191782
11.40756495,14.55,737,24839.0,81.2,0.0,0.0,0.0,0,1,0,0,0,0,0,0.2759888886991197,16.76700913150685
11.1844214,14.28,682,8180.0,88.1,1.0,0.0,0.0,0,1,0,0,0,0,0,0.11361111088368356,12.986301369863014
10.81985828,22.51,667,32470.0,87.5,3.0,0.0,0.0,0,0,1,0,0,0,0,0.6493480529418333,10.627283104109589
11.73606902,13.16,772,78059.0,28.3,0.0,0.0,0.0,0,1,0,0,0,0,0,0.6244719976797354,20.054794520547944
10.34817337,13.04,727,16566.0,43.0,0.0,0.0,0.0,0,1,0,0,0,0,0,0.5309615404779042,17.42454337808219
9.998797732,6.71,697,2196.0,99.8,0.0,0.0,0.0,1,0,0,0,0,0,0,0.09981818185216522,10.76700913150685
10.76848499,17.81,752,7125.0,34.4,1.0,0.0,0.0,0,0,1,0,0,0,0,0.15000000000341,13.068493150684931
10.27518903,20.31,702,5830.0,36.9,0.0,0.0,0.0,0,0,1,0,0,0,0,0.20100675778738616,8.082191780821917
11.73606902,14.19,687,31076.0,79.7,0.0,0.0,0.0,0,0,1,0,0,0,0,0.2486079990762815,27.205479452054796
11.18266986,11.37,747,26967.0,63.0,0.0,0.0,0.0,0,0,1,0,0,0,0,0.3751982654887684,20.21917808219178
10.59663473,10.32,727,3376.0,49.3,0.0,2.0,0.0,0,0,0,0,0,0,0,0.0844000002613086,10.438242008219179
11.46163217,0.25,697,521.0,57.9,0.0,1.0,0.0,1,0,1,0,0,0,0,0.005484210529511319,9.04109589041096
10.77895629,16.15,667,1587.0,41.8,2.0,0.0,0.0,0,0,1,0,0,0,0,0.03306249999636405,7.315068493150685
11.08214255,11.11,722,4351.0,76.3,0.0,0.0,0.0,0,0,0,0,0,0,0,0.06693846146334144,12.0
10.22194128,21.6,667,2960.0,82.2,0.0,0.0,1.0,0,0,1,0,0,0,0,0.1076363640297383,15.205479452054794
10.65725935,24.04,747,665.0,10.6,3.0,0.0,0.0,0,0,0,0,0,0,1,0.01564705890039571,11.26027397260274
12.10071213,4.31,787,205.0,0.6,3.0,0.0,0.0,0,0,0,0,0,1,0,0.0011388888887435072,23.91780821917808
11.51292546,11.27,747,23270.0,41.0,1.0,0.0,0.0,0,0,0,0,0,1,0,0.23270000115657216,12.739611871232876
10.59913161,23.64,672,17512.0,90.3,0.0,0.0,0.0,0,0,1,0,0,0,0,0.436708230865239,9.369748857534246
11.28978191,0.13,802,9.0,0.1,0.0,0.0,0.0,0,0,0,0,1,0,0,0.00011250000041130205,19.457534246575342
11.41861479,0.01,782,6321.0,12.3,4.0,0.0,0.0,1,0,0,0,0,0,0,0.06946153814889121,7.643721460273973
8.987196821,15.15,752,2146.0,20.2,0.0,0.0,0.0,0,0,0,0,0,0,0,0.26824999990932435,6.0
11.26968124,18.26,717,32207.0,61.7,3.0,0.0,0.0,0,0,1,0,0,0,0,0.41076165777435886,20.054794520547944
10.37349118,3.6,777,0.0,0.04,0.0,0.0,0.0,0,0,0,0,1,0,0,0.0,4.931506849315069
12.13598274,12.5,702,21048.0,58.1,0.0,0.0,0.0,1,0,0,0,0,0,1,0.1128809091569833,17.835616438356166
10.34817337,10.08,677,6007.0,34.1,0.0,1.0,0.0,0,0,0,0,1,0,0,0.19253205201320603,13.315068493150685
10.83036208,14.75,687,0.0,0.0,0.0,1.0,0.0,0,0,0,0,0,0,0,0.0,10.684817350684932
11.35035948,9.05,717,5760.0,22.5,0.0,0.0,0.0,1,0,1,0,0,0,0,0.067767894657628,4.8493150684931505
10.59350484,4.6,667,11086.0,79.2,0.0,0.0,0.0,0,1,0,0,0,0,0,0.27801880880165775,4.6848173506849315
11.28603741,17.09,697,26379.0,79.9,0.0,0.0,0.0,0,0,1,0,0,0,0,0.33097451783780074,12.832876712328767
9.903687533,11.04,707,6361.0,34.7,0.0,0.0,0.0,0,0,1,0,0,0,0,0.31798640257279914,4.76700913150685
11.21182037,8.29,707,4358.0,46.4,2.0,0.0,0.0,0,0,0,0,1,0,0,0.05889189202064764,24.575228309589043
11.23056255,12.86,757,5583.0,12.5,1.0,0.0,0.0,0,0,0,0,0,0,0,0.07404509313408397,16.520433789041096
12.4292162,6.89,762,18068.0,42.7,1.0,0.0,0.0,0,0,0,0,1,0,0,0.07227199977193723,15.698515980821917
11.72803684,1.61,772,2757.0,0.0,4.0,0.0,0.0,1,0,0,0,0,0,0,0.022233871069732576,9.451940638356165
11.00209984,22.48,742,7056.0,27.9,4.0,0.0,0.0,0,0,1,0,0,0,0,0.11760000014161841,14.219178082191782
10.30895266,14.48,762,135.0,1.8,0.0,0.0,0.0,0,0,0,1,0,0,0,0.004500000002899319,8.054794520547945
11.08214255,23.39,712,14425.0,41.9,1.0,0.0,0.0,0,0,0,0,0,0,0,0.22192307667402902,8.054794520547945
12.10071213,4.33,742,1341.0,12.1,3.0,0.0,0.0,1,0,1,0,0,0,0,0.00744999999904899,11.671118720547945
11.03488966,22.06,672,24971.0,61.4,1.0,0.0,0.0,0,0,1,0,0,0,0,0.4027580661381281,12.739611871232876
11.1844214,9.87,732,23255.0,45.1,3.0,0.0,0.0,0,0,1,0,0,0,0,0.32298611046455517,11.013698630136986
10.81977828,13.87,727,15684.0,42.4,2.0,0.0,0.0,0,1,0,0,0,0,0,0.3136800013834178,10.520433789041096
12.68354829,15.58,672,17057.0,82.4,1.0,0.0,0.0,0,0,1,0,0,0,0,0.052906327523034806,27.945205479452056
10.59663473,0.57,687,899.0,13.2,1.0,0.0,0.0,1,0,1,0,0,0,0,0.022475000069584253,5.095890410958904
10.81977828,22.66,682,16643.0,63.8,3.0,0.0,0.0,0,0,1,0,0,0,0,0.332860001468007,6.4930365287671234
11.03488966,13.28,747,7107.0,20.0,2.0,0.0,0.0,0,0,1,0,0,0,0,0.11462903271970191,15.205479452054794
10.6214249,5.24,712,10117.0,36.3,2.0,0.0,0.0,0,0,0,0,1,0,0,0.2467320266133942,5.2027397260273975
11.28978191,11.13,752,7268.0,24.9,1.0,0.0,0.0,1,0,1,0,0,0,0,0.09085000033214927,9.863013698630137
11.11016619,10.3,662,15735.0,87.8,1.0,1.0,0.0,0,0,1,0,0,0,0,0.2353872189872462,8.383447487671233
11.1124479,14.61,677,1478.0,73.9,1.0,0.0,0.0,0,0,1,0,0,0,0,0.022059701456648467,13.479337898630137
11.35040654,12.51,667,12337.0,96.4,0.0,0.0,0.0,0,0,1,0,0,0,0,0.14514117581345484,7.068493150684931
10.30895266,2.84,762,3257.0,15.1,1.0,0.0,0.0,0,0,0,0,1,0,0,0.10856666673661543,12.0
11.22524339,21.81,717,12443.0,42.6,3.0,0.0,1.0,0,1,0,0,0,0,0,0.165906667084494,18.49303652876712
11.51292546,22.55,677,25920.0,36.8,0.0,2.0,0.0,0,0,1,0,0,0,0,0.25920000128828324,15.6163242
9.903687533,3.6,722,3475.0,21.6,2.0,0.0,0.0,0,0,0,1,0,0,0,0.1737152568684919,4.191780821917808
12.0552265,10.49,677,2079.0,36.5,2.0,0.0,0.0,0,0,0,0,0,1,0,0.012087490403262973,9.216438356164383
11.56171563,24.89,707,63861.0,65.1,0.0,0.0,0.0,1,0,1,0,0,0,0,0.6081999994767414,15.945205479452055
10.71441777,0.32,712,589.0,3.8,0.0,0.0,0.0,0,0,0,0,0,0,1,0.013088888872559925,7.479337898630137
11.73606902,8.85,757,22949.0,46.7,0.0,0.0,0.0,0,0,1,0,0,0,0,0.1835919993178525,15.698515980821917
11.60823564,7.3,807,1.0,0.1,0.0,0.0,0.0,0,0,0,0,0,0,0,9.090909134314119e-06,13.643721460273971
11.35040654,24.27,737,43878.0,66.6,3.0,0.0,0.0,1,1,0,0,0,0,0,0.5162117623687097,15.36986301369863
11.22524339,24.77,677,16958.0,92.2,0.0,0.0,0.0,0,0,1,0,0,0,0,0.2261066672361046,16.931506849315067
11.27456675,8.04,672,7841.0,94.5,1.0,0.0,0.0,0,0,1,0,0,0,0,0.09951517899200718,5.013698630136986
11.08214255,12.24,742,8782.0,38.3,4.0,0.0,0.0,1,0,0,0,0,0,0,0.1351076921560709,30.660159808219177
10.89851552,24.38,712,10378.0,49.2,1.0,0.0,0.0,0,1,0,0,0,0,0,0.19184412990511107,10.602625569863013
10.4341158,15.6,772,866.0,2.4,1.0,0.0,0.0,0,0,1,0,0,0,0,0.025470588326944876,15.451940638356163
11.22524339,23.64,737,39304.0,33.9,0.0,0.0,0.0,0,1,0,0,0,0,0,0.5240533346531345,18.904109589041095
10.81977828,23.52,747,24123.0,58.1,1.0,0.0,0.0,0,0,1,0,0,0,0,0.48246000212778545,32.71221460273973
9.852194258,23.05,682,4483.0,83.0,1.0,0.0,0.0,0,0,0,0,0,0,0,0.23594736845610892,4.3561643835616435
11.15247196,0.0,697,0.0,0.0,0.0,1.0,0.0,0,0,0,0,0,0,1,0.0,22.931506849315067
8.29404964,6.0,697,598.0,54.4,2.0,0.0,0.0,0,0,0,1,0,0,0,0.14950000001525302,3.1232876712328768
10.77895629,13.5,757,10216.0,20.9,0.0,0.0,0.0,0,1,0,0,0,0,0,0.21283333330992762,13.158904109589042
11.28978191,9.04,742,7431.0,50.5,1.0,0.0,0.0,0,1,0,0,0,0,0,0.0928875003395984,16.68481735068493
11.00209984,17.4,672,23595.0,86.7,2.0,0.0,0.0,0,1,0,0,0,0,0,0.3932500004735667,14.219178082191782
11.03495418,11.11,802,15647.0,11.3,2.0,0.0,0.0,0,0,1,0,0,0,0,0.2523546863086643,18.986301369863014
11.69524702,14.98,712,10488.0,45.0,2.0,0.0,0.0,0,1,0,0,0,0,0,0.0874000001541896,7.561529679452055
10.23995979,22.37,782,9800.0,17.7,0.0,0.0,0.0,0,1,0,0,0,0,0,0.34999999970506923,35.753310493150686
10.81985828,3.72,767,7074.0,28.3,0.0,0.0,0.0,0,0,0,0,0,0,0,0.14146868267664087,27.369748857534248
11.30713055,6.8,707,58907.0,58.7,0.0,1.0,0.0,0,0,1,0,0,0,0,0.7236732201137854,21.534132419178082
11.00209984,8.44,707,8459.0,63.1,0.0,1.0,0.0,0,0,0,0,0,1,0,0.14098333350311085,14.383447487671232
10.49127422,19.0,687,7333.0,34.7,0.0,1.0,0.0,0,1,0,0,0,0,0,0.20369444392262973,7.890410958904109
10.89673933,5.0,757,22872.0,66.9,0.0,0.0,0.0,0,1,0,0,0,0,0,0.42355555366921305,11.591666665753424
12.20607265,6.97,777,1719.0,2.8,2.0,0.0,0.0,0,0,0,0,1,0,0,0.008594999961581848,21.451940638356163
11.08846101,21.56,787,3526.0,7.8,0.0,0.0,0.0,0,0,1,0,0,0,0,0.053904482188300996,14.95890410958904
10.81977828,12.58,782,4071.0,8.7,1.0,0.0,0.0,0,0,0,0,0,0,0,0.0814200003590853,26.55605022739726
11.35040654,12.9,692,7541.0,82.0,2.0,0.0,0.0,0,0,1,0,0,0,0,0.08871764665715028,19.56426940547945
10.59663473,6.9,702,5035.0,76.0,1.0,1.0,0.0,1,0,0,0,0,0,1,0.12587500038971824,11.835616438356164
11.1844214,23.22,702,46881.0,62.9,1.0,0.0,0.0,0,0,1,0,0,0,0,0.6511249986965733,21.863013698630137
10.54006438,16.25,772,3495.0,26.3,0.0,0.0,0.0,0,0,1,0,0,0,0,0.09246031760896394,6.164383561643835
10.23995979,1.71,727,2697.0,69.2,1.0,0.0,0.0,0,0,0,0,0,0,0,0.09632142849026243,5.753310501369863
11.19674789,20.31,707,67342.0,58.6,0.0,0.0,0.0,0,0,1,0,0,0,0,0.9238472843327854,20.630022830136983
10.59663473,8.49,662,2998.0,19.1,0.0,0.0,0.0,1,0,0,0,0,1,0,0.07495000023205071,11.076712328767123
11.91839057,6.42,732,10818.0,50.8,0.0,0.0,0.0,0,0,0,0,1,0,0,0.0721200002220137,13.232876712328768
11.49272276,17.2,762,5564.0,20.7,0.0,0.0,0.0,0,0,1,0,0,0,0,0.05677551007081302,13.994520547945205
11.03488966,17.79,707,6283.0,55.6,3.0,0.0,0.0,0,0,1,0,0,0,0,0.10133871008553358,10.74509132328767
10.91508846,18.89,722,36269.0,41.6,1.0,1.0,0.0,0,1,0,0,0,0,0,0.6594363664156295,15.451940638356163
10.6501755,13.79,747,36646.0,32.5,0.0,0.0,0.0,0,1,0,0,0,0,0,0.8683886256133484,16.356164383561644
11.56171563,15.55,707,29097.0,79.7,1.0,0.0,0.0,0,0,0,0,1,0,0,0.2771142854758733,8.383447487671233
10.81977828,9.96,682,8599.0,91.6,0.0,0.0,0.0,0,0,0,0,0,0,1,0.17198000075848058,5.178082191780822
11.22524339,9.66,712,16916.0,78.7,0.0,0.0,0.0,0,0,1,0,0,0,0,0.22554666723469427,12.915068493150685
10.75790288,21.8,672,6699.0,64.9,1.0,2.0,0.0,0,0,0,1,0,0,0,0.14253191499227705,8.712214610958904
11.08214255,15.82,742,8799.0,34.5,2.0,1.0,0.0,0,0,0,0,0,0,0,0.13536923061731587,10.849315068493151
11.48246626,13.32,662,6637.0,61.8,0.0,0.0,0.0,0,0,1,0,0,0,0,0.06842268024032362,14.547831049315068
10.96819829,19.74,732,17929.0,37.0,2.0,0.0,0.0,0,0,0,0,0,0,0,0.3091206895094394,8.323287671232876
10.51867319,17.51,707,22624.0,65.4,0.0,1.0,0.0,0,0,0,0,0,0,0,0.6114594604539139,14.383561643835616
11.12726298,15.63,682,876.0,25.0,1.0,0.0,0.0,0,0,1,0,0,0,0,0.012882352994744443,13.808105021917807
10.30895266,11.36,672,10544.0,57.0,1.0,2.0,0.0,0,0,1,0,0,0,0,0.35146666689311423,6.657420090410959
10.93310697,15.39,707,4624.0,17.6,0.0,0.0,0.0,0,1,0,0,0,0,0,0.08257142854808443,11.917808219178083
10.96812932,16.41,682,22107.0,80.1,3.0,0.0,0.0,0,0,0,0,0,0,0,0.3811814614129011,15.780707761643834
10.89673933,11.98,742,10275.0,43.9,0.0,0.0,0.0,0,0,0,0,0,0,0,0.1902777769303587,10.76700913150685
11.11382009,15.85,692,22002.0,81.2,3.0,0.0,0.0,0,0,0,0,0,1,0,0.32793775737679326,8.794406391780822
10.30895266,8.28,777,0.0,0.0,0.0,0.0,0.0,0,0,0,0,0,0,0,0.0,23.26027397260274
11.41751528,9.81,692,19262.0,85.6,1.0,1.0,0.0,0,0,1,0,0,0,0,0.21190319035411675,18.739611871232874
11.13093271,16.81,662,7843.0,98.0,1.0,0.0,0.0,0,0,1,0,0,0,0,0.11491575126592293,4.109589041095891
11.65268741,22.88,737,50282.0,10.9,0.0,0.0,0.0,0,0,1,0,0,0,0,0.4372347814480064,38.38344747945205
10.83958091,14.26,737,9304.0,49.8,2.0,0.0,0.0,0,0,0,0,0,0,0,0.18243137286033187,7.479337898630137
11.40756495,1.31,787,18373.0,0.0,0.0,0.0,0.0,0,0,0,0,0,0,1,0.2041444443040753,14.794406391780822
11.42118511,6.67,747,11107.0,42.6,4.0,0.0,0.0,0,0,0,0,1,0,0,0.12174162707613571,22.10958904109589
11.35040654,19.23,667,20300.0,78.7,1.0,0.0,0.0,0,0,1,0,0,0,0,0.23882352833048012,9.945205479452055
10.51856508,10.12,722,13884.0,38.7,0.0,0.0,0.0,0,0,1,0,0,0,0,0.37528381359357516,15.6163242
12.10071213,10.9,677,51497.0,90.3,2.0,0.0,1.0,0,1,0,0,0,0,0,0.2860944444079238,13.315068493150685
11.53272809,13.96,747,30932.0,41.0,4.0,0.0,0.0,0,0,1,0,0,0,0,0.3032549026480834,14.06027397260274
10.77895629,7.25,667,3820.0,93.2,2.0,1.0,0.0,0,0,1,0,0,0,0,0.0795833333245814,10.356164383561644
11.1844214,17.65,667,40106.0,80.4,0.0,0.0,0.0,0,1,0,0,0,0,0,0.5570277766627155,10.849315068493151
11.65268741,1.82,767,1.0,0.0,2.0,0.0,0.0,0,0,0,0,0,1,0,8.69565215082945e-06,15.947945205479453
10.59663473,6.87,747,7136.0,21.3,2.0,0.0,0.0,0,0,1,0,0,0,0,0.1784000005523395,8.876712328767123
11.65268741,24.56,692,49128.0,61.4,1.0,1.0,0.0,0,0,1,0,0,0,0,0.4271999988659492,13.479337898630137
11.66137995,0.89,807,1890.0,2.3,0.0,0.0,0.0,0,0,0,0,0,0,0,0.016292541673195955,18.904109589041095
10.91508846,3.01,702,3888.0,74.8,0.0,0.0,0.0,0,0,1,0,0,0,0,0.07069090938884358,8.136986301369863
11.66992921,7.88,737,27400.0,44.1,1.0,0.0,0.0,0,0,1,0,0,0,0,0.2341880350732401,12.821917808219178
10.51867319,16.02,772,15520.0,52.6,0.0,0.0,0.0,0,0,1,0,0,0,0,0.41945946014165236,13.89041095890411
11.28983191,21.19,692,11035.0,43.1,2.0,1.0,0.0,0,0,1,0,0,0,0,0.13793060380169583,28.684817342465752
10.53828582,5.88,772,2195.0,24.1,2.0,0.0,0.0,1,0,0,0,0,0,1,0.05817215387537856,9.205479452054794
11.40756495,21.8,697,39926.0,78.3,0.0,0.0,0.0,0,0,1,0,0,0,0,0.4436222219171888,17.42454337808219
10.03407712,17.06,772,8043.0,29.2,0.0,0.0,0.0,0,0,0,0,0,0,0,0.3529179472581902,17.509474884931507
10.58405595,1.12,682,1536.0,15.8,1.0,0.0,0.0,0,0,0,0,0,0,0,0.038886075983945105,10.931506849315069
9.740968623,18.14,732,10934.0,65.5,0.0,0.0,0.0,0,1,0,0,0,0,0,0.6431764706129028,7.890410958904109
11.45635511,11.63,742,63567.0,70.2,3.0,0.0,0.0,0,0,0,0,0,0,1,0.6726666690087801,31.643721452054795
11.22524339,12.94,667,2453.0,94.3,1.0,1.0,0.0,0,0,0,0,1,0,0,0.03270666674903671,9.287671232876713
11.60823564,12.86,787,63621.0,13.2,0.0,0.0,0.0,0,1,0,0,0,0,0,0.5783727300341985,25.983561643835618
11.76756768,16.51,732,23727.0,31.3,0.0,0.0,0.0,0,0,1,0,0,0,0,0.18393023317316698,15.6163242
10.94425884,7.42,757,7141.0,24.3,0.0,0.0,0.0,0,0,1,0,0,0,0,0.1261036944764824,9.6163242
11.3736634,2.62,752,10045.0,33.4,1.0,0.0,0.0,0,1,0,0,0,0,0,0.11545976984207887,9.868493150684932
10.74926998,7.98,712,10683.0,70.3,1.0,0.0,0.0,0,0,1,0,0,0,0,0.2292686066372353,19.808105021917807
11.00209984,19.32,717,14855.0,82.1,1.0,0.0,0.0,1,0,1,0,0,0,0,0.24758333363148263,9.863013698630137
10.858999,12.48,712,15499.0,74.9,0.0,0.0,0.0,0,0,1,0,0,0,0,0.29805769158149376,11.835616438356164
10.89673933,9.38,742,59968.0,74.6,1.0,0.0,0.0,0,0,0,0,1,0,0,1.1105185135727251,20.630022830136983
10.62609644,10.75,727,16849.0,39.8,2.0,0.0,0.0,0,0,1,0,0,0,0,0.40899602035844934,8.794406391780822
11.51292546,18.81,747,0.0,0.0,6.0,0.0,0.0,0,0,0,0,1,0,0,0.0,9.945205479452055
10.12647109,20.65,717,0.0,0.0,3.0,0.0,0.0,0,0,1,0,0,0,0,0.0,6.503995432876712
10.83958091,6.45,752,0.0,0.0,3.0,0.0,0.0,0,0,0,0,0,0,0,0.0,9.534132419178082
10.91501573,9.01,782,9040.0,12.8,0.0,0.0,0.0,0,0,0,0,0,1,0,0.16437559165841154,19.72591324109589
11.70354582,15.14,702,25998.0,74.6,1.0,0.0,0.0,0,0,0,0,1,0,0,0.21485950511604682,20.630022830136983
10.66895539,11.0,742,2140.0,5.4,0.0,1.0,0.0,0,0,1,0,0,0,0,0.04976744209316268,24.32865296712329
10.22557105,3.78,667,4200.0,56.0,1.0,0.0,0.0,0,0,0,0,0,0,0,0.15217391330297164,9.04109589041096
11.59819449,13.43,702,30497.0,93.8,0.0,0.0,1.0,1,0,1,0,0,0,0,0.2800433425704377,17.671118720547945
9.967588478,17.61,687,10948.0,96.9,0.0,0.0,0.0,0,0,1,0,0,0,0,0.5134121177720951,8.794406391780822
11.11988288,14.99,697,1461.0,23.2,1.0,1.0,1.0,0,0,0,0,0,0,0,0.021644444376494324,10.6163242
11.35040654,6.58,752,0.0,0.0,0.0,0.0,0.0,0,0,0,0,1,0,0,0.0,16.10958904109589
10.858999,21.6,732,10813.0,14.9,2.0,0.0,0.0,0,0,0,0,0,0,0,0.20794230718566953,8.876712328767123
11.49516874,9.19,677,12129.0,83.1,0.0,0.0,0.0,0,0,1,0,0,0,0,0.12346294830016055,9.863013698630137
10.93310697,8.78,702,4645.0,96.8,2.0,0.0,0.0,0,1,0,0,0,0,0,0.08294642854797842,10.528652967123287
10.77895629,22.43,687,5082.0,37.6,0.0,0.0,0.0,0,1,0,0,0,0,0,0.10587499998835671,6.0
10.51867319,8.37,737,24416.0,36.7,0.0,0.0,0.0,0,1,0,0,0,0,0,0.659891892965115,14.219178082191782
10.30895266,10.32,732,2350.0,7.9,1.0,0.0,0.0,0,0,0,1,0,0,0,0.07833333338380297,4.191780821917808
10.16600565,6.55,732,9027.0,37.6,1.0,0.0,0.0,0,1,0,0,0,0,0,0.3471389021671661,7.068493150684931
11.22524339,2.85,762,8922.0,40.6,1.0,0.0,0.0,0,0,0,0,0,0,0,0.1189600002995946,11.509474884931505
10.91508846,6.52,737,7883.0,45.6,0.0,0.0,0.0,0,0,1,0,0,0,0,0.14332727333134104,7.72591324109589
10.88911776,8.89,732,13243.0,68.2,2.0,0.0,0.0,0,0,1,0,0,0,0,0.24711700005524267,9.863013698630137
10.16585182,16.06,767,12706.0,22.4,0.0,0.0,0.0,0,1,0,0,0,0,0,0.48869230622799925,20.638242008219176
10.71894086,21.48,742,2529.0,11.7,1.0,0.0,0.0,0,0,1,0,0,0,0,0.055946376285882324,10.158904109589042
10.91370569,6.34,722,1882.0,11.3,0.0,0.0,0.0,0,0,0,0,0,1,0,0.034265530566440355,12.739611871232876
10.66886237,15.57,667,16430.0,80.1,2.0,0.0,0.0,0,0,1,0,0,0,0,0.3821285689886791,11.098630136986301
10.83860004,9.19,762,14818.0,26.3,0.0,0.0,0.0,0,0,1,0,0,0,0,0.2908341507361848,11.917808219178083
10.46310334,11.66,717,13608.0,49.1,3.0,0.0,0.0,0,0,1,0,0,0,0,0.3888000001833389,11.26027397260274
11.84877608,15.13,727,74809.0,58.7,0.0,0.0,0.0,0,1,0,0,0,0,0,0.5346822667587828,24.986301369863014
10.71441777,14.43,702,8978.0,88.0,2.0,0.0,0.0,0,1,0,0,0,0,0,0.19951111086221224,13.068493150684931
11.28978191,9.63,692,17199.0,98.3,1.0,0.0,0.0,0,0,1,0,0,0,0,0.21498750078599824,8.95890410958904
9.798127037,14.4,687,7994.0,62.9,0.0,0.0,0.0,1,0,0,0,0,0,0,0.44411111105706336,12.657420090410957
10.46321762,17.45,662,13373.0,86.8,1.0,0.0,0.0,0,0,1,0,0,0,0,0.382042052205347,6.410844747945205
11.19821472,21.68,672,38436.0,84.7,0.0,0.0,0.0,1,0,1,0,0,0,0,0.5265205480139317,11.835616438356164
11.33260191,11.48,737,1653.0,6.6,1.0,0.0,0.0,0,0,0,0,0,0,0,0.01979640720223689,6.0
10.1266311,20.64,662,16177.0,67.6,2.0,0.0,0.0,0,0,0,0,0,0,1,0.647080002491476,10.356164383561644
9.472396897,0.0,727,11717.0,32.6,2.0,0.0,0.0,1,0,0,1,0,0,0,0.9015851029184067,17.91780821917808
11.69524702,10.67,662,15575.0,97.3,0.0,0.0,0.0,0,1,0,0,0,0,0,0.12979166689564292,5.5889269397260275
11.33857208,15.8,682,68723.0,30.6,2.0,0.0,0.0,0,0,1,0,0,0,0,0.8181309506018858,10.684817350684932
10.73639668,2.77,717,5911.0,15.3,1.0,0.0,0.0,1,0,1,0,0,0,0,0.1284999994180533,6.0849315068493155
10.9331784,5.12,777,33215.0,65.1,2.0,0.0,0.0,0,0,0,0,0,1,0,0.5930826344266763,13.232876712328768
10.59663473,14.46,692,11786.0,42.2,0.0,0.0,0.0,0,0,1,0,0,0,0,0.29465000091225807,9.945205479452055
10.81977828,14.54,672,16653.0,94.1,2.0,0.0,0.0,0,0,0,0,0,0,0,0.33306000146888903,8.712214610958904
10.6454249,1.34,687,4611.0,36.9,1.0,1.0,0.0,0,0,0,0,0,0,0,0.10978571398550582,14.465639268493149
11.0279625,15.42,712,6724.0,27.1,0.0,0.0,0.0,0,0,0,0,0,0,0,0.10920548309147488,7.808105021917808
10.91018556,20.96,702,16948.0,83.5,0.0,0.0,0.0,0,1,0,0,0,0,0,0.3096599719261934,9.945205479452055
10.77895629,2.8,762,3771.0,14.7,0.0,0.0,0.0,0,0,0,0,0,0,0,0.07856249999136032,38.465639260273974
10.34174248,8.52,717,1649.0,6.0,0.0,0.0,0.0,0,0,0,0,0,1,0,0.05319354857153384,10.849315068493151
11.15625052,18.31,762,31305.0,46.8,1.0,0.0,0.0,0,0,0,0,0,0,0,0.44721428617558534,15.698515980821917
10.83486392,21.49,737,2695.0,38.5,1.0,0.0,0.0,0,0,1,0,0,0,0,0.05309298670069608,7.972602739726027
10.30895266,17.52,722,2639.0,21.3,2.0,0.0,0.0,0,0,1,0,0,0,0,0.087966666723343,7.72591324109589
11.06663836,10.13,707,12247.0,45.5,1.0,0.0,0.0,0,0,1,0,0,0,0,0.19135937544812695,19.397260273972602
11.26446411,14.66,682,2135.0,41.9,2.0,0.0,0.0,0,0,0,0,1,0,0,0.02737179475332231,10.849315068493151
10.85892207,11.91,737,4429.0,15.6,1.0,0.0,0.0,0,0,1,0,0,0,0,0.08517962933239309,11.342465753424657
10.46310334,8.78,677,479.0,20.0,1.0,3.0,0.0,0,0,0,0,0,0,1,0.013685714292167793,22.684817350684934
11.24457532,17.36,707,991.0,34.2,1.0,0.0,0.0,0,0,1,0,0,0,0,0.012960347363603509,10.849315068493151
11.35040654,12.01,742,47474.0,56.1,0.0,0.0,0.0,1,0,0,0,0,0,0,0.558517644530109,13.808105021917807
11.6421978,13.63,707,56128.0,84.4,0.0,0.0,0.0,0,0,1,0,0,0,0,0.49321616904965654,10.10958904109589
11.03939563,7.78,792,13316.0,33.3,1.0,0.0,0.0,0,0,1,0,0,0,0,0.21380860542778907,19.50399543287671
10.83958091,16.8,707,8035.0,37.9,3.0,0.0,0.0,0,0,0,0,0,0,0,0.1575490198766946,13.975342465753425
11.26446411,18.89,702,15074.0,59.6,0.0,0.0,0.0,0,0,1,0,0,0,0,0.19325640941994401,18.986301369863014
10.66895539,14.93,717,49.0,3.3,2.0,0.0,0.0,0,0,1,0,0,0,0,0.001139534889049052,12.082191780821917
11.62621844,15.26,737,32380.0,64.2,2.0,0.0,0.0,0,0,0,0,0,0,0,0.2891174671377041,29.26027397260274
11.1844214,13.8,747,15968.0,28.6,4.0,0.0,0.0,0,0,1,0,0,0,0,0.2217777773338214,11.588926939726026
12.35879373,8.53,727,23474.0,38.1,1.0,0.0,0.0,0,0,0,0,0,1,0,0.10074678137256624,13.482077624657533
11.03488966,14.37,757,1176.0,4.5,0.0,0.0,0.0,0,0,1,0,0,0,0,0.018967742011871316,5.342465753424658
10.47344963,16.97,727,20708.0,54.6,0.0,0.0,0.0,0,0,1,0,0,0,0,0.5855672450034528,8.630022830136987
10.96819829,1.43,772,441.0,2.8,2.0,0.0,0.0,0,0,0,0,1,0,0,0.00760344827227747,15.04109589041096
11.79539397,17.68,682,55045.0,85.2,0.0,1.0,0.0,0,0,1,0,0,0,0,0.4149954766308682,31.068493150684933
10.31304428,15.38,662,3759.0,80.0,0.0,1.0,0.0,0,0,0,0,0,0,0,0.12478836751121157,7.72591324109589
10.20359214,8.89,677,5869.0,99.5,0.0,0.0,0.0,0,0,0,0,0,0,0,0.21737037145428045,5.506735158904109
11.33857208,15.91,767,12870.0,12.1,4.0,0.0,0.0,0,1,0,0,0,0,0,0.15321428538111362,14.813584473972602
10.08580911,21.85,737,1733.0,10.9,1.0,0.0,0.0,0,0,1,0,0,0,0,0.07220833328495975,6.164383561643835
10.81977828,17.28,677,11132.0,98.5,1.0,1.0,0.0,1,0,0,0,0,0,1,0.22264000098190553,10.947945205479453
10.91508846,19.75,742,12377.0,39.7,3.0,0.0,0.0,0,0,1,0,0,0,0,0.22503636458480375,24.745091323287674
11.69524702,23.1,782,78633.0,31.7,1.0,0.0,0.0,0,0,0,0,0,0,0,0.655275001156025,17.506735158904107
12.4292002,6.29,737,8101.0,70.4,2.0,0.0,0.0,0,0,0,0,1,0,0,0.03240451836589149,17.76700913150685
10.60162227,2.87,727,8164.0,21.1,2.0,0.0,0.0,0,0,0,0,0,0,0,0.20308457805006136,4.602625569863013
11.24504602,18.7,747,33660.0,45.0,0.0,0.0,0.0,0,0,1,0,0,0,0,0.4399999999184359,15.451940638356163
10.81977828,13.42,692,14956.0,70.1,2.0,0.0,0.0,0,0,1,0,0,0,0,0.299120001319204,6.4930365287671234
11.35040654,11.55,697,17250.0,78.3,2.0,1.0,0.0,0,0,1,0,0,0,0,0.20294117555176266,14.301369863013699
10.858999,15.65,662,1824.0,67.6,0.0,2.0,0.0,0,0,1,0,0,0,0,0.03507692299146039,14.961643835616439
10.71441777,18.93,717,14576.0,72.2,0.0,0.0,0.0,0,1,0,0,0,0,0,0.3239111107070178,13.808105021917807
11.00209984,15.86,792,498.0,0.4,0.0,0.0,0.0,0,0,0,0,0,0,0,0.008300000009995177,22.19178082191781
11.22524339,19.87,677,16410.0,37.2,0.0,1.0,1.0,0,0,0,0,0,0,0,0.21880000055103646,22.356164383561644
9.968338525,17.71,772,954.0,14.7,4.0,0.0,0.0,1,0,0,0,0,1,0,0.04470477974987723,5.917808219178082
11.40756495,12.08,677,7479.0,82.9,2.0,0.0,0.0,0,0,0,0,1,0,0,0.08309999994286067,36.986301369863014
10.858999,4.41,767,115.0,0.5,2.0,0.0,0.0,0,0,0,0,0,0,0,0.002211538456150189,14.383561643835616
10.96812932,9.37,692,902.0,20.0,1.0,0.0,0.0,0,0,0,0,0,0,0,0.015552796770002118,3.863013698630137
10.49127422,16.0,752,11185.0,24.9,1.0,0.0,0.0,0,0,0,0,0,0,0,0.3106944436485222,14.219178082191782
10.95954023,20.43,672,6552.0,95.4,1.0,1.0,0.0,0,0,1,0,0,0,0,0.1139478257206646,14.054794520547945
11.58988651,13.75,667,8413.0,75.1,3.0,0.0,0.0,0,1,0,0,0,0,0,0.07789814784484059,17.095890410958905
11.00209984,20.82,757,946.0,18.9,1.0,0.0,0.0,0,0,0,0,0,0,0,0.015766666685653487,24.619063926027398
10.20359214,9.78,707,5740.0,61.1,0.0,0.0,0.0,0,0,1,0,0,0,0,0.21259259365267844,4.191780821917808
10.81977828,1.08,702,1503.0,16.3,0.0,0.0,0.0,0,0,0,1,0,0,0,0.030060000132573126,4.8493150684931505
11.61964306,11.36,717,35173.0,69.4,0.0,0.0,0.0,0,0,1,0,0,0,0,0.31612769838932114,20.136986301369863
10.93310697,22.84,662,14958.0,71.6,0.0,0.0,0.0,1,0,1,0,0,0,0,0.2671071427816278,23.523173515068496
9.903487553,14.16,752,5267.0,42.8,0.0,0.0,0.0,0,0,1,0,0,0,0,0.26334999987783936,10.027397260273972
11.15625052,13.63,762,21908.0,28.8,3.0,0.0,0.0,0,0,1,0,0,0,0,0.3129714288942572,13.397146117808218
11.1124479,4.66,707,2370.0,17.8,2.0,0.0,0.0,0,0,0,0,0,0,0,0.035373134270809785,4.8493150684931505
10.93310697,14.55,677,8394.0,48.8,2.0,0.0,0.0,0,0,1,0,0,0,0,0.14989285710048025,5.178082191780822
11.02698756,12.11,667,1506.0,34.2,0.0,3.0,0.0,1,0,0,0,0,0,0,0.02448302762141203,10.602625569863013
10.59663473,2.91,732,7198.0,32.0,0.0,0.0,0.0,1,0,0,1,0,0,0,0.17995000055713842,8.630022830136987
11.51292546,5.05,767,125.0,0.4,2.0,0.0,0.0,0,0,0,0,0,0,1,0.0012500000062127855,8.630022830136987
10.73639668,14.3,692,9729.0,98.3,0.0,0.0,0.0,0,0,1,0,0,0,0,0.21149999904216552,5.438242008219178
11.33806004,23.05,717,14040.0,67.2,0.0,0.0,0.0,0,0,1,0,0,0,0,0.16722846252269408,22.84920091232877
10.98529272,9.66,662,19487.0,86.6,3.0,1.0,0.0,0,0,0,0,0,0,0,0.330288136547045,16.438242008219177
11.28978191,13.05,687,9640.0,49.9,0.0,0.0,1.0,0,0,1,0,0,0,0,0.1205000004405502,8.301369863013699
11.09741002,5.89,777,151.0,4.9,0.0,0.0,0.0,0,0,0,0,0,0,0,0.0022878787901862573,8.301369863013699
11.2515607,11.52,732,35873.0,94.4,3.0,0.0,0.0,0,0,0,0,0,0,1,0.4658831172725114,13.725913241095888
11.39639165,20.95,712,33167.0,87.5,0.0,0.0,0.0,0,0,0,0,0,0,1,0.3726629208691733,16.19178082191781
11.48246626,16.96,682,9063.0,26.1,1.0,3.0,0.0,0,0,1,0,0,0,0,0.0934329894557862,10.520433789041096
11.14186178,6.65,767,8542.0,14.8,0.0,0.0,0.0,0,0,1,0,0,0,0,0.12379710189239436,19.397260273972602
10.27505111,21.52,737,3292.0,42.8,1.0,0.0,0.0,0,0,0,1,0,0,0,0.11351724126222996,8.712214610958904
10.59653473,3.0,712,4009.0,38.5,0.0,0.0,0.0,0,0,0,0,0,0,0,0.10023502331147667,3.287671232876712
10.5635432,9.86,667,298.0,99.3,0.0,0.0,1.0,1,0,0,0,0,0,0,0.0077006563500069914,6.904109589041096
11.07720731,15.9,697,16183.0,32.8,0.0,2.0,0.0,0,0,0,0,0,0,0,0.2502009904102063,24.65742009041096
9.305650552,8.84,692,0.0,0.0,1.0,0.0,0.0,0,0,0,0,0,0,1,0.0,3.698515980821918
10.20359214,17.82,742,21312.0,29.2,0.0,0.0,0.0,1,0,0,0,0,1,0,0.7893333372693176,10.191780821917808
10.91508846,9.77,672,1083.0,77.4,3.0,0.0,0.0,0,0,0,0,0,0,0,0.019690909173898558,14.383561643835616
10.59663473,22.05,682,24604.0,91.8,0.0,0.0,0.0,0,0,1,0,0,0,0,0.6151000019043948,12.243835616438357
10.95940109,20.68,722,18996.0,77.9,1.0,0.0,0.0,0,0,1,0,0,0,0,0.3304111865435998,12.90399543287671
10.6454249,15.09,672,10565.0,80.7,0.0,0.0,0.0,0,0,1,0,0,0,0,0.2515476183597634,8.876712328767123
11.15625052,9.46,732,19298.0,35.5,2.0,0.0,0.0,0,0,0,0,0,0,0,0.2756857145700829,12.827283104109588
11.69524702,18.34,702,50307.0,75.0,0.0,0.0,0.0,0,1,0,0,0,0,0,0.4192250007395896,32.630022821917805
10.79949394,9.92,707,13107.0,51.4,0.0,0.0,0.0,0,0,1,0,0,0,0,0.26751163389903265,9.698515980821918
10.91501573,13.79,727,16947.0,66.2,1.0,0.0,0.0,0,0,1,0,0,0,0,0.3081496849375111,10.684817350684932
10.46561447,11.01,757,13819.0,36.9,0.0,0.0,0.0,0,0,1,0,0,0,0,0.393838349552221,23.50673515890411
10.71441777,16.24,792,18830.0,52.0,0.0,0.0,0.0,0,1,0,0,0,0,0,0.41844444392241664,11.013698630136986
10.62132735,17.68,752,1757.0,9.3,1.0,0.0,0.0,0,0,0,0,1,0,0,0.04285365835173376,9.287671232876713
11.47210347,7.05,722,3146.0,46.4,2.0,0.0,0.0,0,0,0,0,0,0,1,0.032770833348079315,11.342465753424657
11.1844214,2.55,742,11518.0,15.4,3.0,0.0,0.0,0,0,0,0,1,0,0,0.15997222190198865,12.739611871232876
10.62132735,10.92,757,6999.0,9.8,1.0,0.0,0.0,0,0,1,0,0,0,0,0.17070731633681535,14.136986301369863
10.95080655,24.11,707,2979.0,14.2,1.0,1.0,0.0,0,0,0,0,1,0,0,0.0522631577283669,8.301369863013699
11.32055357,21.53,737,46429.0,56.1,0.0,0.0,0.0,0,0,1,0,0,0,0,0.5627757588829578,15.780707761643834
11.69524702,4.91,692,1664.0,87.6,1.0,0.0,0.0,0,0,1,0,0,0,0,0.013866666691130004,12.657420090410957
11.65268741,11.3,732,28541.0,41.3,0.0,0.0,0.0,0,0,1,0,0,0,0,0.24818260803682332,10.767123287671232
9.798127037,14.13,772,6954.0,25.3,0.0,0.0,0.0,0,0,1,0,0,0,0,0.3863333332863171,19.643721460273973
10.30895266,0.0,772,11108.0,46.5,0.0,0.0,0.0,0,0,0,0,1,0,0,0.37026666690522697,15.698515980821917
11.00209984,23.18,732,22323.0,29.0,0.0,0.0,0.0,0,0,1,0,0,0,0,0.3720500004480368,9.698515980821918
10.71441777,17.33,737,12719.0,39.9,1.0,0.0,0.0,0,0,0,0,0,0,0,0.2826444440918331,19.315068493150687
10.1266311,3.5,682,2351.0,24.0,1.0,0.0,0.0,0,0,0,0,1,0,0,0.0940400003620857,4.191780821917808
10.9331784,20.03,707,28296.0,70.7,1.0,0.0,0.0,0,0,1,0,0,0,0,0.5052496228733173,16.438242008219177
10.57131693,0.98,742,1868.0,22.8,1.0,0.0,0.0,0,1,0,0,0,0,0,0.04789743566330285,7.068493150684931
10.46321762,15.02,727,3657.0,10.0,0.0,0.0,0.0,0,0,1,0,0,0,0,0.10447377438981185,6.164383561643835
11.44678566,23.79,702,59980.0,95.5,0.0,0.0,0.0,0,0,1,0,0,0,0,0.6408119673920054,12.082191780821917
11.65268741,8.35,702,12152.0,54.2,2.0,0.0,1.0,0,0,1,0,0,0,0,0.10566956493687947,16.68481735068493
10.30895266,4.16,737,5820.0,48.5,0.0,0.0,0.0,0,0,0,0,0,0,0,0.19400000012499288,6.986301369863014
9.903487553,10.14,687,5881.0,82.8,3.0,0.0,1.0,0,0,1,0,0,0,0,0.29404999986359853,18.49303652876712
11.62735176,13.89,767,600.0,2.4,1.0,0.0,0.0,0,0,1,0,0,0,0,0.00535126603087743,7.890410958904109
10.20359214,17.73,757,20873.0,28.4,2.0,0.0,0.0,1,1,0,0,0,0,0,0.7730740779289821,12.657420090410957
11.77528973,16.99,702,33756.0,82.3,0.0,0.0,0.0,0,1,0,0,0,0,0,0.2596615383155356,17.91780821917808
9.903487553,4.68,732,2927.0,27.9,0.0,0.0,0.0,0,1,0,0,0,0,0,0.14634999993211237,8.301369863013699
10.96819829,10.28,687,2564.0,19.4,3.0,0.0,0.0,0,0,1,0,0,0,0,0.04420689653088307,5.917808219178082
10.49949037,13.49,682,13847.0,74.4,0.0,0.0,0.0,1,0,1,0,0,0,0,0.38149158416938467,7.479337898630137
11.04078195,14.78,742,1947.0,29.1,2.0,1.0,0.0,0,0,0,0,0,0,0,0.031218733095223473,11.588926939726026
10.6454249,2.69,797,5689.0,6.2,0.0,0.0,0.0,0,0,0,0,1,0,0,0.13545238058198714,35.92054794520548
10.81985828,19.03,747,10740.0,40.4,4.0,0.0,0.0,0,0,1,0,0,0,0,0.2147828176345947,9.863013698630137
10.6454249,6.49,737,967.0,10.1,1.0,0.0,0.0,0,0,0,0,0,0,0,0.023023809460851037,17.42454337808219
10.59663473,14.55,732,1959.0,9.8,0.0,0.0,0.0,0,0,0,0,0,0,0,0.0489750001516302,3.5341324191780825
11.03495418,11.84,707,9530.0,46.0,0.0,0.0,0.0,0,0,1,0,0,0,0,0.15369976100987864,10.10958904109589
11.05089001,18.02,777,29568.0,52.3,0.0,0.0,0.0,0,0,1,0,0,0,0,0.4693333311620424,13.725913241095888
11.58988651,12.69,762,5872.0,21.4,0.0,0.0,0.0,0,1,0,0,0,0,0,0.05437037015867157,24.164383561643834
10.12647109,13.68,742,18478.0,37.1,1.0,0.0,0.0,0,0,0,0,0,0,0,0.7392382788999399,11.178082191780822
11.50795312,13.28,682,28384.0,89.0,2.0,0.0,0.0,0,0,0,0,1,0,0,0.28525486507986364,14.794406391780822
11.15625052,18.82,692,16120.0,96.5,3.0,0.0,0.0,0,0,1,0,0,0,0,0.230285714523253,15.04109589041096
10.6454249,17.37,752,8493.0,58.7,1.0,0.0,0.0,0,0,1,0,0,0,0,0.2022142851613318,12.082191780821917
10.37349118,22.73,752,18512.0,57.1,0.0,0.0,0.0,0,0,1,0,0,0,0,0.578500001030808,30.821803643835615
11.00209984,9.54,692,2263.0,17.7,0.0,3.0,0.0,0,0,0,1,0,0,0,0.03771666671208652,6.164383561643835
10.81977828,16.08,712,15244.0,66.6,0.0,0.0,1.0,0,0,1,0,0,0,0,0.30488000134460724,14.876712328767123
11.47097784,8.7,772,2139.0,30.6,2.0,0.0,0.0,0,0,0,0,1,0,0,0.022306344574422363,14.136986301369863
11.28978191,24.88,712,6950.0,16.6,0.0,0.0,1.0,0,0,1,0,0,0,0,0.0868750003176166,13.89041095890411
11.15625052,14.31,722,2292.0,5.4,1.0,1.0,0.0,0,0,0,0,1,0,0,0.03274285717663126,8.219178082191782
10.51053203,14.19,752,2855.0,25.3,2.0,0.0,0.0,0,0,1,0,0,0,0,0.07779291584582557,14.712214610958902
11.04132055,18.4,767,33184.0,48.0,0.0,0.0,0.0,0,0,1,0,0,0,0,0.5317948741121781,29.91780821917808
10.858999,21.72,707,11791.0,63.7,0.0,0.0,0.0,0,0,0,0,0,0,0,0.22674999944753807,12.082191780821917
11.00443046,22.73,742,8441.0,18.8,2.0,0.0,0.0,0,0,1,0,0,0,0,0.14035583589649836,6.986301369863014
11.58988651,15.74,702,23464.0,31.1,1.0,0.0,0.0,0,0,1,0,0,0,0,0.21725925841332933,10.931506849315069
10.4341158,17.44,752,25008.0,36.0,0.0,0.0,0.0,0,0,1,0,0,0,0,0.7355294144113597,13.156164383561643
10.89673933,9.11,792,89252.0,6.4,0.0,0.0,0.0,0,0,0,0,0,1,0,1.6528148074538562,24.739611871232878
11.65268741,4.17,717,1731.0,9.0,3.0,2.0,0.0,0,1,0,0,0,0,0,0.015052173873085778,7.1506849315068495
11.22524339,24.21,722,39900.0,70.3,0.0,0.0,0.0,0,0,0,0,0,0,0,0.5320000013398144,11.753310501369862
11.49272276,11.64,707,10333.0,28.2,1.0,1.0,0.0,0,0,1,0,0,0,0,0.10543877526270864,15.780707761643834
10.93310697,11.87,722,10915.0,34.5,1.0,0.0,0.0,0,0,1,0,0,0,0,0.1949107142306102,15.287671232876713
11.65268741,6.4,772,13242.0,23.0,0.0,0.0,0.0,0,0,1,0,0,0,0,0.11514782578128357,13.561529679452054
12.16525065,6.62,757,26330.0,28.6,1.0,0.0,0.0,1,0,1,0,0,0,0,0.13713541680516217,13.972602739726028
10.30895266,15.92,692,23616.0,49.4,3.0,0.0,0.0,0,0,1,0,0,0,0,0.7872000005071876,11.83550228219178
11.08220409,8.12,732,43799.0,87.8,2.0,0.0,0.0,0,1,0,0,0,0,0,0.6737893022050175,11.671118720547945
11.73606902,9.9,697,2165.0,36.1,2.0,0.0,1.0,0,0,1,0,0,0,0,0.017319999935646462,14.794406391780822
11.08214255,2.51,732,1450.0,9.2,0.0,0.0,0.0,0,0,0,0,0,0,1,0.02230769228265803,11.178082191780822
10.43399815,7.31,667,0.0,0.0,1.0,0.0,0.0,0,0,0,0,0,0,0,0.0,9.863013698630137
10.31890299,12.91,752,15813.0,75.7,0.0,0.0,0.0,0,0,1,0,0,0,0,0.5218811889003084,24.586187213698633
10.81977828,7.2,747,1340.0,7.2,1.0,0.0,0.0,1,0,0,0,0,0,1,0.0268000001181956,5.095890410958904
11.26446411,17.94,762,112055.0,33.5,1.0,0.0,0.0,0,0,1,0,0,0,0,1.436602557884558,17.17808219178082
10.78931908,18.06,707,3522.0,33.2,1.0,1.0,0.0,0,0,0,0,0,0,0,0.07261855647777057,6.986301369863014
10.3011503,17.66,747,25716.0,73.9,0.0,0.0,0.0,0,0,1,0,0,0,0,0.8639143433461312,27.451940630136985
11.31447453,2.87,677,9603.0,51.9,0.0,1.0,0.0,1,0,1,0,0,0,0,0.11710975565797664,11.756050227397258
10.59653473,13.62,717,29140.0,64.0,2.0,0.0,0.0,0,0,1,0,0,0,0,0.7285728558983363,12.904109589041095
11.08214255,12.89,772,9242.0,18.1,1.0,0.0,0.0,0,0,1,0,0,0,0,0.14218461522505207,29.8355022739726
11.05089001,16.97,742,2187.0,25.7,0.0,0.0,0.0,0,0,0,0,0,0,0,0.03471428555368597,15.550570775342464
11.26446411,23.17,727,31236.0,42.3,1.0,0.0,0.0,0,0,1,0,0,0,0,0.40046153672823215,11.509474884931505
10.81977828,7.56,757,0.0,0.0,0.0,0.0,0.0,0,0,0,0,0,0,0,0.0,10.95890410958904
11.0184488,19.77,702,40781.0,76.9,0.0,0.0,0.0,1,1,0,0,0,0,0,0.6686615612694389,10.931506849315069
11.91839057,0.82,792,4363.0,10.5,1.0,0.0,0.0,1,0,1,0,0,0,0,0.029086666756206858,20.547831049315068
11.97035031,16.42,692,77324.0,75.9,0.0,0.0,0.0,0,0,1,0,0,0,0,0.489392406046531,20.79440639178082
11.40756495,13.68,717,5630.0,17.8,2.0,0.0,0.0,0,0,1,0,0,0,0,0.06255555551254253,10.438242008219179
9.952277717,22.86,692,8688.0,67.3,0.0,0.0,0.0,1,0,1,0,0,0,0,0.413714285592472,19.972602739726028
10.03451581,0.79,727,208.0,3.5,1.0,0.0,0.0,0,0,0,0,0,0,0,0.009122807062633624,6.986301369863014
10.30895266,9.52,692,7261.0,51.9,0.0,0.0,1.0,0,0,1,0,0,0,0,0.24203333348927378,8.643721460273973
11.66137995,8.22,747,71965.0,76.6,4.0,0.0,0.0,0,0,1,0,0,0,0,0.6203665404823,20.383561643835616
10.91501573,20.14,727,22652.0,53.3,3.0,0.0,0.0,0,0,0,0,0,0,0,0.4118845024608781,16.520433789041096
10.89295439,19.63,732,9020.0,64.4,3.0,0.0,0.0,0,0,1,0,0,0,0,0.16767045943136716,18.410958904109588
11.70354582,13.09,752,14375.0,17.5,0.0,0.0,0.0,0,0,0,0,0,0,1,0.11880165343654023,19.808105021917807
11.1844214,6.43,667,5422.0,46.7,1.0,0.0,0.0,0,1,0,0,0,0,0,0.07530555540480834,16.10958904109589
11.05089001,14.72,687,8004.0,66.1,0.0,0.0,0.0,0,0,1,0,0,0,0,0.12704761845985482,7.643721460273973
10.727663,22.03,672,4232.0,27.1,1.0,0.0,0.0,0,0,1,0,0,0,0,0.09280701712645802,12.821803652054793
11.46163217,11.86,702,34057.0,63.9,3.0,0.0,0.0,1,0,0,0,0,0,1,0.35849473705099233,17.34246575342466
10.71441777,11.57,697,9929.0,32.4,1.0,2.0,0.0,0,0,1,0,0,0,0,0.2206444441691808,13.89041095890411
10.64927462,11.47,757,13852.0,24.5,0.0,0.0,0.0,0,0,0,1,0,0,0,0.3285422894032859,20.21917808219178
11.44035477,13.03,727,5960.0,43.8,0.0,0.0,0.0,0,0,0,0,0,1,0,0.06408602164222513,8.301369863013699
11.03488966,14.4,752,15489.0,35.4,1.0,0.0,0.0,0,0,0,0,0,0,0,0.2498225816512541,22.931506849315067
11.5806215,13.2,717,38433.0,56.5,1.0,0.0,0.0,0,0,1,0,0,0,0,0.35917348737714533,8.95890410958904
11.35040654,10.07,792,760.0,1.9,0.0,0.0,0.0,0,0,0,0,0,0,0,0.008941176430106645,8.054794520547945
11.15625052,10.89,732,15942.0,40.9,3.0,0.0,0.0,0,0,1,0,0,0,0,0.22774285737777292,9.863013698630137
10.71308355,16.72,737,8654.0,24.6,0.0,0.0,0.0,0,0,1,0,0,0,0,0.19256786744833276,10.191780821917808
11.35040654,11.55,762,5341.0,0.0,0.0,0.0,0.0,0,0,0,0,0,0,1,0.06283529383315736,11.753310501369862
10.85892207,14.84,682,20916.0,65.6,1.0,0.0,0.0,0,0,1,0,0,0,0,0.4022617130540379,10.10958904109589
11.22524339,2.85,692,4389.0,7.7,3.0,0.0,0.0,0,0,0,1,0,0,0,0.05852000014737959,13.068493150684931
11.00209984,16.48,697,3689.0,22.2,2.0,0.0,0.0,0,1,0,0,0,0,0,0.06148333340737391,18.739611871232874
12.32385568,11.37,697,56558.0,72.1,0.0,0.0,0.0,0,1,0,0,0,0,0,0.2513688891871526,12.57522830958904
10.46310334,23.07,687,3334.0,23.5,0.0,0.0,0.0,0,1,0,0,0,0,0,0.09525714290206143,13.972602739726028
11.77528973,0.05,802,2563.0,8.8,0.0,0.0,0.0,0,0,0,0,0,0,0,0.019715384604299023,18.65742009041096
10.40426284,11.93,672,1140.0,54.3,0.0,0.0,0.0,0,0,0,0,0,0,0,0.03454545456095225,4.027397260273973
10.81977828,0.36,722,640.0,3.9,3.0,0.0,0.0,0,0,0,0,0,0,1,0.01280000005645163,4.808105021917808
11.26446411,24.6,677,0.0,49.63,1.0,0.0,0.0,1,0,0,0,1,0,0,0.0,4.791666665753425
12.32385568,16.65,717,37629.0,87.1,1.0,0.0,0.0,0,0,0,0,0,1,0,0.1672400001984399,17.506735158904107
11.77528973,7.5,677,12907.0,52.9,3.0,2.0,0.0,0,1,0,0,0,0,0,0.0992846153287895,7.068493150684931
11.678406,17.74,672,18938.0,53.8,1.0,1.0,0.0,0,0,1,0,0,0,0,0.16049696673202257,14.136986301369863
10.74849708,12.35,752,1061.0,10.1,0.0,0.0,0.0,0,0,1,0,0,0,0,0.022787800742097165,9.04109589041096
10.30895266,1.8,792,2324.0,5.7,0.0,0.0,0.0,0,0,0,0,1,0,0,0.07746666671657791,21.616324199999998
10.91508846,22.84,672,22684.0,89.9,0.0,0.0,0.0,1,0,1,0,0,0,0,0.41243636537462136,12.657420090410957
11.28978191,15.6,672,11184.0,93.2,0.0,0.0,0.0,0,0,0,0,0,0,0,0.13980000051111136,3.128767123287671
10.08580911,13.15,752,13551.0,29.0,0.0,0.0,0.0,0,0,1,0,0,0,0,0.5646249996217482,18.167123287671235
10.67359577,23.61,752,6698.0,67.0,0.0,0.0,0.0,0,0,1,0,0,0,0,0.15504629695248345,23.780707761643836
11.26446411,5.72,757,8863.0,27.4,1.0,0.0,0.0,0,1,0,0,0,0,0,0.1136282046363914,9.906849315068493
10.59663473,10.56,692,15041.0,66.6,0.0,0.0,0.0,0,0,0,1,0,0,0,0.376025001164201,12.082191780821917
9.903687533,8.7,747,4622.0,19.3,0.0,0.0,0.0,1,0,0,0,0,0,0,0.23105378913558838,11.753310501369862
12.05989014,6.45,722,23973.0,44.9,1.0,0.0,0.0,0,0,1,0,0,0,0,0.13873263824407234,9.36986301369863
9.740968623,7.41,692,0.0,0.0,0.0,1.0,0.0,0,0,0,1,0,0,0,0.0,5.506735158904109
11.2395407,15.06,742,18862.0,47.5,1.0,0.0,0.0,0,0,1,0,0,0,0,0.24792323800670246,13.315068493150685
10.1266311,20.3,797,3301.0,27.3,0.0,0.0,0.0,0,0,1,0,0,0,0,0.13204000050839848,18.328767123287673
11.85651517,5.59,702,4381.0,16.5,2.0,0.0,0.0,0,1,0,0,0,0,0,0.031070921965939708,13.725913241095888
12.06681058,6.33,717,38384.0,90.1,1.0,0.0,0.0,0,0,0,1,0,0,0,0.22059770075161392,24.986301369863014
11.32900263,3.45,742,6218.0,8.1,0.0,0.0,1.0,0,0,0,0,0,0,1,0.07473557668461814,15.123287671232877
11.00209984,15.5,702,55333.0,39.0,2.0,0.0,0.0,0,1,0,0,0,0,0,0.9222166677772352,10.438242008219179
10.53209621,21.54,742,2940.0,32.3,5.0,0.0,0.0,0,0,0,1,0,0,0,0.07840000015354652,8.712214610958904
11.57332418,13.84,732,22233.0,76.7,1.0,0.0,0.0,0,0,1,0,0,0,0,0.20929904143951708,25.682077624657534
10.58446093,5.62,747,2326.0,25.0,1.0,0.0,0.0,0,0,0,0,0,0,0,0.05886223314693569,6.082191780821918
9.809176873,6.29,792,70.0,0.7,1.0,0.0,0.0,0,0,0,1,0,0,0,0.0038461538464034098,7.315068493150685
11.22524339,12.66,727,4027.0,7.2,2.0,1.0,0.0,0,0,0,0,0,0,0,0.05369333346855721,8.95890410958904
10.3041411,19.29,747,5822.0,64.7,1.0,0.0,0.0,1,0,1,0,0,0,0,0.19500268023959136,22.10958904109589
10.91501573,12.18,767,13095.0,19.6,2.0,0.0,0.0,0,0,1,0,0,0,0,0.23810822707598442,24.493036528767124
11.15625052,21.02,672,37893.0,74.4,3.0,0.0,0.0,1,0,0,0,0,0,0,0.5413285719869495,14.219178082191782
11.35035948,7.3,747,19817.0,64.1,1.0,0.0,0.0,0,0,0,0,0,0,0,0.23315214729691217,21.780707761643836
10.81977828,24.17,672,6256.0,71.9,0.0,0.0,0.0,1,0,1,0,0,0,0,0.1251200005518147,9.287671232876713
10.40426284,16.36,752,12442.0,33.7,0.0,0.0,0.0,0,0,1,0,0,0,0,0.3770303031994456,9.205479452054794
10.59663473,13.83,662,3163.0,53.6,2.0,0.0,0.0,0,0,1,0,0,0,0,0.07907500024482202,10.602625569863013
11.00209984,15.42,662,16286.0,89.5,0.0,0.0,0.0,1,0,1,0,0,0,0,0.2714333336602037,11.753310501369862
11.08214255,11.52,727,7290.0,93.5,0.0,0.0,0.0,0,0,1,0,0,0,0,0.11215384602798416,12.986301369863014
10.85614879,8.52,812,952.0,1.1,0.0,0.0,0.0,0,0,0,0,0,0,0,0.01835994746442521,30.0
10.69557468,19.32,692,8540.0,87.1,1.0,0.0,0.0,0,0,1,0,0,0,0,0.1933876813433275,10.602625569863013
10.75773265,10.39,722,10735.0,34.5,3.0,0.0,0.0,0,0,1,0,0,0,0,0.22844314004322533,6.008219178082192
11.58896015,3.16,802,4588.0,6.7,0.0,0.0,0.0,0,0,0,0,0,0,0,0.04252085269432516,27.041095890410958
10.37349118,0.56,792,1479.0,7.1,7.0,0.0,0.0,0,0,0,0,0,0,0,0.0462187500823555,24.739611871232878
10.83695,22.88,732,26803.0,51.4,1.0,0.0,0.0,0,0,1,0,0,0,0,0.5269335131173535,10.931506849315069
10.71441777,3.68,777,6669.0,23.8,0.0,0.0,0.0,0,0,0,0,0,0,0,0.14819999981511398,21.36986301369863
10.53900562,24.27,712,5048.0,55.5,0.0,0.0,0.0,1,0,0,1,0,0,0,0.1336864407126494,5.5889269397260275
10.0604913,17.23,762,2296.0,9.3,2.0,0.0,0.0,0,1,0,0,0,0,0,0.09811965825170678,6.986301369863014
11.73606902,13.61,722,41568.0,48.6,3.0,0.0,0.0,0,0,1,0,0,0,0,0.33254399876441204,14.794406391780822
11.99535161,14.04,677,70627.0,91.8,2.0,0.0,0.0,0,0,1,0,0,0,0,0.4359691376398702,12.164383561643836
10.6454249,11.91,722,1458.0,12.4,2.0,0.0,0.0,0,0,0,0,0,1,0,0.034714285619359686,3.8656392684931506
11.40756495,24.99,687,53896.0,96.8,0.0,0.0,0.0,0,0,1,0,0,0,0,0.5988444440326807,9.6163242
11.15625052,22.34,682,7705.0,39.9,2.0,1.0,0.0,0,0,1,0,0,0,0,0.11007142868496678,13.808105021917807
10.56617553,24.71,772,10277.0,28.9,2.0,0.0,0.0,0,0,1,0,0,0,0,0.26487113285819563,10.931506849315069
10.5454467,10.1,682,12315.0,80.0,1.0,0.0,0.0,0,1,0,0,0,0,0,0.3240448361952053,6.994520547945205
10.6454249,22.11,747,19029.0,22.0,3.0,0.0,0.0,0,0,1,0,0,0,0,0.45307142733250716,9.205479452054794
11.28983191,15.93,702,20125.0,59.9,2.0,0.0,0.0,0,0,0,0,1,0,0,0.25154992310911906,11.588926939726026
10.34817337,17.77,677,2187.0,70.5,1.0,0.0,0.0,0,0,1,0,0,0,0,0.0700961541123492,4.602625569863013
11.05089001,8.86,677,9881.0,99.8,0.0,0.0,0.0,0,0,1,0,0,0,0,0.15684126911567037,20.136986301369863
11.15756394,10.96,732,27948.0,73.8,0.0,0.0,0.0,0,1,0,0,0,0,0,0.3987330951748219,14.876598172602739
10.1266311,9.79,692,6355.0,65.5,1.0,0.0,0.0,0,0,1,0,0,0,0,0.25420000097875567,18.413698630136988
11.41861479,14.36,737,3114.0,26.4,1.0,0.0,0.0,0,0,0,0,1,0,0,0.034219780065756565,10.684817350684932
11.28978191,2.77,717,653.0,19.8,2.0,0.0,0.0,0,0,0,0,0,0,0,0.00816250002984225,9.945205479452055
10.858999,10.96,722,2652.0,3.9,0.0,0.0,0.0,1,0,0,0,1,0,0,0.050999999875741754,17.17808219178082
11.33857208,24.66,722,22319.0,58.7,0.0,2.0,0.0,0,0,1,0,0,0,0,0.26570238037459787,30.57522830136986
12.20607265,4.24,812,15571.0,8.7,4.0,0.0,0.0,0,0,0,0,1,0,0,0.07785499965200172,16.10958904109589
10.71441777,23.12,692,5177.0,64.7,0.0,0.0,0.0,0,0,1,0,0,0,0,0.11504444430092145,6.739611871232877
11.51292546,3.35,702,61.0,2.0,0.0,0.0,0.0,0,0,0,0,1,0,0,0.0006100000030318394,6.410958904109589
10.6454249,4.46,672,5626.0,26.9,0.0,0.0,0.0,1,0,0,0,0,1,0,0.13395238058608888,4.849200912328767
10.0387175,8.54,732,1517.0,22.3,0.0,0.0,0.0,0,0,1,0,0,0,0,0.06625611472418254,5.5889269397260275
11.60823564,15.36,687,23839.0,59.3,1.0,2.0,0.0,0,0,1,0,0,0,0,0.2167181828529143,8.383561643835616
11.12726298,8.4,747,632.0,1.3,6.0,0.0,0.0,1,0,0,0,0,0,1,0.009294117685706036,5.095890410958904
10.49127422,4.43,732,2320.0,28.3,1.0,0.0,0.0,0,0,0,0,0,0,1,0.06444444427935374,4.03013698630137
10.30895266,5.6,737,9152.0,17.3,2.0,0.0,0.0,1,0,1,0,0,0,0,0.30506666686321904,15.452054794520548
11.13458902,13.7,677,23626.0,90.9,2.0,0.0,0.0,0,0,1,0,0,0,0,0.34490511095500703,6.410958904109589
12.32385568,24.06,702,109027.0,90.2,3.0,0.0,0.0,0,1,0,0,0,0,0,0.48456444501940815,18.821803652054793
10.23995979,1.89,797,2198.0,8.7,0.0,0.0,0.0,0,0,0,0,0,1,0,0.07849999993385125,22.19178082191781
10.83958091,16.52,662,7959.0,33.2,3.0,0.0,0.0,0,0,0,0,0,0,0,0.15605882379572025,6.739611871232877
11.41861479,23.89,662,58686.0,80.8,2.0,0.0,0.0,0,0,1,0,0,0,0,0.6449010959983911,6.0
10.16585182,1.38,792,425.0,2.1,0.0,0.0,0.0,0,0,0,0,0,0,1,0.016346153797174537,6.276712328767124
10.63103616,16.72,702,2978.0,81.9,0.0,0.0,0.0,0,0,1,0,0,0,0,0.07193236713633624,9.205479452054794
11.01046476,20.94,672,28332.0,81.2,0.0,1.0,0.0,0,0,1,0,0,0,0,0.4682665597346647,16.027397260273972
9.903487553,3.12,737,2644.0,23.4,1.0,0.0,0.0,0,0,0,0,0,0,0,0.13219999993867615,4.109589041095891
10.46321762,24.13,717,5587.0,73.5,0.0,0.0,0.0,1,0,1,0,0,0,0,0.1596103301930213,17.671118720547945
10.26813067,12.42,662,8765.0,95.3,1.0,0.0,0.0,0,0,0,0,0,0,0,0.3043402765981663,5.917808219178082
11.58058411,18.09,687,89844.0,84.8,0.0,0.0,0.0,0,0,0,0,0,0,0,0.8396635542937065,14.136986301369863
11.54244543,15.47,802,6498.0,11.6,2.0,0.0,0.0,0,0,0,0,0,0,0,0.06308982882624,12.660159816438355
10.49127422,11.77,737,3636.0,7.4,1.0,0.0,1.0,0,0,0,0,0,0,0,0.10099999974126302,14.95890410958904
11.40235138,20.2,697,27017.0,45.7,2.0,0.0,0.0,0,0,1,0,0,0,0,0.30175803133008633,25.315068493150687
10.43399815,17.08,672,3918.0,38.2,1.0,0.0,0.0,0,0,0,0,1,0,0,0.1152488527622469,4.931506849315069
11.11125555,12.48,687,24905.0,95.5,3.0,0.0,0.0,0,0,0,0,0,1,0,0.37215989771527014,20.301369863013697
12.08958377,11.33,727,32706.0,81.6,1.0,0.0,0.0,0,0,0,0,0,0,0,0.1837333157396058,14.876598172602739
10.30895266,9.8,702,5934.0,39.8,1.0,1.0,0.0,0,0,1,0,0,0,0,0.1978000001274412,7.315068493150685
10.34817337,5.73,767,1092.0,9.9,0.0,0.0,0.0,0,0,0,0,0,0,0,0.03500000013291509,6.082191780821918
10.38899537,7.83,737,1092.0,9.9,0.0,0.0,0.0,0,0,0,1,0,0,0,0.03359999994347905,5.917808219178082
10.81977828,6.0,672,9814.0,59.5,1.0,0.0,1.0,1,0,0,0,0,0,1,0.19628000086565048,13.725913241095888
10.74903388,21.17,702,9114.0,57.0,0.0,0.0,0.0,0,0,1,0,0,0,0,0.19564237413217897,11.588926939726026
10.71441777,4.72,762,7347.0,26.7,1.0,0.0,0.0,0,1,0,0,0,0,0,0.16326666646298432,8.419178082191781
11.07819631,12.07,697,21028.0,84.8,1.0,0.0,0.0,0,0,0,0,0,0,0,0.32478685321758355,15.780707761643834
10.96812932,0.48,717,0.0,0.0,1.0,0.0,0.0,0,0,0,0,0,0,0,0.0,7.972602739726027
10.54534144,16.8,772,4088.0,15.0,2.0,0.0,0.0,0,1,0,0,0,0,0,0.10757894722948534,8.95890410958904
12.53214817,0.22,777,1003.0,3.3,2.0,0.0,0.0,0,0,1,0,0,0,0,0.003619579637813715,15.53413241917808
10.30895266,14.16,677,1338.0,27.9,0.0,0.0,0.0,0,0,1,0,0,0,0,0.04460000002873548,8.46563926849315
10.98529272,16.7,802,667.0,3.6,3.0,0.0,0.0,0,0,1,0,0,0,0,0.011305084778410171,12.821803652054793
11.5229154,17.22,712,26949.0,52.0,0.0,0.0,0.0,0,0,1,0,0,0,0,0.26681121513048567,21.86289954246575
10.1266311,18.29,667,12995.0,31.6,0.0,1.0,0.0,0,1,0,0,0,0,0,0.5198000020014052,12.57522830958904
11.26830288,9.27,747,13899.0,36.0,1.0,0.0,0.0,0,0,1,0,0,0,0,0.17750957889533397,8.547831049315068
11.36214909,22.55,677,2149.0,36.4,2.0,0.0,0.0,0,0,0,0,0,0,0,0.024987209791815998,8.054794520547945
10.9331784,13.33,722,3230.0,26.4,0.0,0.0,0.0,0,0,1,0,0,0,0,0.057674451579050566,17.095890410958905
11.21182037,1.49,707,2698.0,33.3,2.0,1.0,0.0,0,0,0,0,0,0,0,0.03645945953917103,10.356164383561644
11.25161265,7.46,667,575.0,16.0,2.0,0.0,0.0,0,0,0,0,0,0,1,0.0074671445455384965,11.83550228219178
11.62625415,15.01,702,46306.0,56.6,1.0,0.0,0.0,0,1,0,0,0,0,0,0.41344642868604925,11.424657534246576
10.69194491,6.14,662,5776.0,77.0,1.0,0.0,0.0,1,0,1,0,0,0,0,0.13127272765347045,19.068493150684933
11.01862914,17.35,762,5331.0,9.1,2.0,0.0,0.0,0,1,0,0,0,0,0,0.08739344289871633,24.164383561643834
11.22524339,18.45,732,29074.0,46.2,0.0,0.0,0.0,0,0,1,0,0,0,0,0.3876533343096182,11.671118720547945
10.91501573,17.61,702,13441.0,49.4,2.0,0.0,0.0,0,1,0,0,0,0,0,0.2443995937478661,5.5889269397260275
10.91508846,9.51,742,1691.0,16.5,1.0,0.0,0.0,0,0,0,0,0,0,0,0.030745454675034593,4.3561643835616435
10.87244663,8.95,742,25212.0,46.6,1.0,0.0,0.0,0,0,1,0,0,0,0,0.47836976463011077,25.561529679452057
11.15619338,10.68,702,4403.0,88.1,0.0,0.0,0.0,0,0,0,0,0,1,0,0.06290359427357041,15.945205479452055
10.27518903,10.51,707,1980.0,46.0,0.0,1.0,0.0,0,1,0,0,0,0,0,0.06826644604099907,11.753310501369862
11.69524702,20.52,707,78468.0,84.3,2.0,0.0,0.0,1,1,0,0,0,0,0,0.6539000011535993,15.287671232876713
11.60823564,21.69,772,67969.0,40.5,2.0,0.0,0.0,0,0,1,0,0,0,0,0.6179000029501964,27.36986301369863
11.03488966,14.05,677,5810.0,85.4,1.0,0.0,0.0,0,0,1,0,0,0,0,0.0937096777967452,9.534132419178082
10.91508846,17.15,757,24452.0,66.4,0.0,0.0,0.0,0,1,0,0,0,0,0,0.4445818200555564,17.34246575342466
10.95080655,18.99,752,25577.0,30.8,1.0,0.0,0.0,0,1,0,0,0,0,0,0.44871929681720046,7.808105021917808
9.862665558,0.0,667,0.0,0.0,0.0,0.0,1.0,1,0,0,0,0,0,1,0.0,3.9452054794520546
11.00209984,7.3,702,6749.0,91.2,0.0,0.0,0.0,0,0,1,0,0,0,0,0.11248333346879005,14.794406391780822
11.20367921,14.06,702,55912.0,68.1,2.0,0.0,0.0,1,0,1,0,0,0,0,0.7617438727158163,11.588926939726026
11.28978191,12.95,742,20586.0,37.5,0.0,0.0,0.0,0,0,0,0,1,0,0,0.2573250009407849,23.0986301369863
10.81977828,23.18,732,11557.0,46.2,1.0,0.0,0.0,0,1,0,0,0,0,0,0.23114000101939294,9.945205479452055
11.36210258,6.81,677,4418.0,96.0,0.0,0.0,0.0,0,0,1,0,0,0,0,0.051372092778500904,20.547831049315068
11.77528973,9.81,777,8651.0,13.6,1.0,0.0,0.0,0,0,0,0,0,0,0,0.06654615380873619,13.89041095890411
10.92593848,22.66,687,16677.0,45.9,1.0,0.0,0.0,0,0,1,0,0,0,0,0.29994604323705715,15.287671232876713
10.92666879,8.17,667,9685.0,43.2,1.0,0.0,0.0,0,0,1,0,0,0,0,0.17406348079301562,11.753310501369862
10.5623538,12.76,767,4031.0,39.1,5.0,0.0,0.0,1,0,0,0,0,0,1,0.10428955801638959,15.36986301369863
10.5865844,2.97,692,3869.0,26.1,0.0,0.0,0.0,0,0,1,0,0,0,0,0.09770201993261395,7.479337898630137
10.59663473,10.32,737,14274.0,24.6,0.0,0.0,0.0,0,0,1,0,0,0,0,0.35685000110483384,18.164383561643834
11.15625052,13.68,687,27561.0,80.8,1.0,0.0,0.0,0,1,0,0,0,0,0,0.3937285718347007,13.315068493150685
11.28978191,9.11,742,28091.0,50.6,0.0,0.0,0.0,0,0,1,0,0,0,0,0.35113750128376514,10.027397260273972
10.49127422,2.9,727,2980.0,31.7,1.0,0.0,0.0,0,0,1,0,0,0,0,0.08277777756572162,4.931506849315069
10.20359214,17.29,717,4502.0,40.9,2.0,0.0,0.0,0,0,1,0,0,0,0,0.16674074157218788,6.986301369863014
10.71441777,14.56,717,25729.0,52.4,0.0,0.0,0.0,0,0,1,0,0,0,0,0.5717555548422654,6.2465753424657535
10.858999,6.3,682,9339.0,33.2,2.0,1.0,0.0,0,1,0,0,0,0,0,0.17959615340857926,28.273972602739725
11.22524339,10.1,742,73366.0,61.7,1.0,0.0,0.0,0,0,1,0,0,0,0,0.9782133357969129,15.123287671232877
11.15625052,16.66,662,29319.0,61.5,0.0,0.0,0.0,0,0,1,0,0,0,0,0.41884285757489176,12.657420090410957
11.05885818,15.8,717,21441.0,80.6,1.0,0.0,0.0,1,0,1,0,0,0,0,0.3376322734518276,17.095890410958905
11.00209984,16.72,717,16951.0,99.7,0.0,0.0,0.0,0,0,0,0,1,0,0,0.282516667006884,6.986301369863014
10.64285016,19.05,707,32720.0,94.6,1.0,0.0,0.0,0,0,1,0,0,0,0,0.781056046460903,13.725913241095888
10.79957558,16.97,722,11530.0,49.1,0.0,0.0,0.0,0,1,0,0,0,0,0,0.23530612176488888,11.509474884931505
10.59663473,20.46,702,7722.0,66.1,0.0,0.0,0.0,1,0,1,0,0,0,0,0.193050000597697,6.904109589041096
12.20609265,10.93,742,79062.0,50.8,0.0,0.0,0.0,0,0,1,0,0,0,0,0.39530209211212963,19.232876712328768
11.25161265,15.83,687,17923.0,59.7,0.0,0.0,0.0,0,0,1,0,0,0,0,0.23275414206901995,5.753310501369863
11.48246626,14.75,697,36428.0,70.7,0.0,0.0,0.0,0,0,0,1,0,0,0,0.3755463908082731,22.602625569863015
10.54513089,5.18,672,5403.0,63.6,1.0,0.0,0.0,0,1,0,0,0,0,0,0.1422141503800027,3.7807077616438356
10.71441777,22.91,682,23703.0,83.8,0.0,0.0,0.0,0,0,1,0,0,0,0,0.5267333326762104,9.452054794520548
10.71441777,22.13,732,12253.0,18.9,2.0,1.0,0.0,0,1,0,0,0,0,0,0.27228888854919653,10.191780821917808
9.798127037,21.53,727,7727.0,95.4,0.0,0.0,0.0,0,0,1,0,0,0,0,0.4292777777255352,7.890410958904109
12.01370075,17.43,732,114393.0,46.6,2.0,0.0,0.0,0,0,0,0,0,0,1,0.693290911089471,11.917808219178083
11.65268741,2.7,762,5914.0,15.9,4.0,0.0,0.0,0,0,0,0,0,0,0,0.051426086820005365,18.904109589041095
11.27720313,3.17,782,482.0,1.6,2.0,0.0,0.0,0,0,0,0,0,0,0,0.0061012658316265105,12.577968035616438
11.29601246,15.69,752,6207.0,41.4,3.0,0.0,0.0,0,0,0,0,1,0,0,0.07710559032478392,9.945205479452055
11.23843599,8.98,732,905.0,12.0,0.0,0.0,2.0,0,0,0,0,1,0,0,0.01190852145712288,10.191780821917808
10.858999,20.49,712,23750.0,47.7,1.0,0.0,0.0,0,0,1,0,0,0,0,0.4567307681179738,12.657420090410957
11.59910316,21.29,727,15812.0,50.0,1.0,0.0,0.0,1,0,0,1,0,0,0,0.1450642203591997,14.383561643835616
10.99142642,14.47,682,6891.0,59.8,0.0,0.0,0.0,0,1,0,0,0,0,0,0.11608240772886713,11.753310501369862
11.71177632,8.38,682,865.0,72.1,3.0,0.0,0.0,0,0,0,0,1,0,0,0.007090163960768977,14.136986301369863
10.76840078,3.79,672,2029.0,20.3,3.0,0.0,0.0,1,0,0,0,0,0,0,0.0427193867227469,8.301369863013699
11.2514568,5.3,692,1836.0,34.6,1.0,1.0,0.0,0,0,0,0,0,1,0,0.023846633400585366,15.698515980821917
11.51292546,10.24,752,15509.0,25.7,1.0,0.0,0.0,0,0,0,0,0,0,0,0.15509000077083274,15.698515980821917
11.28978191,5.37,777,17915.0,17.0,3.0,0.0,0.0,1,0,0,0,1,0,0,0.2239375008187196,19.15068493150685
10.88743693,10.5,692,4819.0,55.3,0.0,0.0,0.0,0,0,1,0,0,0,0,0.09007476661492465,16.76700913150685
10.46310334,22.11,687,18522.0,93.1,0.0,0.0,0.0,1,0,1,0,0,0,0,0.5292000002495446,9.123287671232877
11.98292909,9.43,692,105576.0,68.6,0.0,0.0,1.0,0,0,1,0,0,0,0,0.6598500027819033,15.945205479452055
10.22034,18.97,687,9666.0,83.3,0.0,0.0,0.0,0,0,1,0,0,0,0,0.35205419660958615,6.986301369863014
10.23995979,15.09,687,2896.0,10.3,0.0,0.0,0.0,0,0,0,0,0,0,0,0.10342857134141638,10.76700913150685
10.85892207,1.96,717,2425.0,29.2,0.0,0.0,0.0,0,0,1,0,0,0,0,0.04663820300994655,3.8628995424657537
11.81303006,13.79,762,2308.0,33.0,3.0,0.0,0.0,0,1,0,0,0,0,0,0.017096296252197524,25.47933789863014
11.40534025,18.72,712,55770.0,62.0,0.0,0.0,0.0,0,0,1,0,0,0,0,0.6210467732658076,7.972602739726027
11.22524339,8.05,767,5404.0,5.2,0.0,0.0,0.0,0,0,1,0,0,0,0,0.07205333351479593,15.780707761643834
10.81985828,21.84,692,28565.0,70.0,1.0,0.0,0.0,0,0,1,0,0,0,0,0.5712543003475044,11.917694063013698
10.90205849,15.47,742,15713.0,27.9,5.0,0.0,0.0,1,0,0,1,0,0,0,0.2894378122833461,12.657420090410957
11.3736634,13.38,707,14045.0,29.4,1.0,0.0,0.0,1,0,1,0,0,0,0,0.16143678122767524,15.526141553424658
10.59663473,15.03,757,12361.0,43.7,0.0,0.0,0.0,0,0,0,0,0,0,0,0.3090250009567641,15.36986301369863
10.81977828,6.0,662,1221.0,12.2,3.0,0.0,0.0,0,0,1,0,0,0,0,0.024420000107699125,8.95890410958904
10.70907016,13.81,677,8704.0,16.1,2.0,2.0,0.0,0,0,0,0,0,0,0,0.19445933916699515,13.561529679452054
11.14706561,10.83,762,2976.0,38.6,0.0,0.0,0.0,0,0,0,0,0,1,0,0.042906574456867984,8.794406391780822
10.49127422,22.47,737,19796.0,30.1,1.0,0.0,0.0,0,0,1,0,0,0,0,0.5498888874802098,11.013698630136986
12.13350195,4.06,757,14063.0,50.2,1.0,0.0,0.0,0,0,0,0,0,1,0,0.07560752708550834,28.273972602739725
11.6351785,6.24,792,19367.0,9.1,0.0,0.0,0.0,0,0,1,0,0,0,0,0.17138331305916243,21.36986301369863
11.47210347,7.0,682,4417.0,78.9,0.0,0.0,0.0,0,0,0,0,1,0,0,0.046010416687370104,17.83550228219178
10.30895266,12.92,727,14257.0,29.5,0.0,0.0,0.0,1,0,1,0,0,0,0,0.4752333336395229,12.246575342465754
11.05089001,0.38,782,1137.0,4.3,1.0,0.0,0.0,0,0,0,1,0,0,0,0.018047618964124806,6.263013698630137
11.14186178,14.99,742,13631.0,80.7,7.0,0.0,0.0,1,1,0,0,0,0,0,0.19755072534479368,22.684817350684934
10.59663473,22.98,672,17590.0,80.7,1.0,0.0,1.0,0,0,0,0,0,0,0,0.43975000136149833,12.32876712328767
11.35040654,24.56,717,21621.0,60.1,1.0,0.0,0.0,1,0,1,0,0,0,0,0.254364704730705,13.232876712328768
9.61580548,13.12,707,6947.0,53.4,0.0,0.0,0.0,1,0,1,0,0,0,0,0.46313333337239704,4.191780821917808
11.2515607,5.84,757,20015.0,34.9,0.0,0.0,0.0,0,0,1,0,0,0,0,0.25993506515232395,36.65742008219178
10.98529272,2.87,762,11341.0,32.2,1.0,0.0,0.0,0,0,0,0,0,0,1,0.19222033953815554,7.068493150684931
10.30895266,8.36,712,277.0,46.2,2.0,0.0,0.0,0,0,0,1,0,0,0,0.009233333339282307,3.698515980821918
10.51867319,9.79,682,9868.0,73.1,3.0,0.0,0.0,0,0,0,0,0,0,0,0.26670270313645783,6.082191780821918
9.798127037,13.8,692,9794.0,75.9,0.0,0.0,0.0,1,0,0,0,0,0,0,0.5441111110448935,8.794520547945206
11.60823564,8.23,722,15533.0,79.3,1.0,0.0,0.0,0,0,1,0,0,0,0,0.14120909158330122,14.876598172602739
10.858999,14.35,752,16375.0,28.0,1.0,0.0,0.0,0,0,0,0,0,0,0,0.314903845386603,19.317808219178083
12.05815252,13.22,747,10767.0,50.3,0.0,0.0,0.0,0,1,0,0,0,0,0,0.06241739102057036,11.917808219178083
10.81977828,12.41,757,2071.0,23.0,4.0,0.0,0.0,0,0,0,0,1,0,0,0.041420000182673944,6.742351597260274
11.91839057,0.98,667,29518.0,97.4,0.0,0.0,0.0,0,0,0,0,0,0,0,0.19678666727245336,17.588926939726026
10.77895629,4.97,772,2958.0,7.6,7.0,0.0,0.0,0,0,0,0,1,0,0,0.061624999993222976,12.008219178082191
11.19134184,23.9,737,38876.0,59.6,2.0,0.0,0.0,1,1,0,0,0,0,0,0.5362206901070812,13.315068493150685
10.57131693,8.34,737,2639.0,24.0,1.0,0.0,0.0,0,1,0,0,0,0,0,0.06766666633589734,7.397260273972603
10.71441777,14.67,682,9092.0,23.2,0.0,0.0,0.0,1,0,1,0,0,0,0,0.20204444419238513,10.849200912328767
11.0744205,11.0,732,8318.0,50.7,1.0,0.0,0.0,0,0,1,0,0,0,0,0.12896124066908798,7.8902968027397264
10.81977828,19.2,667,9625.0,49.1,2.0,0.0,0.0,0,0,1,0,0,0,0,0.19250000084897959,11.68481735068493
11.00209984,3.78,767,3252.0,13.7,0.0,0.0,0.0,0,0,1,0,0,0,0,0.05420000006526971,9.287671232876713
11.69107165,13.42,692,25873.0,63.9,2.0,0.0,1.0,0,0,1,0,0,0,0,0.2165104603276264,24.328767123287673
11.46163217,16.96,697,40868.0,86.6,3.0,0.0,0.0,1,0,1,0,0,0,0,0.4301894739348725,22.273972602739725
11.22524339,16.06,717,43373.0,66.9,0.0,0.0,0.0,0,1,0,0,0,0,0,0.578306668123102,13.808105021917807
10.81977828,21.24,722,7322.0,31.8,0.0,0.0,0.0,1,0,1,0,0,0,0,0.14644000064584192,9.04109589041096
11.94470788,17.38,717,452.0,8.4,1.0,0.0,0.0,0,0,0,1,0,0,0,0.0029350649391616016,19.643721460273973
10.71441777,18.24,717,6554.0,55.1,2.0,0.0,0.0,0,0,0,0,0,0,0,0.14564444426274661,5.013698630136986
11.69524702,9.38,707,9772.0,41.8,1.0,0.0,0.0,0,0,0,0,0,0,0,0.08143333347699663,31.397260273972602
10.7342204,15.24,747,13010.0,36.8,0.0,0.0,0.0,0,1,0,0,0,0,0,0.2834422646752236,23.013698630136986
10.53433371,10.19,767,5110.0,36.5,0.0,0.0,0.0,0,0,0,0,0,1,0,0.13596211111516404,10.849200912328767
11.46163217,16.16,752,30330.0,30.9,2.0,0.0,0.0,0,1,0,0,0,0,0,0.3192631580807645,11.095890410958905
11.24331904,7.04,702,11829.0,74.4,3.0,0.0,1.0,0,0,0,0,0,0,1,0.15489472018485662,13.972602739726028
11.40756495,5.13,707,17470.0,25.1,0.0,1.0,0.0,0,0,1,0,0,0,0,0.19411111097764086,10.76700913150685
11.00209984,1.16,732,2731.0,9.2,0.0,0.0,1.0,0,0,0,0,0,0,0,0.045516666721479575,14.547831049315068
12.25486281,8.13,722,30159.0,63.6,1.0,1.0,0.0,0,0,1,0,0,0,0,0.14361428567114473,22.273972602739725
11.84942627,18.99,682,778.0,33.8,0.0,4.0,0.0,0,0,0,0,0,0,0,0.005556984100683014,10.849200912328767
11.09741002,11.71,737,18277.0,50.8,1.0,0.0,0.0,0,0,1,0,0,0,0,0.27692424270353794,10.356164383561644
11.40756495,16.12,752,5090.0,7.1,0.0,0.0,0.0,0,0,0,0,0,0,1,0.05655555551666811,28.19178082191781
10.1266311,5.09,787,44834.0,0.0,0.0,0.0,0.0,0,0,0,0,0,0,1,1.7933600069050404,13.150684931506849
11.1844214,15.87,682,13641.0,98.8,2.0,0.0,1.0,0,0,1,0,0,0,0,0.18945833295407424,23.50673515890411
11.47210347,23.18,742,11265.0,24.3,0.0,0.0,0.0,0,0,1,0,0,0,0,0.1173437500528015,14.465753424657533
11.5228758,9.01,737,52307.0,62.6,3.0,0.0,0.0,1,0,0,0,0,0,1,0.5178910869458854,13.808105021917807
11.21182037,4.2,677,9172.0,66.0,1.0,0.0,1.0,0,0,1,0,0,0,0,0.12394594621692982,14.712214610958902
10.95430918,19.89,682,3368.0,99.1,0.0,0.0,0.0,0,0,1,0,0,0,0,0.0588811187261373,7.972602739726027
11.85153827,17.3,717,61431.0,74.1,2.0,0.0,0.0,0,1,0,0,0,0,0,0.4378545955797482,14.301369863013699
10.66895539,15.04,702,4616.0,41.6,1.0,1.0,0.0,0,0,0,0,0,0,0,0.10734883771123314,26.632762556164383
11.0544285,15.87,732,26127.0,44.8,1.0,0.0,0.0,1,0,1,0,0,0,0,0.4132494146904101,23.17808219178082
10.58882935,24.04,702,20688.0,91.5,0.0,0.0,0.0,1,0,1,0,0,0,0,0.5212527401563012,24.246575342465754
10.04342339,0.0,777,0.0,0.0,4.0,0.0,0.0,0,0,0,0,0,0,0,0.0,19.315068493150687
10.41619141,14.77,662,339.0,12.1,2.0,0.0,0.0,1,0,0,0,0,0,0,0.010150916290735692,3.6163242
11.08220409,9.12,687,7361.0,72.2,0.0,0.0,0.0,0,0,1,0,0,0,0,0.11323918476520319,6.164383561643835
10.91508846,21.23,697,28606.0,84.1,0.0,0.0,0.0,0,0,1,0,0,0,0,0.520109093101147,14.794406391780822
10.49127422,11.1,707,17715.0,79.0,0.0,0.0,0.0,0,0,1,0,0,0,0,0.49208333207273774,17.671118720547945
11.77528973,6.61,772,11867.0,21.4,3.0,0.0,0.0,0,0,0,0,1,0,0,0.09128461533328776,15.945205479452055
12.11448353,9.26,732,75854.0,46.2,1.0,1.0,0.0,1,0,1,0,0,0,0,0.4156474678902475,15.619063926027396
11.22524339,12.64,737,36161.0,46.4,1.0,0.0,0.0,0,0,1,0,0,0,0,0.4821466678809281,14.465753424657533
11.33857208,0.07,707,5.0,0.1,0.0,0.0,0.0,0,0,0,0,0,1,0,5.9523809394372034e-05,10.027397260273972
10.86856845,13.49,687,7573.0,48.5,2.0,0.0,0.0,1,0,1,0,0,0,0,0.14424761884274637,15.452054794520548
10.98529272,18.63,742,25195.0,24.2,0.0,0.0,0.0,0,0,1,0,0,0,0,0.42703389953829723,15.123287671232877
12.61153775,0.54,777,5068.0,46.1,1.0,0.0,0.0,0,1,0,0,0,0,0,0.01689333339479699,11.83550228219178
11.98292909,16.79,687,30459.0,67.8,1.0,0.0,0.0,0,0,1,0,0,0,0,0.19036875080258767,6.904109589041096
12.01370075,10.33,722,27495.0,98.2,0.0,0.0,0.0,0,0,1,0,0,0,0,0.16663636411672922,13.068493150684931
11.23848862,6.65,762,6542.0,32.7,1.0,0.0,0.0,1,0,1,0,0,0,0,0.08607894730545156,18.739611871232874
10.08580911,19.2,727,5089.0,56.5,0.0,0.0,0.0,0,0,1,0,0,0,0,0.21204166652461637,5.342465753424658
11.00209984,20.92,712,3179.0,20.6,1.0,0.0,0.0,0,0,1,0,0,0,0,0.052983333397137886,15.547831049315068
10.71441777,11.39,792,711.0,2.5,1.0,0.0,0.0,0,0,0,0,0,0,0,0.015799999980288807,12.082191780821917
10.2111193,1.46,787,2701.0,3.2,4.0,0.0,0.0,0,0,0,0,0,0,0,0.09928686960734542,15.04109589041096
10.66895539,5.86,732,10133.0,25.6,2.0,0.0,0.0,0,0,1,0,0,0,0,0.23565116389253152,12.739611871232876
11.08214255,24.13,677,19714.0,97.6,0.0,0.0,0.0,0,0,1,0,0,0,0,0.3032923073519451,13.972602739726028
11.35040654,23.53,732,80572.0,71.4,0.0,0.0,0.0,0,1,0,0,0,0,0,0.9479058780612535,19.643721460273973
10.96819829,16.9,677,11274.0,72.5,3.0,0.0,0.0,0,0,1,0,0,0,0,0.19437931025318866,11.753310501369862
11.91839057,2.5,697,3267.0,12.1,0.0,0.0,0.0,0,0,0,0,0,0,0,0.0217800000670474,13.890296802739725
9.998797732,8.02,722,1838.0,14.9,0.0,0.0,0.0,0,1,0,0,0,0,0,0.08354545457389784,6.0
10.4125917,4.18,667,3244.0,73.7,1.0,0.0,0.0,0,0,0,0,0,0,1,0.097487678359474,4.931506849315069
10.08580911,8.7,722,6941.0,39.2,0.0,0.0,0.0,0,1,0,0,0,0,0,0.28920833313958777,5.013698630136986
11.00209984,22.38,697,42430.0,81.8,0.0,0.0,0.0,0,0,1,0,0,0,0,0.7071666675182637,11.753310501369862
11.00209984,21.54,677,36095.0,65.9,1.0,1.0,0.0,0,0,0,0,0,0,0,0.601583334057783,34.19178082191781
11.53751466,7.49,737,67492.0,55.7,0.0,0.0,0.0,0,0,1,0,0,0,0,0.6585266362822677,20.547831049315068
10.2181523,21.42,677,8817.0,76.0,1.0,0.0,0.0,0,0,0,0,0,0,0,0.3218353032389403,5.178082191780822
11.25507141,7.33,742,37721.0,64.6,0.0,0.0,0.0,0,1,0,0,0,0,0,0.4881662951295607,28.027397260273972
11.09922655,11.16,672,26343.0,83.4,1.0,0.0,0.0,0,0,1,0,0,0,0,0.39841197899232733,15.698515980821917
11.22524339,6.3,792,3793.0,14.3,2.0,0.0,0.0,0,0,0,0,0,0,1,0.05057333346069965,19.232876712328768
11.23843599,6.79,772,7254.0,15.4,1.0,0.0,0.0,0,1,0,0,0,0,0,0.09545239187841918,13.725913241095888
11.28983191,17.83,682,17426.0,52.2,2.0,0.0,0.0,0,1,0,0,0,0,0,0.21781410981860913,14.136986301369863
10.43399815,2.22,697,2070.0,60.9,3.0,0.0,0.0,0,0,0,0,0,0,0,0.06088951639046736,6.903995432876712
10.75363848,2.87,782,6049.0,19.1,0.0,0.0,0.0,0,0,1,0,0,0,0,0.12925213699845756,18.164383561643834
10.91508846,20.86,717,21981.0,59.6,1.0,0.0,0.0,0,1,0,0,0,0,0,0.3996545471389328,12.246575342465754
11.01856357,16.11,697,9836.0,69.8,1.0,0.0,0.0,0,0,1,0,0,0,0,0.1612564753885912,6.739611871232877
11.82041016,21.94,697,124784.0,73.2,0.0,0.0,0.0,0,0,1,0,0,0,0,0.9175294160937834,12.164383561643836
11.39657141,6.77,787,6986.0,12.3,0.0,0.0,0.0,0,0,0,0,0,0,0,0.07848027303959995,15.945205479452055
11.30220443,13.1,767,7135.0,8.3,1.0,0.0,0.0,0,0,0,0,1,0,0,0.08808642007500495,11.756050227397258
11.56171563,7.27,767,7283.0,7.6,0.0,0.0,0.0,0,0,0,0,0,1,0,0.06936190470222996,28.602625561643833
10.91508846,9.93,777,3940.0,8.9,1.0,0.0,0.0,0,0,1,0,0,0,0,0.07163636393828285,17.095890410958905
10.73639668,23.87,772,1095.0,5.2,2.0,0.0,0.0,0,0,0,0,0,0,0,0.023804347718282583,7.978082191780822
11.22524339,17.26,732,256.0,1.7,0.0,0.0,1.0,0,0,0,0,1,0,0,0.0034133333419296362,16.10958904109589
10.60905725,20.83,697,12.0,1.5,2.0,0.0,0.0,0,0,0,0,0,0,0,0.00029629629721322407,3.452054794520548
10.12647109,5.14,687,0.0,0.0,3.0,2.0,0.0,0,0,0,0,0,0,0,0.0,9.36986301369863
11.88446143,14.32,682,30427.0,86.9,1.0,0.0,0.0,0,0,1,0,0,0,0,0.20984716920822222,12.657420090410957
11.91839057,24.77,677,56883.0,93.3,1.0,1.0,0.0,0,0,1,0,0,0,0,0.37922000116738824,23.75605022739726
11.1844214,13.82,712,36014.0,66.1,3.0,0.0,0.0,0,1,0,0,0,0,0,0.5001944434431516,15.53413241917808
10.71441777,8.75,682,24223.0,72.7,0.0,0.0,0.0,0,1,0,0,0,0,0,0.5382888882173499,17.424657534246574
11.48246626,15.06,697,62551.0,90.1,0.0,0.0,0.0,0,0,1,0,0,0,0,0.6448556684816156,16.849200912328765
11.73606902,11.71,682,36598.0,74.4,0.0,0.0,0.0,1,0,0,0,0,0,0,0.2927839989121428,16.19178082191781
11.22524339,22.9,752,63299.0,64.9,2.0,0.0,0.0,0,0,0,0,0,0,0,0.8439866687922033,24.65742009041096
10.75363848,9.51,687,14401.0,92.9,0.0,0.0,0.0,0,1,0,0,0,0,0,0.30771367580009706,5.589155252054795
10.73639668,22.93,717,0.0,0.0,0.0,0.0,0.0,0,0,1,0,0,0,0,0.0,10.10958904109589
11.73606902,23.85,662,61956.0,85.6,2.0,1.0,0.0,0,0,1,0,0,0,0,0.495647998158389,16.68481735068493
10.53209621,13.73,787,417.0,3.2,2.0,0.0,0.0,0,0,1,0,0,0,0,0.011120000021778537,13.808105021917807
10.81977828,10.61,662,1487.0,92.9,0.0,0.0,0.0,0,0,1,0,0,0,0,0.029740000131161834,8.547831049315068
11.35035948,12.61,707,197.0,0.5,2.0,0.0,0.0,0,0,0,0,0,0,0,0.002317756119366791,17.588926939726026
11.28978191,18.9,732,11061.0,46.1,1.0,0.0,0.0,1,0,0,0,0,0,0,0.13826250050549022,10.027397260273972
11.58058411,17.05,707,23075.0,67.3,0.0,0.0,0.0,1,0,1,0,0,0,0,0.215654206350199,10.931506849315069
12.20607265,5.35,727,5415.0,12.8,1.0,1.0,1.0,0,0,0,0,0,0,1,0.02707499987897947,14.547831049315068
11.1124479,8.17,777,18147.0,16.7,1.0,0.0,0.0,1,0,1,0,0,0,0,0.27085074582801066,15.862899542465753
11.00209984,5.42,702,13228.0,45.6,0.0,0.0,0.0,0,1,0,0,0,0,0,0.22046666693216105,5.835502282191781
10.91508846,19.66,752,39644.0,10.3,1.0,0.0,0.0,0,0,0,0,0,0,1,0.7208000030378896,8.87659817260274
10.30895266,12.04,692,7171.0,59.3,0.0,0.0,0.0,0,0,1,0,0,0,0,0.23903333348734088,3.956164383561644
11.22524339,14.15,727,4071.0,30.2,1.0,0.0,0.0,0,0,0,0,0,0,0,0.05428000013670137,8.712214610958904
10.66886237,20.23,702,28607.0,95.0,2.0,0.0,0.0,0,0,1,0,0,0,0,0.6653409600157726,12.164383561643836
11.00209984,6.42,692,4050.0,98.8,2.0,0.0,0.0,0,0,1,0,0,0,0,0.06750000008128608,5.095890410958904
10.49127422,12.27,742,0.0,0.0,2.0,0.0,0.0,0,0,0,0,1,0,0,0.0,7.8902968027397264
9.61580548,6.8,667,456.0,22.8,1.0,2.0,0.0,0,0,0,0,0,0,0,0.030400000002564136,3.041095890410959
10.59663473,2.34,687,1847.0,42.0,1.0,0.0,0.0,0,0,1,0,0,0,0,0.04617500014296119,4.273972602739726
10.89673933,7.44,717,9166.0,27.0,1.0,1.0,0.0,0,0,0,0,1,0,0,0.16974073998478517,12.0
11.60823564,18.13,717,22784.0,82.0,0.0,0.0,0.0,1,0,0,0,0,0,1,0.2071272737162129,29.424657534246574
9.769727562,20.37,712,5013.0,68.7,0.0,0.0,0.0,1,0,0,0,0,0,0,0.286522633847031,7.1506849315068495
11.46163217,4.24,747,15773.0,48.2,2.0,0.0,0.0,1,0,0,0,1,0,0,0.1660315790441114,18.49303652876712
10.81985828,5.59,667,6804.0,74.0,1.0,0.0,0.0,0,0,1,0,0,0,0,0.1360691146355477,5.013698630136986
11.51292546,11.02,752,1492.0,6.1,3.0,0.0,0.0,0,0,1,0,0,0,0,0.01492000007415581,8.87659817260274
11.81303006,8.08,717,26361.0,73.2,1.0,0.0,0.0,1,0,1,0,0,0,0,0.19526666616298913,10.520433789041096
11.87756858,3.58,662,0.0,,1.0,0.0,0.0,0,1,0,0,0,0,0,0.0,14.054794520547945
11.00209984,1.12,687,1916.0,43.5,0.0,0.0,1.0,1,0,1,0,0,0,0,0.03193333337178867,20.547831049315068
9.546812609,10.71,677,3798.0,50.6,2.0,0.0,0.0,0,0,1,0,0,0,0,0.2712857141764935,3.1232876712328768
11.8277654,12.15,737,38084.0,81.0,3.0,0.0,0.0,1,0,0,0,0,0,0,0.2779772857417844,18.08219178082192
10.93310697,9.96,717,9880.0,72.1,0.0,0.0,0.0,0,0,0,0,0,0,0,0.17642857137869253,12.26849315068493
11.00209984,16.4,712,12295.0,38.5,0.0,0.0,0.0,0,0,1,0,0,0,0,0.20491666691343513,19.068493150684933
10.59663473,22.41,697,14876.0,56.1,1.0,0.0,0.0,1,0,1,0,0,0,0,0.37190000115142974,13.725913241095888
10.54534144,16.42,717,25608.0,65.9,0.0,0.0,0.0,0,0,1,0,0,0,0,0.6738947359717858,5.095890410958904
10.30895266,16.2,687,23509.0,54.8,0.0,0.0,0.0,0,0,0,0,0,0,0,0.783633333838223,8.465753424657533
10.96812932,19.24,682,17599.0,28.3,3.0,2.0,0.0,0,0,1,0,0,0,0,0.30345196269985286,13.561529679452054
10.49127422,22.43,677,12905.0,81.2,1.0,0.0,1.0,0,0,0,0,0,0,0,0.35847222130390516,14.712214610958902
12.04355372,5.51,712,31895.0,66.6,3.0,0.0,0.0,0,0,1,0,0,0,0,0.18761764631443148,22.602625569863015
10.30895266,11.76,682,9036.0,82.9,0.0,0.0,0.0,0,0,1,0,0,0,0,0.3012000001940611,5.860159816438356
11.15625052,17.47,692,48280.0,97.7,3.0,0.0,0.0,0,1,0,0,0,0,0,0.689714286425723,21.454794520547946
11.71177632,1.46,747,10817.0,49.6,1.0,0.0,0.0,0,1,0,0,0,0,0,0.0886639347556509,12.517922375342467
10.66895539,0.28,677,68.0,2.5,0.0,0.0,0.0,0,0,0,0,0,0,0,0.0015813953562313376,9.287671232876713
11.1124479,11.95,742,19086.0,67.4,1.0,0.0,0.0,0,0,1,0,0,0,0,0.28486567117834416,16.52054794520548
11.75978554,12.92,742,12204.0,64.6,4.0,0.0,0.0,0,1,0,0,0,0,0,0.0953437502766642,18.65742009041096
11.53272809,6.21,772,4054.0,6.0,2.0,0.0,0.0,0,0,0,0,0,0,0,0.03974509812929427,11.26027397260274
11.6351431,13.19,747,19548.0,37.2,0.0,0.0,0.0,0,1,0,0,0,0,0,0.17299115004364282,11.588926939726026
11.88448902,9.76,722,110441.0,96.6,0.0,0.0,0.0,1,0,1,0,0,0,0,0.7616620700339092,14.794406391780822
11.40756495,6.03,702,362.0,36.2,1.0,0.0,0.0,0,0,0,0,0,0,1,0.004022222219456553,18.328767123287673
11.69524702,7.85,772,92944.0,20.6,0.0,0.0,0.0,0,0,0,0,1,0,0,0.7745333346997518,24.0
10.59663473,19.86,707,9777.0,72.4,2.0,0.0,0.0,0,1,0,0,0,0,0,0.24442500075675777,9.6163242
10.51867319,21.15,662,722.0,60.2,2.0,0.0,0.0,1,0,0,0,0,0,0,0.01951351354524955,7.972602739726027
10.81977828,8.54,702,7690.0,65.6,0.0,0.0,0.0,0,0,1,0,0,0,0,0.15380000067830163,6.2465753424657535
10.54534144,18.54,727,13862.0,74.5,0.0,0.0,0.0,0,0,0,0,0,1,0,0.3647894732130934,11.013698630136986
11.00209984,23.86,687,4503.0,35.7,1.0,3.0,0.0,0,0,1,0,0,0,0,0.07505000009037807,22.112328767123287
11.15619338,23.33,707,31485.0,64.4,3.0,0.0,0.0,0,0,1,0,0,0,0,0.4498114162396921,13.890296802739725
11.11654398,12.49,777,21760.0,63.2,0.0,0.0,0.0,0,0,0,0,0,1,0,0.32344853071942814,9.953424657534246
11.51292546,14.02,692,24594.0,64.3,0.0,0.0,0.0,0,0,1,0,0,0,0,0.245940001222378,12.493036528767123
10.37349118,11.48,762,1641.0,14.9,0.0,0.0,0.0,0,0,0,0,0,0,0,0.05128125009137618,7.972602739726027
10.71441777,15.2,722,5764.0,31.5,1.0,0.0,0.0,1,0,0,0,0,0,0,0.12808888872909238,9.947945205479453
11.00209984,6.78,672,0.0,0.0,2.0,1.0,0.0,0,0,1,0,0,0,0,0.0,11.178082191780822
10.37349118,4.09,682,286.0,35.7,2.0,0.0,0.0,0,0,0,0,0,1,0,0.008937500015925404,6.986301369863014
11.15619338,17.28,687,33711.0,81.6,2.0,0.0,0.0,0,0,1,0,0,0,0,0.4816132333764097,13.150684931506849
10.23995979,15.21,677,4293.0,66.0,2.0,0.0,0.0,0,1,0,0,0,0,0,0.15332142844223084,7.397260273972603
11.13458902,3.43,717,9846.0,59.7,1.0,0.0,0.0,0,1,0,0,0,0,0,0.14373722688830098,21.312328767123287
10.81769612,7.96,807,562.0,1.0,0.0,0.0,0.0,0,0,0,1,0,0,0,0.011263427909887531,39.205479452054796
11.00209984,22.54,727,32143.0,61.7,0.0,0.0,0.0,0,0,0,0,0,0,0,0.5357166673117971,12.32876712328767
10.91508846,6.83,662,8419.0,65.8,0.0,0.0,0.0,0,0,1,0,0,0,0,0.15307272791786886,3.1232876712328768
11.28978191,9.67,742,254.0,1.1,6.0,0.0,0.0,0,0,0,0,0,0,0,0.003175000011607858,9.534132419178082
11.15619338,18.4,682,9442.0,92.6,2.0,0.0,0.0,0,0,1,0,0,0,0,0.13489342201477442,10.857420090410958
11.00209984,19.1,742,9367.0,36.7,0.0,0.0,0.0,0,0,0,0,0,0,0,0.15611666685466832,14.876598172602739
10.34817337,17.96,712,766.0,51.1,0.0,0.0,0.0,0,0,0,0,0,0,0,0.024551282144517364,3.9452054794520546
11.74403719,11.86,677,20685.0,72.9,1.0,1.0,0.0,0,0,0,0,1,0,0,0.16416666599910176,12.657420090410957
10.73630972,11.3,747,13873.0,15.5,4.0,0.0,0.0,0,0,1,0,0,0,0,0.30161318229788187,18.986301369863014
10.78915411,24.47,692,15888.0,75.7,0.0,0.0,0.0,1,0,1,0,0,0,0,0.32764167444771375,5.917694063013699
11.31447453,19.93,697,52116.0,95.3,0.0,0.0,0.0,0,1,0,0,0,0,0,0.6355609732241081,18.986301369863014
11.71177632,11.02,712,38771.0,38.5,1.0,0.0,0.0,0,0,1,0,0,0,0,0.31779508314794686,24.35079908767123
10.62619354,19.63,667,5277.0,97.7,1.0,0.0,0.0,0,0,0,0,0,0,0,0.1280825236746751,4.027397260273973
10.59653473,23.01,772,0.0,5.34,2.0,0.0,0.0,0,0,1,0,0,0,0,0.0,12.32876712328767
10.46310334,10.49,757,15269.0,76.7,0.0,0.0,0.0,0,0,0,0,0,0,0,0.4362571430628602,7.7286529671232875
10.81977828,10.01,692,1412.0,94.1,0.0,0.0,0.0,0,0,1,0,0,0,0,0.02824000012454641,7.561529679452055
11.28978191,0.22,812,182.0,3.6,2.0,0.0,0.0,0,0,1,0,0,0,0,0.0022750000083174415,31.561529671232876
10.40426284,8.11,692,16941.0,36.5,2.0,0.0,0.0,0,0,1,0,0,0,0,0.5133636365939405,10.849200912328767
10.81977828,10.66,757,5076.0,22.7,0.0,0.0,0.0,0,1,0,0,0,0,0,0.10152000044773199,9.043835616438356
10.87237073,17.24,782,2765.0,9.4,1.0,0.0,0.0,0,0,0,0,0,0,0,0.05246679340652636,24.903995432876712
10.12647109,22.9,757,3803.0,11.7,1.0,0.0,0.0,0,0,0,0,0,1,0,0.15214434325449028,5.758789953424658
10.20492459,15.53,737,48.0,1.8,0.0,0.0,0.0,0,0,0,0,0,0,1,0.0017754105640838804,4.849200912328767
11.72803684,16.3,692,62587.0,77.4,3.0,0.0,0.0,0,0,0,1,0,0,0,0.5047338732830441,36.082191780821915
11.30713055,12.6,772,12212.0,19.0,2.0,0.0,0.0,0,0,0,0,1,0,0,0.15002457032321367,13.890296802739725
11.53272809,20.45,697,45410.0,41.2,0.0,0.0,0.0,0,0,1,0,0,0,0,0.4451960794403682,17.013698630136986
10.6454249,18.57,707,21389.0,69.9,1.0,0.0,0.0,0,0,0,0,0,0,1,0.5092619033693307,21.123287671232877
11.06663836,12.9,687,2628.0,46.9,1.0,0.0,0.0,0,0,1,0,0,0,0,0.0410625000961605,3.1232876712328768
10.03801845,19.56,707,12315.0,94.7,1.0,0.0,0.0,0,1,0,0,0,0,0,0.5382430045675414,8.219178082191782
11.77528973,6.94,667,9044.0,93.2,0.0,0.0,0.0,0,0,1,0,0,0,0,0.06956923073011329,19.808105021917807
12.20607265,8.89,662,24724.0,46.1,3.0,2.0,0.0,1,0,1,0,0,0,0,0.12361999944744015,13.890296802739725
12.20607265,10.84,727,72210.0,73.7,0.0,0.0,0.0,0,0,1,0,0,0,0,0.36104999838616947,15.287671232876713
11.22524339,7.18,752,0.0,0.0,4.0,0.0,0.0,0,0,0,0,0,0,0,0.0,4.76700913150685
10.4125917,9.56,747,9424.0,50.4,0.0,0.0,0.0,0,0,1,0,0,0,0,0.28320711493825,9.04109589041096
10.30895266,18.2,737,434.0,3.3,1.0,1.0,0.0,0,0,0,0,0,0,0,0.014466666675987441,8.219178082191782
11.40756495,10.21,752,54147.0,53.5,0.0,0.0,0.0,1,0,1,0,0,0,0,0.6016333329196519,26.054794520547944
11.25161265,16.99,662,9586.0,41.5,2.0,4.0,0.0,0,0,0,0,1,0,0,0.1244870393278818,23.424657534246574
11.60823564,11.92,667,21753.0,90.6,2.0,1.0,0.0,0,0,1,0,0,0,0,0.19775454639873505,9.780707761643836
10.91508846,19.75,687,7201.0,92.3,0.0,0.0,0.0,0,0,1,0,0,0,0,0.13092727327907988,11.753310501369862
10.03819326,10.54,682,4826.0,57.5,2.0,0.0,0.0,0,0,1,0,0,0,0,0.21088970362456355,4.6848173506849315
10.12647109,18.39,677,663.0,51.0,1.0,1.0,0.0,1,0,1,0,0,0,0,0.026524243906843818,4.191780821917808
11.21182037,5.98,707,3052.0,76.3,0.0,0.0,0.0,0,0,1,0,0,0,0,0.04124324333341363,15.698515980821917
10.88743693,19.87,667,17176.0,73.4,1.0,0.0,0.0,1,0,1,0,0,0,0,0.32104672989789285,10.698515980821918
10.91508846,9.38,777,16018.0,38.0,0.0,0.0,0.0,0,0,1,0,0,0,0,0.2912363648638108,16.273972602739725
9.210340372,1.2,807,82.0,2.3,0.0,0.0,0.0,1,0,0,0,0,0,0,0.008199999999804704,10.684817350684932
10.71441777,8.43,742,450.0,1.7,2.0,0.0,0.0,0,0,0,0,1,0,0,0.009999999987524561,3.5341324191780825
10.1266311,8.16,777,415.0,6.8,1.0,0.0,0.0,0,0,0,0,0,1,0,0.016600000063915595,7.972602739726027
10.63535051,23.69,682,9728.0,91.9,0.0,0.0,0.0,0,0,1,0,0,0,0,0.2339642610618007,14.383561643835616
10.59653473,16.32,702,911.0,45.5,0.0,1.0,0.0,0,0,0,0,0,0,0,0.022777277684398915,12.246575342465754
10.59663473,5.55,757,13315.0,61.4,0.0,0.0,0.0,0,0,0,0,0,0,0,0.33287500103060547,21.780707761643836
10.91508846,22.45,702,16957.0,67.0,3.0,0.0,0.0,1,0,0,0,0,0,0,0.30830909220849295,4.931506849315069
10.54534144,10.39,707,12343.0,67.8,0.0,0.0,0.0,1,0,1,0,0,0,0,0.32481578905419217,8.547831049315068
10.27090459,15.96,732,4545.0,16.2,0.0,0.0,0.0,0,0,0,0,0,0,0,0.157375346733578,5.013698630136986
11.15625052,18.09,712,14482.0,84.2,0.0,0.0,0.0,1,0,1,0,0,0,0,0.206885714499116,22.273972602739725
11.05089001,24.4,697,19525.0,59.0,1.0,0.0,0.0,0,0,1,0,0,0,0,0.30992063348683974,11.512214610958903
10.81977828,13.66,692,11999.0,96.8,1.0,0.0,0.0,0,0,0,0,0,0,1,0.23998000105837985,10.602625569863013
9.546812609,21.51,757,2520.0,13.3,0.0,0.0,0.0,0,0,0,1,0,0,0,0.17999999992753124,5.835502282191781
11.69524702,0.0,687,0.0,0.0,0.0,0.0,0.0,0,0,0,0,0,0,0,0.0,14.219178082191782
11.22524339,8.02,687,15278.0,76.4,3.0,0.0,0.0,0,0,1,0,0,0,0,0.20370666717969135,9.534132419178082
10.49127422,14.83,667,6922.0,74.4,2.0,0.0,0.0,0,0,1,0,0,0,0,0.19227777728520973,4.849200912328767
11.38509209,5.58,792,0.0,0.0,0.0,0.0,0.0,0,0,0,1,0,0,0,0.0,13.890296802739725
11.53272809,6.64,697,9271.0,47.1,1.0,0.0,0.0,0,0,1,0,0,0,0,0.09089215706874375,13.731392693150683
11.28978191,10.93,742,222.0,2.8,0.0,1.0,0.0,1,1,0,0,0,0,0,0.0027750000101454506,7.1506849315068495
11.55718156,1.23,807,19647.0,27.4,0.0,0.0,0.0,0,0,0,0,0,0,0,0.1879646010603011,14.553310501369863
11.51192496,0.18,802,1269.0,2.0,2.0,0.0,0.0,0,0,0,0,0,1,0,0.012702702761600624,16.931392693150684
11.35040654,17.39,727,19388.0,48.6,0.0,0.0,0.0,0,0,0,0,0,0,0,0.22809411661435217,8.547831049315068
11.21182037,14.06,797,177.0,1.4,0.0,0.0,0.0,0,0,0,0,0,0,0,0.0023918918971213014,11.588926939726026
11.46163217,11.52,717,19757.0,30.1,3.0,0.0,0.0,0,0,1,0,0,0,0,0.20796842117381023,21.041095890410958
10.08580911,8.05,727,2489.0,15.6,0.0,0.0,0.0,0,0,0,0,0,0,0,0.10370833326385737,8.383561643835616
10.30895266,17.0,702,0.0,0.0,0.0,0.0,0.0,0,0,0,0,0,0,0,0.0,13.068493150684931
11.09741002,6.29,697,500.0,25.0,0.0,0.0,0.0,0,0,0,0,0,0,0,0.007575757583398203,9.698515980821918
10.81577026,6.94,702,107.0,8.9,1.0,0.0,0.0,0,0,0,0,0,0,0,0.002148594383983204,9.862899542465753
12.25486281,19.33,672,26388.0,94.2,1.0,0.0,1.0,1,0,0,0,0,0,0,0.1256571428193961,16.520433789041096
10.51867319,4.51,742,8321.0,30.7,0.0,0.0,0.0,0,0,1,0,0,0,0,0.22489189225764752,18.986301369863014
10.71441777,13.81,787,2669.0,22.2,0.0,0.0,0.0,0,0,1,0,0,0,0,0.05931111103711789,21.780707761643836
10.91508846,6.74,677,306.0,38.2,1.0,3.0,0.0,0,0,1,0,0,0,0,0.005563636387084911,14.306849315068494
11.13453063,13.1,672,14606.0,92.4,1.0,1.0,0.0,0,0,1,0,0,0,0,0.21323872892442367,11.013698630136986
10.75798798,22.9,697,7013.0,54.8,1.0,0.0,0.0,0,0,1,0,0,0,0,0.1492000685946244,10.027397260273972
10.81977828,8.14,667,20111.0,50.8,3.0,0.0,0.0,0,1,0,0,0,0,0,0.40222000177390427,3.6190639260273976
10.29768947,15.53,682,3262.0,93.2,2.0,0.0,0.0,1,0,1,0,0,0,0,0.10996494048909547,9.123287671232877
11.40756495,8.99,782,17908.0,20.3,1.0,0.0,0.0,0,0,1,0,0,0,0,0.1989777776409612,27.945091315068492
11.60823564,5.78,722,33436.0,50.6,0.0,0.0,0.0,0,0,1,0,0,0,0,0.3039636378149269,19.808105021917807
11.26830288,21.69,667,67776.0,98.2,2.0,0.0,0.0,0,0,0,0,1,0,0,0.8655938714447194,9.123287671232877
10.87804719,22.96,717,16902.0,88.0,0.0,0.0,0.0,0,1,0,0,0,0,0,0.318905661185548,16.356164383561644
10.08580911,22.9,727,6675.0,23.3,1.0,0.0,0.0,0,0,0,0,0,1,0,0.27812499981367933,6.4930365287671234
11.00209984,7.3,782,2247.0,18.6,0.0,0.0,0.0,1,0,0,0,0,0,1,0.03745000004509872,12.657420090410957
11.40756495,10.47,767,93093.0,1.4,0.0,0.0,0.0,0,0,1,0,0,0,0,1.034366665955439,26.383561643835616
11.35035948,5.99,682,3634.0,55.9,0.0,1.0,0.0,0,0,0,0,0,1,0,0.042754952983649334,8.06027397260274
11.28978191,12.36,737,47256.0,31.6,1.0,0.0,0.0,1,0,0,1,0,0,0,0.59070000215961,13.643721460273971
11.14481394,18.22,712,17604.0,72.1,0.0,0.0,0.0,0,0,0,0,0,0,0,0.25437836049814566,15.945205479452055
11.68687877,8.47,787,2525.0,7.3,0.0,0.0,0.0,0,0,0,0,0,0,0,0.02121848743938242,16.769748857534246
11.00209984,11.76,707,8834.0,70.7,0.0,1.0,0.0,0,0,1,0,0,0,0,0.14723333351063733,11.506735158904108
10.77895629,0.0,717,0.0,0.0,2.0,2.0,0.0,0,0,0,0,1,0,0,0.0,11.26027397260274
10.46310334,14.5,682,17717.0,67.4,3.0,0.0,0.0,0,0,1,0,0,0,0,0.5062000002386989,9.698515980821918
11.22524339,3.74,722,23762.0,44.5,2.0,0.0,0.0,0,0,1,0,0,0,0,0.3168266674645782,20.550570775342464
11.06663836,10.78,702,26373.0,78.5,1.0,1.0,0.0,0,0,1,0,0,0,0,0.4120781259650079,13.150684931506849
11.00209984,2.82,712,1250.0,5.6,1.0,0.0,0.0,0,0,0,0,0,0,0,0.020833333358421628,9.123287671232877
11.25813644,15.88,702,14255.0,57.7,0.0,0.0,0.0,0,1,0,0,0,0,0,0.18391649817336084,23.50673515890411
10.85892207,5.53,692,1025.0,22.3,1.0,0.0,0.0,0,0,0,0,0,0,1,0.01971305488049287,4.060388128767123
10.81769612,12.46,757,0.0,0.0,2.0,0.0,0.0,1,0,0,0,0,1,0,0.0,10.769748857534246
11.28983191,9.81,712,24425.0,72.6,0.0,0.0,0.0,0,0,0,0,0,0,1,0.3052972358728066,11.917694063013698
11.26446411,13.82,777,737.0,5.7,3.0,0.0,0.0,0,0,0,0,1,0,0,0.00944871790782133,18.739611871232874
11.15625052,22.47,697,13260.0,66.6,2.0,0.0,0.0,1,0,1,0,0,0,0,0.18942857162396617,11.178082191780822
8.987196821,9.45,737,2892.0,42.5,2.0,0.0,0.0,0,0,0,1,0,0,0,0.3614999998778034,11.917694063013698
10.34817337,22.77,707,5274.0,17.6,2.0,0.0,0.0,0,0,1,0,0,0,0,0.16903846218039764,21.780707761643836
11.9381932,16.55,702,23798.0,48.7,3.0,1.0,0.0,1,0,1,0,0,0,0,0.15554248371839255,19.561529679452054
10.27505111,13.37,707,69.0,7.7,0.0,0.0,0.0,0,0,0,0,0,0,0,0.0023793103423735925,13.232876712328768
11.69274389,2.84,747,84712.0,57.7,1.0,0.0,0.0,0,0,0,0,1,0,0,0.7077025909020075,17.34246575342466
11.40756495,13.99,687,21648.0,86.9,0.0,1.0,0.0,0,0,0,0,1,0,0,0.2405333331679433,21.780707761643836
11.26446411,17.2,772,1401.0,9.2,1.0,0.0,0.0,1,0,0,0,0,0,0,0.017961538383796043,8.219178082191782
10.9331784,13.05,727,2624.0,48.6,0.0,0.0,0.0,0,0,0,0,0,0,0,0.04685379595771786,12.657420090410957
13.45883561,3.09,697,6960.0,44.6,0.0,0.0,0.0,1,0,0,0,1,0,0,0.009942857182882535,10.602625569863013
11.28978191,9.81,727,18654.0,54.1,3.0,0.0,0.0,0,1,0,0,0,0,0,0.23317500085249207,8.87659817260274
11.19821472,4.9,762,12296.0,19.6,0.0,0.0,0.0,0,0,1,0,0,0,0,0.16843835618636963,11.83550228219178
10.59663473,0.0,802,0.0,0.0,1.0,0.0,0.0,0,0,0,0,0,0,0,0.0,12.986301369863014
11.08214255,16.04,682,6868.0,71.5,0.0,0.0,0.0,0,0,1,0,0,0,0,0.10566153834296231,9.04109589041096
9.169518377,21.25,732,2385.0,54.2,1.0,0.0,0.0,1,0,1,0,0,0,0,0.2484375001132697,7.232876712328767
10.6465671,23.77,782,9955.0,20.0,0.0,0.0,0.0,0,0,0,0,1,0,0,0.23675323483542207,26.383561643835616
10.70395792,20.78,707,14145.0,43.5,0.0,0.0,0.0,0,0,1,0,0,0,0,0.31763846792775857,9.36986301369863
12.10071213,0.39,812,4085.0,4.7,0.0,0.0,0.0,0,0,0,0,0,0,0,0.022694444441547446,16.356164383561644
11.15625052,20.45,697,24105.0,84.6,0.0,0.0,0.0,0,0,1,0,0,0,0,0.3443571432123458,17.095890410958905
11.60823564,8.95,757,6535.0,9.0,2.0,0.0,0.0,0,0,1,0,0,0,0,0.05940909119274277,13.315068493150685
11.63444374,21.5,667,83317.0,72.2,0.0,0.0,0.0,0,0,1,0,0,0,0,0.7378344138495857,28.76700912328767
10.46310334,8.09,687,8907.0,61.9,0.0,0.0,0.0,0,0,1,0,0,0,0,0.2544857144057172,5.013698630136986
11.00209984,16.16,772,25415.0,27.6,2.0,0.0,0.0,0,1,0,0,0,0,0,0.42358333384342856,21.45205479452055
10.37349118,24.0,692,9690.0,49.2,0.0,0.0,0.0,0,0,1,0,0,0,0,0.3028125005395705,13.808105021917807
10.62132735,6.67,742,4561.0,95.0,3.0,0.0,0.0,0,0,0,0,0,0,0,0.11124390195916772,12.246575342465754
10.32728362,4.32,692,3371.0,88.7,1.0,0.0,1.0,0,0,1,0,0,0,0,0.1103256419897272,14.136986301369863
11.26446411,9.66,722,15129.0,42.4,3.0,0.0,0.0,0,0,0,0,0,0,0,0.19396153762202023,5.509474884931507
10.53049493,14.13,722,6811.0,56.8,0.0,0.0,0.0,0,0,0,0,0,0,0,0.18191773515034462,5.260273972602739
10.2791805,18.13,732,8713.0,41.3,1.0,0.0,0.0,0,0,1,0,0,0,0,0.2992101655265263,6.747831049315068
10.91501573,3.16,667,3864.0,52.9,2.0,0.0,0.0,1,0,0,1,0,0,0,0.07025965554956883,20.301369863013697
11.1844214,17.48,747,1249.0,6.1,6.0,0.0,0.0,1,0,0,0,0,0,1,0.017347222187496427,11.920433789041095
10.91616952,21.55,727,21216.0,64.1,0.0,0.0,0.0,0,0,1,0,0,0,0,0.3853286675157352,17.26027397260274
11.17064696,10.26,727,1893.0,24.7,0.0,0.0,0.0,0,0,0,1,0,0,0,0.02665632531732767,20.465753424657535
9.903687533,7.32,692,3156.0,26.7,0.0,1.0,0.0,0,0,1,0,0,0,0,0.15776844623797423,24.246575342465754
11.18924309,23.39,672,4908.0,34.6,0.0,2.0,0.0,0,0,1,0,0,0,0,0.06783877911684509,10.931392693150684
10.16585182,19.29,702,20493.0,95.3,0.0,0.0,0.0,1,0,0,1,0,0,0,0.788192305330583,7.72591324109589
11.62621844,17.19,697,53723.0,82.2,2.0,0.0,0.0,0,0,1,0,0,0,0,0.4796867722989153,19.232876712328768
9.798127037,7.33,752,2494.0,40.2,1.0,0.0,0.0,0,0,0,0,0,0,0,0.13855555553869353,9.945205479452055
11.04132055,13.52,662,7461.0,99.5,0.0,0.0,0.0,0,0,1,0,0,0,0,0.11956730821332451,22.273972602739725
10.59663473,5.82,687,7285.0,23.5,2.0,0.0,1.0,0,0,0,0,0,0,1,0.18212500056387237,15.205479452054794
11.00209984,10.42,717,15949.0,92.7,1.0,0.0,0.0,1,0,1,0,0,0,0,0.26581666698677325,9.205479452054794
11.23848862,15.28,667,15578.0,91.1,0.0,0.0,0.0,0,0,0,1,0,0,0,0.20497368406058153,10.602625569863013
11.35035948,15.02,712,27564.0,93.8,0.0,0.0,0.0,0,0,1,0,0,0,0,0.324297612559524,15.698515980821917
10.37349118,2.7,752,71.0,0.5,2.0,0.0,0.0,0,0,0,0,0,1,0,0.002218750003953509,4.6848173506849315
11.15625052,16.3,702,17304.0,90.1,2.0,0.0,0.0,0,0,1,0,0,0,0,0.24720000025498573,15.36986301369863
9.61580548,22.72,692,4197.0,56.0,0.0,0.0,0.0,1,0,0,0,0,0,1,0.27980000002360017,5.019178082191781
10.49127422,4.77,747,172.0,0.9,0.0,0.0,0.0,0,0,0,0,0,0,0,0.004777777765538295,4.602625569863013
11.51288546,14.04,687,44489.0,97.6,1.0,0.0,0.0,0,0,1,0,0,0,0,0.44490779816721027,17.9176940630137
11.15625052,14.66,747,15836.0,73.7,2.0,0.0,0.0,0,0,1,0,0,0,0,0.22622857166192523,14.630022830136985
10.59663473,7.62,802,0.0,0.0,1.0,0.0,0.0,0,0,0,0,0,1,0,0.0,18.65742009041096
10.55581274,24.75,717,6095.0,23.4,1.0,0.0,0.0,0,0,1,0,0,0,0,0.15872395810728152,5.917694063013699
11.31442574,9.34,667,4232.0,46.0,1.0,0.0,0.0,0,0,0,0,0,0,0,0.05161227400525718,10.027397260273972
11.05601968,19.82,752,11046.0,65.4,0.0,0.0,0.0,0,0,1,0,0,0,0,0.1744362332650694,13.810844747945204
11.08214255,13.42,662,4543.0,29.5,2.0,0.0,2.0,0,0,0,0,0,1,0,0.06989230761387272,14.054794520547945
10.77895629,23.32,682,21107.0,55.0,1.0,1.0,0.0,0,1,0,0,0,0,0,0.43972916661830874,9.205479452054794
11.15625052,13.68,802,1248.0,3.7,2.0,0.0,0.0,0,0,0,0,1,0,0,0.01782857144696152,15.698515980821917
11.08214255,14.99,787,1034.0,3.9,0.0,0.0,0.0,0,0,0,0,0,0,0,0.015907692289840278,15.6163242
10.73639668,7.43,692,4504.0,60.9,0.0,0.0,0.0,0,0,0,0,0,0,0,0.09791304303483539,6.0
10.59663473,18.24,712,15955.0,70.9,1.0,0.0,0.0,0,0,1,0,0,0,0,0.3988750012349463,13.725913241095888
11.06663836,8.18,737,27095.0,67.1,2.0,0.0,0.0,1,0,1,0,0,0,0,0.4233593759914265,19.03013698630137
11.20504069,22.32,727,33980.0,74.7,0.0,0.0,0.0,0,0,1,0,0,0,0,0.46231292295139476,31.068493150684933
10.858999,21.72,692,4742.0,36.8,0.0,0.0,0.0,0,0,0,0,0,1,0,0.09119230747012345,9.452054794520548
11.42573225,0.84,782,0.0,0.0,0.0,0.0,0.0,1,0,0,0,0,0,1,0.0,13.397260273972602
11.18996158,19.59,667,19892.0,67.0,1.0,0.0,1.0,0,0,1,0,0,0,0,0.27475138076867095,19.232876712328768
11.14186178,9.53,742,3613.0,5.7,0.0,0.0,0.0,0,0,1,0,0,0,0,0.05236231902800525,6.821803652054794
10.1266311,18.05,742,9268.0,47.5,1.0,0.0,0.0,1,0,1,0,0,0,0,0.3707200014273969,8.465753424657533
10.75790288,3.75,692,3343.0,77.7,1.0,1.0,0.0,0,0,1,0,0,0,0,0.07112765962370238,13.972602739726028
11.88172659,10.39,747,39716.0,37.5,1.0,0.0,0.0,0,0,1,0,0,0,0,0.2746611338080176,25.315068493150687
10.64875269,11.33,737,13421.0,67.4,0.0,0.0,0.0,1,0,1,0,0,0,0,0.3184859982094003,9.452054794520548
10.95080655,19.79,732,4451.0,13.5,1.0,0.0,1.0,0,0,1,0,0,0,0,0.07808771904966803,12.739611871232876
10.20507253,22.5,752,974.0,4.3,1.0,0.0,0.0,0,0,0,0,1,0,0,0.036020710064823235,6.657420090410959
11.29601246,11.33,707,21742.0,31.2,1.0,0.0,0.0,0,0,1,0,0,0,0,0.27008695744183214,8.054794520547945
10.23995979,21.0,727,8850.0,52.1,1.0,0.0,0.0,0,0,1,0,0,0,0,0.31607142830508805,21.36986301369863
10.858999,9.0,752,2951.0,20.6,0.0,0.0,0.0,0,0,0,0,1,0,0,0.056749999861732243,3.9534246575342467
10.13459927,12.14,677,10591.0,32.8,0.0,0.0,0.0,0,0,1,0,0,0,0,0.42027777924854576,5.424657534246576
10.59663473,22.74,707,17328.0,79.9,0.0,0.0,0.0,0,0,1,0,0,0,0,0.43320000134121905,7.72591324109589
11.08214255,14.73,692,13154.0,88.3,1.0,0.0,0.0,0,0,1,0,0,0,0,0.20236923054212672,8.301369863013699
10.77895629,3.52,742,3850.0,58.3,2.0,0.0,0.0,0,0,0,0,0,1,0,0.08020833332451266,11.506849315068493
11.1844214,0.93,737,3714.0,18.2,0.0,0.0,0.0,1,0,0,0,1,0,0,0.05158333323007344,3.8628995424657537
11.04292184,15.76,697,5954.0,87.6,3.0,0.0,0.0,0,0,1,0,0,0,0,0.09526399959269809,13.808105021917807
11.54248427,7.6,707,54633.0,44.4,0.0,0.0,0.0,0,0,0,0,0,0,1,0.5304174742492314,14.301369863013699
10.46244598,18.87,662,18554.0,79.6,1.0,0.0,0.0,0,0,1,0,0,0,0,0.5304628764534521,8.465753424657533
10.16585182,13.71,767,1883.0,6.5,2.0,0.0,0.0,0,0,0,0,0,1,0,0.07242307670606977,7.8902968027397264
11.22390917,11.84,672,12798.0,93.2,1.0,0.0,0.0,1,0,1,0,0,0,0,0.17086782368049347,4.358904109589041
13.5670492,0.6,707,6332.0,21.5,0.0,0.0,1.0,0,0,1,0,0,0,0,0.008117948707117547,15.205479452054794
11.40087596,1.26,702,3327.0,23.8,2.0,0.0,0.0,0,0,0,0,0,0,1,0.0372147651439,8.547831049315068
10.81977828,13.27,757,6606.0,35.7,0.0,0.0,0.0,0,0,0,0,0,0,0,0.13212000058268666,22.84920091232877
10.49127422,2.6,752,0.0,0.0,0.0,0.0,0.0,0,0,0,0,0,0,0,0.0,8.95890410958904
10.99065122,16.49,717,0.0,36.94,0.0,0.0,0.0,0,0,0,0,0,0,0,0.0,12.657420090410957
10.87804719,13.0,707,9784.0,77.2,0.0,0.0,0.0,0,0,1,0,0,0,0,0.1846037740527394,10.602625569863013
10.93310697,23.49,682,21076.0,98.5,2.0,0.0,0.0,0,0,0,0,0,0,0,0.3763571427507412,11.753310501369862
10.96335901,5.3,697,14722.0,70.1,1.0,0.0,0.0,0,0,1,0,0,0,0,0.25505890579546614,11.83550228219178
11.09741002,8.6,737,26850.0,58.1,1.0,0.0,0.0,0,0,1,0,0,0,0,0.40681818222848354,14.142465753424657
10.49127422,19.9,672,2610.0,27.8,1.0,0.0,0.0,1,0,1,0,0,0,0,0.07249999981427296,6.986301369863014
11.06663836,24.88,702,30803.0,84.4,1.0,0.0,0.0,0,0,1,0,0,0,0,0.481296876127105,28.520433780821918
11.08214255,9.16,732,13381.0,49.4,1.0,0.0,0.0,0,0,0,0,0,0,1,0.20586153823051523,11.506849315068493
10.81977828,13.51,737,11919.0,76.9,1.0,1.0,0.0,0,0,1,0,0,0,0,0.2383800010513234,25.068493150684933
10.57131693,19.75,707,19418.0,95.7,0.0,0.0,0.0,0,0,1,0,0,0,0,0.4978974334636054,9.04109589041096
10.71441777,20.67,697,563.0,4.5,1.0,1.0,0.0,0,0,0,0,0,0,0,0.012511111095502951,7.068493150684931
11.49272276,8.52,662,31961.0,87.9,1.0,0.0,0.0,0,0,1,0,0,0,0,0.32613265229569643,12.0
11.14186178,20.0,702,4326.0,34.1,0.0,0.0,0.0,0,0,1,0,0,0,0,0.06269565239832568,11.26027397260274
10.30895266,17.92,677,11386.0,55.5,0.0,0.0,0.0,1,0,1,0,0,0,0,0.37953333357786406,9.287671232876713
11.26446411,24.12,742,13930.0,50.1,0.0,0.0,0.0,0,1,0,0,0,0,0,0.17858974281675866,23.67111872054795
10.23995979,10.93,707,12558.0,40.0,2.0,0.0,0.0,0,0,1,0,0,0,0,0.4484999996220673,5.342465753424658
10.81977828,11.45,692,684.0,6.1,0.0,1.0,1.0,0,0,1,0,0,0,0,0.01368000006033268,6.2465753424657535
10.49127422,11.67,727,3973.0,44.6,1.0,0.0,0.0,0,0,1,0,0,0,0,0.11036111082839328,5.424657534246576
11.37144254,13.34,737,39299.0,54.3,0.0,0.0,0.0,1,0,0,0,0,0,0,0.452716947948094,19.643721460273973
10.23422911,24.96,702,3029.0,94.7,1.0,0.0,0.0,0,0,1,0,0,0,0,0.10880028784030432,4.769748857534247
11.28978191,2.96,722,4893.0,34.7,0.0,0.0,1.0,0,1,0,0,0,0,0,0.06116250022361122,13.150684931506849
11.17043516,6.83,717,11974.0,72.1,1.0,0.0,0.0,0,0,1,0,0,0,0,0.1686478866533073,10.438356164383562
10.96819829,19.7,712,7267.0,46.6,1.0,0.0,0.0,0,0,1,0,0,0,0,0.1252931033892072,8.539840183561644
12.20607265,0.26,797,3313.0,2.5,0.0,0.0,0.0,0,0,0,0,0,0,0,0.01656499992595734,19.315068493150687
10.94022444,15.94,697,3066.0,57.8,1.0,0.0,1.0,0,0,0,0,1,0,0,0.05436170199100244,14.547831049315068
12.79385931,2.09,702,1950.0,10.7,1.0,0.0,0.0,0,0,1,0,0,0,0,0.00541666666900825,10.027397260273972
11.78234173,1.98,807,8467.0,21.6,0.0,0.0,0.0,0,0,1,0,0,0,0,0.06467308270909096,30.739611863013696
10.50232405,1.75,682,3867.0,32.5,2.0,0.0,0.0,0,0,0,0,0,0,0,0.10623626412135231,5.095890410958904
10.46310334,7.71,722,6896.0,41.8,0.0,0.0,0.0,0,0,1,0,0,0,0,0.19702857152148037,14.794406391780822
11.46163217,11.23,692,31904.0,63.1,0.0,1.0,0.0,0,0,1,0,0,0,0,0.3358315791430501,17.263013698630136
11.05089001,13.33,727,13046.0,65.2,0.0,0.0,0.0,0,0,1,0,0,0,0,0.2070793641213476,8.383561643835616
10.77895629,12.38,767,1775.0,8.4,0.0,0.0,0.0,0,0,0,0,0,0,0,0.036979166662599997,5.013698630136986
10.59663473,7.47,732,15774.0,49.8,2.0,0.0,0.0,0,0,1,0,0,0,0,0.3943500012209366,9.6163242
10.42228135,15.61,697,1125.0,23.4,2.0,0.0,0.0,0,0,0,0,0,0,0,0.03348214272158354,26.465753424657535
10.59663473,19.53,672,36934.0,86.3,2.0,0.0,0.0,1,0,1,0,0,0,0,0.9233500028587595,10.356164383561644
10.1266311,7.2,757,4355.0,24.1,0.0,0.0,0.0,0,0,0,0,0,0,0,0.1742000006707287,8.065753424657535
9.61580548,16.16,802,811.0,7.7,0.0,0.0,0.0,0,1,0,0,0,0,0,0.054066666671227004,11.095890410958905
10.30895266,20.68,717,3866.0,53.0,0.0,0.0,0.0,1,0,1,0,0,0,0,0.12886666674969458,4.602625569863013
10.81977828,0.86,752,1749.0,24.0,0.0,0.0,0.0,0,0,0,0,0,0,1,0.03498000015427172,20.876598172602737
11.18351821,12.19,702,34665.0,94.7,0.0,0.0,0.0,0,0,1,0,0,0,0,0.4818933771552348,13.972602739726028
11.36789969,3.27,722,5482.0,57.7,0.0,0.0,0.0,1,0,0,1,0,0,0,0.06337572272840786,15.36986301369863
10.37349118,14.74,732,3192.0,23.0,2.0,1.0,0.0,0,0,1,0,0,0,0,0.09975000017774087,9.287671232876713
11.00209984,5.94,722,256.0,2.0,0.0,0.0,0.0,1,0,0,0,0,1,0,0.0042666666718047495,15.780707761643834
10.54534144,4.8,702,768.0,5.6,0.0,0.0,0.0,0,0,0,0,0,0,0,0.02021052628968805,12.082191780821917
10.92593848,24.0,732,9377.0,20.8,0.0,0.0,0.0,0,0,1,0,0,0,0,0.16865107917694336,11.40559360821918
9.903487553,10.92,742,5276.0,50.2,0.0,0.0,0.0,0,0,1,0,0,0,0,0.26379999987763064,11.83550228219178
10.30895266,8.12,732,15950.0,24.7,3.0,0.0,0.0,1,0,0,0,0,0,0,0.5316666670092158,7.808105021917808
11.1124479,21.58,687,19335.0,74.4,0.0,0.0,0.0,0,0,1,0,0,0,0,0.2885820890827457,7.643721460273973
11.04132055,3.65,782,9231.0,30.8,0.0,0.0,0.0,0,0,0,0,0,0,0,0.14793269295231182,16.19178082191781
12.37073927,2.51,802,2069.0,4.0,1.0,0.0,0.0,1,0,0,0,1,0,0,0.008774385046521243,14.219178082191782
10.08580911,17.5,682,8794.0,86.2,1.0,0.0,0.0,0,0,0,0,0,0,0,0.3664166664211979,7.315068493150685
10.59663473,4.38,757,3467.0,19.5,1.0,0.0,0.0,0,0,1,0,0,0,0,0.08667500026835218,26.054794520547944
10.79957558,14.33,762,11984.0,38.5,1.0,0.0,0.0,0,1,0,0,0,0,0,0.24457142786040142,10.027397260273972
10.54534144,4.23,742,16205.0,33.7,1.0,0.0,0.0,0,0,0,0,1,0,0,0.4264473678703058,18.164383561643834
11.74403719,17.14,682,46226.0,97.9,1.0,0.0,0.0,0,0,1,0,0,0,0,0.36687301438116887,22.931392693150688
11.22524339,4.53,762,1312.0,30.5,0.0,0.0,0.0,0,0,0,0,0,1,0,0.017493333377389387,7.068493150684931
10.62132735,4.71,702,5285.0,52.8,1.0,0.0,1.0,0,1,0,0,0,0,0,0.1289024384683625,19.808105021917807
10.96992094,13.45,692,5799.0,76.3,0.0,0.0,0.0,0,0,1,0,0,0,0,0.09981067153991698,6.903995432876712
11.40756495,7.96,707,7562.0,47.0,2.0,0.0,0.0,1,0,0,0,1,0,0,0.08402222216444877,13.561529679452054
10.93310697,23.57,687,11508.0,51.8,0.0,0.0,0.0,0,0,1,0,0,0,0,0.20549999994190218,13.972602739726028
13.08154138,2.09,692,19868.0,95.5,2.0,0.0,0.0,0,1,0,0,0,0,0,0.041391666786043245,11.013698630136986
11.40756495,3.47,732,20739.0,44.7,0.0,0.0,0.0,0,0,1,0,0,0,0,0.230433333174888,17.34246575342466
9.639522007,20.63,697,1163.0,14.7,1.0,1.0,0.0,1,0,0,0,0,0,0,0.07571614581074441,4.273972602739726
10.88482268,22.72,667,22978.0,83.9,1.0,0.0,0.0,1,0,1,0,0,0,0,0.4306196054340179,9.287671232876713
10.81977828,21.55,747,7356.0,28.3,0.0,0.0,0.0,0,1,0,0,0,0,0,0.14712000064884093,8.054794520547945
10.40453553,24.61,727,11820.0,40.6,1.0,0.0,0.0,1,1,0,0,0,0,0,0.358084159058421,16.356164383561644
11.0084132,18.2,707,50935.0,74.4,0.0,0.0,0.0,0,1,0,0,0,0,0,0.8435740338868893,15.94509132328767
10.93310697,24.04,667,17783.0,98.8,1.0,0.0,0.0,0,0,1,0,0,0,0,0.3175535713387944,12.164383561643836
10.59663473,15.24,672,15864.0,62.5,1.0,0.0,0.0,0,0,1,0,0,0,0,0.39660000122790273,3.9452054794520546
10.49127422,10.27,692,19897.0,72.6,2.0,0.0,0.0,0,0,1,0,0,0,0,0.5526944430285782,17.013698630136986
11.55214618,3.25,682,172.0,24.6,2.0,0.0,0.0,1,0,0,0,0,0,0,0.0016538461507427287,10.602625569863013
10.4744671,22.71,702,705.0,70.5,1.0,1.0,0.0,0,0,0,0,0,0,0,0.01991525421979987,16.76700913150685
11.35040654,2.39,782,3779.0,9.5,0.0,0.0,0.0,0,0,0,0,0,0,0,0.044458823328122385,18.246575342465754
11.73606902,8.14,777,431.0,3.5,0.0,0.0,0.0,1,0,0,0,0,0,1,0.003447999987188741,6.410958904109589
10.93310697,18.06,742,7556.0,49.2,0.0,0.0,0.0,0,0,0,0,0,0,0,0.13492857139042516,8.712328767123287
12.05058774,19.45,682,101022.0,93.2,1.0,0.0,0.0,0,0,1,0,0,0,0,0.5900817772881245,29.095890410958905
11.36261407,16.39,752,17524.0,33.5,0.0,0.0,0.0,0,1,0,0,0,0,0,0.2036632425317849,15.287671232876713
10.62132735,13.23,747,5672.0,17.1,2.0,0.0,0.0,0,0,1,0,0,0,0,0.13834146281789067,8.10958904109589
11.01862914,3.29,742,400.0,18.2,3.0,0.0,0.0,0,0,0,0,0,0,0,0.006557377069871794,5.095890410958904
10.30895266,6.68,762,1251.0,7.3,1.0,0.0,0.0,0,0,0,0,0,0,0,0.04170000002686702,8.12340182739726
10.81977828,5.71,677,7156.0,56.3,2.0,0.0,0.0,0,1,0,0,0,0,0,0.14312000063119978,15.246575342465754
11.03488966,20.69,727,126.0,2.2,2.0,0.0,0.0,0,1,0,0,0,0,0,0.0020322580727004983,20.15068493150685
11.22524339,12.62,702,6424.0,92.2,1.0,0.0,0.0,0,0,1,0,0,0,0,0.08565333354904682,10.76700913150685
10.54534144,4.83,697,1629.0,90.5,0.0,0.0,0.0,0,0,1,0,0,0,0,0.04286842099726801,5.671118720547946
10.42975336,18.11,742,15762.0,28.6,0.0,0.0,0.0,0,0,1,0,0,0,0,0.4656150304989937,14.95890410958904
13.48700649,0.03,792,865.0,30.2,2.0,0.0,0.0,0,0,0,0,1,0,0,0.001201388890080952,17.17808219178082
10.77895629,11.75,787,3415.0,7.3,2.0,0.0,0.0,0,0,1,0,0,0,0,0.07114583332550928,9.372716895890411
10.75790288,4.98,742,13430.0,58.9,2.0,0.0,0.0,0,0,1,0,0,0,0,0.2857446810488552,12.32876712328767
10.858999,18.74,662,10655.0,58.2,2.0,0.0,0.0,0,0,1,0,0,0,0,0.204903845654611,11.178082191780822
11.08214255,15.93,662,4569.0,95.2,0.0,0.0,0.0,0,1,0,0,0,0,0,0.07029230761342382,4.273972602739726
11.69524702,17.2,702,38447.0,82.9,2.0,0.0,0.0,0,0,0,0,0,0,1,0.3203916672318962,13.232876712328768
10.49127422,13.8,687,2439.0,78.7,3.0,0.0,0.0,0,0,0,0,0,0,0,0.06774999982644128,3.6163242
11.38509209,22.09,727,20017.0,32.0,0.0,0.0,0.0,1,0,1,0,0,0,0,0.22746590987801915,23.013698630136986
11.00209984,11.52,692,17883.0,73.6,1.0,1.0,0.0,0,0,1,0,0,0,0,0.2980500003589232,20.876598172602737
10.26813067,7.83,677,3323.0,75.5,0.0,0.0,0.0,1,0,1,0,0,0,0,0.11538194399722837,4.6848173506849315
10.91508846,0.0,677,0.0,0.0,0.0,0.0,0.0,0,0,0,0,0,1,0,0.0,19.397260273972602
11.1124479,3.89,752,5767.0,46.1,0.0,0.0,0.0,0,0,1,0,0,0,0,0.08607462672563715,9.04109589041096
10.15812977,0.0,797,0.0,0.0,0.0,0.0,0.0,0,0,0,0,1,0,0,0.0,12.32876712328767
11.91428215,1.24,727,1330.0,10.1,0.0,0.0,0.0,0,0,0,0,0,0,0,0.008903169618067544,10.438356164383562
10.79957558,17.51,662,9805.0,30.5,2.0,0.0,0.0,0,0,1,0,0,0,0,0.20010204023458245,6.410958904109589
10.46310334,24.69,702,17411.0,64.0,1.0,0.0,0.0,0,0,1,0,0,0,0,0.4974571430917191,7.972602739726027
11.40756495,14.99,687,30402.0,80.0,3.0,0.0,0.0,0,0,0,0,1,0,0,0.3377999997677297,11.424657534246576
10.46310334,20.5,727,22375.0,26.6,2.0,0.0,0.0,0,0,1,0,0,0,0,0.6392857145871699,15.04109589041096
11.19821472,18.05,747,68214.0,8.4,2.0,0.0,0.0,0,0,1,0,0,0,0,0.9344383562863547,16.849200912328765
10.83958091,13.74,717,7031.0,39.9,1.0,1.0,0.0,0,0,0,0,0,0,0,0.1378627453332968,10.27945205479452
10.91508846,18.92,732,9646.0,41.6,1.0,0.0,0.0,0,0,1,0,0,0,0,0.17538181892098384,8.136986301369863
10.75363848,3.15,692,6112.0,81.5,0.0,1.0,0.0,0,1,0,0,0,0,0,0.1305982908471768,23.9176940630137
11.66992921,12.64,732,28821.0,52.2,0.0,0.0,0.0,1,0,0,0,0,0,0,0.24633333426444717,19.315068493150687
11.91839057,15.76,682,55821.0,87.3,0.0,0.0,0.0,0,0,1,0,0,0,0,0.3721400011455932,10.723173515068494
12.36734079,12.39,677,21854.0,37.6,2.0,0.0,0.0,0,0,0,0,0,0,0,0.09299574497158328,14.958789953424656
10.30895266,1.68,667,2654.0,39.0,2.0,1.0,0.0,0,0,0,0,0,0,0,0.08846666672366514,4.027397260273973
10.30895266,2.0,792,5162.0,17.9,1.0,0.0,0.0,0,0,1,0,0,0,0,0.17206666677752805,14.712214610958902
11.25257927,11.8,712,63543.0,90.2,0.0,0.0,0.0,0,1,0,0,0,0,0,0.8243936365039944,16.19178082191781
10.49127422,4.33,747,8897.0,32.4,1.0,0.0,0.0,0,0,0,0,0,0,0,0.24713888825578026,14.383561643835616
10.77745516,9.59,687,10115.0,70.7,0.0,0.0,0.0,0,0,0,0,0,0,0,0.21104573606389657,35.91769405479452
11.6811481,0.4,737,1823.0,6.75,0.0,1.0,0.0,0,0,0,0,0,0,0,0.015407369804194345,14.465753424657533
10.51296069,11.19,807,32062.0,0.0,0.0,0.0,0.0,0,0,0,0,0,0,1,0.8715048205166013,41.91769405479452
10.62619354,0.79,722,3316.0,44.2,1.0,0.0,0.0,0,0,0,0,1,0,0,0.08048543651795008,24.65742009041096
10.32875529,12.98,672,2057.0,89.4,0.0,0.0,0.0,1,0,1,0,0,0,0,0.06722222208377616,10.684931506849315
9.903487553,3.42,807,1721.0,8.6,0.0,0.0,0.0,0,0,0,1,0,0,0,0.08604999996008383,13.643721460273971
10.53209621,14.78,687,4986.0,83.1,3.0,0.0,0.0,0,0,0,0,0,0,0,0.13296000026040236,11.26027397260274
11.60823564,2.81,792,691.0,0.8,0.0,0.0,0.0,0,0,0,0,1,0,0,0.006281818211811056,15.123287671232877
11.52781408,15.93,807,0.0,0.0,2.0,0.0,0.0,0,1,0,0,0,0,0,0.0,17.17808219178082
11.13458902,11.11,702,13827.0,52.2,1.0,1.0,0.0,0,0,0,0,0,0,0,0.20185401545648363,10.10958904109589
11.60823564,2.69,757,11437.0,16.3,3.0,0.0,0.0,0,0,0,0,0,0,1,0.10397272776915058,22.273972602739725
10.08580911,22.25,737,6738.0,28.2,0.0,0.0,0.0,1,0,1,0,0,0,0,0.28074999981192084,35.42465753424658
11.15944541,20.59,712,19995.0,67.3,2.0,0.0,0.0,0,0,1,0,0,0,0,0.2847317162017354,13.397260273972602
11.38509209,8.35,762,4397.0,48.9,0.0,0.0,0.0,0,0,0,0,0,0,0,0.04996590926380827,14.30958904109589
10.84894866,9.43,692,5492.0,70.9,2.0,0.0,0.0,0,0,1,0,0,0,0,0.10668220686464003,15.797146117808218
12.07254125,15.13,722,38107.0,69.9,0.0,0.0,0.0,0,0,1,0,0,0,0,0.21775428634700358,26.383561643835616
11.15625052,5.76,797,825.0,1.4,0.0,0.0,0.0,0,0,0,0,0,1,0,0.0117857142978712,19.890296802739726
11.00209984,14.32,742,41063.0,61.3,4.0,0.0,0.0,1,0,0,0,0,0,1,0.6843833341574939,30.991780821917807
10.54006438,21.05,667,8138.0,62.6,0.0,0.0,0.0,0,0,1,0,0,0,0,0.21529100563712406,7.068493150684931
10.67359577,14.89,682,17123.0,75.8,3.0,0.0,0.0,0,0,0,0,0,0,0,0.3963657424182404,6.657420090410959
10.40426284,14.76,747,23875.0,12.6,5.0,0.0,0.0,0,0,1,0,0,0,0,0.7234848488094168,32.88481734246575
9.287301413,6.44,797,2763.0,9.0,5.0,0.0,0.0,1,0,0,1,0,0,0,0.2558333333620663,24.493036528767124
10.59663473,22.23,692,6834.0,55.1,2.0,0.0,0.0,0,0,0,0,0,0,0,0.17085000052896415,6.082191780821918
10.20359214,24.49,767,5401.0,19.4,1.0,0.0,0.0,0,0,1,0,0,0,0,0.20003703803451503,16.438356164383563
8.699514748,5.0,677,369.0,3.0,1.0,1.0,0.0,0,0,0,0,0,1,0,0.061500000012926784,22.931392693150688
10.31011865,23.81,692,18154.0,91.2,0.0,0.0,0.0,0,0,1,0,0,0,0,0.6044281654968702,10.931392693150684
10.46310334,1.78,667,4198.0,44.2,0.0,1.0,0.0,1,0,0,0,0,0,1,0.11994285719941628,20.876598172602737
11.09741002,5.89,782,3577.0,9.4,2.0,0.0,0.0,0,1,0,0,0,0,0,0.05419696975163075,12.0
10.81977828,6.17,742,6881.0,28.2,0.0,0.0,0.0,0,0,0,0,0,1,0,0.13762000060694324,11.706735158904108
10.49127422,7.83,667,1790.0,34.4,0.0,0.0,0.0,0,0,0,0,0,1,0,0.049722222094846204,9.6163242
10.89673933,7.4,697,1366.0,21.0,1.0,0.0,0.0,0,0,1,0,0,0,0,0.02529629618363698,4.109589041095891
10.81977828,4.51,772,928.0,2.0,2.0,0.0,0.0,0,0,1,0,0,0,0,0.018560000081854863,11.838242008219177
10.62132735,23.94,687,8180.0,83.5,2.0,0.0,0.0,0,0,1,0,0,0,0,0.19951219426134442,8.219178082191782
11.28978191,10.56,772,5378.0,18.8,0.0,0.0,0.0,0,0,0,0,0,0,0,0.06722500024577582,34.76700912328767
11.60823564,7.78,742,15695.0,67.7,0.0,0.0,0.0,0,0,1,0,0,0,0,0.1426818188630601,14.876598172602739
11.15625052,10.29,787,1026.0,14.5,0.0,0.0,0.0,0,0,0,0,1,0,0,0.014657142872261636,12.758789953424657
11.69524702,3.44,797,21807.0,43.6,0.0,0.0,0.0,0,0,0,0,1,0,0,0.18172500032059616,20.630022830136983
10.68464561,5.22,667,12390.0,98.3,1.0,0.0,0.0,0,0,1,0,0,0,0,0.28365384627263646,4.3561643835616435
11.4050284,10.35,697,9572.0,96.7,1.0,0.0,0.0,0,1,0,0,0,0,0,0.10662567410655206,10.10958904109589
10.3859137,17.37,772,14163.0,18.4,5.0,0.0,0.0,0,0,1,0,0,0,0,0.4371296304079044,26.865753424657534
11.61728548,22.39,707,37591.0,77.2,0.0,0.0,0.0,0,0,0,0,0,0,0,0.3386576577573827,24.575228309589043
11.22524339,2.34,792,0.0,0.0,0.0,0.0,0.0,0,0,0,0,0,0,0,0.0,12.657420090410957
10.81977828,22.9,662,27297.0,80.0,0.0,0.0,0.0,0,0,1,0,0,0,0,0.5459400024077502,7.1506849315068495
10.34817337,17.19,662,0.0,33.29,0.0,3.0,0.0,0,0,0,0,1,0,0,0.0,29.095890410958905
11.60823564,16.12,687,1584.0,49.5,1.0,0.0,0.0,0,0,0,0,0,0,0,0.014400000068753565,9.123287671232877
11.31447453,12.34,702,24387.0,36.6,0.0,0.0,0.0,0,0,1,0,0,0,0,0.2974024379080575,11.506849315068493
11.72737243,16.65,707,40413.0,85.6,0.0,0.0,0.0,0,1,0,0,0,0,0,0.32612790249016876,29.013698630136986
10.59663473,14.31,672,980.0,32.7,3.0,0.0,0.0,1,0,0,0,0,0,0,0.0245000000758538,7.643721460273973
11.00209984,18.02,692,11188.0,42.7,2.0,0.0,0.0,0,0,0,0,0,0,0,0.18646666689121694,12.57522830958904
11.8913619,24.12,682,27433.0,56.8,1.0,0.0,0.0,0,0,0,0,0,0,0,0.18789726040371074,29.34246575342466
10.96819829,4.3,707,8752.0,53.0,0.0,0.0,0.0,0,0,1,0,0,0,0,0.1508965516529987,8.87659817260274
11.05089001,13.64,737,10326.0,27.8,1.0,0.0,0.0,0,0,1,0,0,0,0,0.16390476114648436,10.931392693150684
11.00209984,9.48,682,18393.0,71.6,2.0,0.0,0.0,0,1,0,0,0,0,0,0.3065500003691592,18.0
9.952277717,16.46,752,4372.0,21.1,1.0,0.0,0.0,1,0,1,0,0,0,0,0.20819047612917674,9.945091323287672
10.71441777,12.0,672,9311.0,40.5,0.0,0.0,0.0,0,0,1,0,0,0,0,0.20691111085298042,23.67111872054795
11.35040654,19.71,737,3519.0,12.1,0.0,0.0,0.0,0,0,1,0,0,0,0,0.04139999981255958,11.095890410958905
11.35035948,11.38,762,265.0,3.3,1.0,0.0,0.0,0,0,0,0,0,0,0,0.003117793764630455,12.257534246575343
10.59663473,12.42,737,7658.0,36.0,0.0,0.0,0.0,0,0,1,0,0,0,0,0.19145000059274328,10.273972602739725
10.91508846,17.72,712,21470.0,85.5,0.0,0.0,0.0,0,0,0,0,0,0,0,0.39036363800886614,10.150684931506849
11.39414193,21.57,707,13724.0,87.4,0.0,0.0,0.0,1,1,0,0,0,0,0,0.15454954939194943,9.862899542465753
10.25132355,11.27,687,3430.0,71.5,1.0,0.0,0.0,0,0,1,0,0,0,0,0.12111581894351198,3.2054794520547945
11.1844214,14.22,782,1751.0,6.1,0.0,0.0,0.0,0,0,0,0,0,1,0,0.024319444395761603,15.780707761643834
11.11346857,1.81,777,4814.0,23.5,0.0,0.0,0.0,0,0,0,0,1,0,0,0.0717774476638354,19.72591324109589
10.90753272,19.83,777,33809.0,22.1,1.0,0.0,0.0,0,0,1,0,0,0,0,0.6193712664894824,15.701255706849313
11.22524339,11.25,672,3672.0,79.8,0.0,0.0,0.0,0,0,0,0,0,0,1,0.048960000123303225,12.41095890410959
11.00209984,17.08,667,13859.0,88.5,0.0,0.0,0.0,0,0,1,0,0,0,0,0.2309833336114923,4.3561643835616435
10.08580911,14.86,692,261.0,87.0,0.0,0.0,0.0,0,0,0,1,0,0,0,0.010874999992714653,3.698515980821918
11.47210347,21.43,692,52264.0,82.8,1.0,0.0,0.0,0,0,0,0,1,0,0,0.5444166669116394,12.986301369863014
11.40756495,17.43,677,14218.0,74.8,0.0,0.0,0.0,0,0,1,0,0,0,0,0.1579777776691527,12.082191780821917
10.71441777,19.63,757,3417.0,15.3,1.0,0.0,0.0,0,0,0,0,0,1,0,0.07593333323860317,11.509589041095891
11.59542669,12.25,727,24573.0,87.4,1.0,0.0,0.0,0,0,0,0,0,0,0,0.2262707174360175,16.534246575342465
10.45045222,6.32,687,8903.0,79.5,1.0,0.0,0.0,0,0,0,0,0,0,1,0.2576099544554073,5.342465753424658
11.39075783,8.83,762,75336.0,32.6,0.0,0.0,0.0,0,0,0,1,0,0,0,0.8512542381360025,19.808105021917807
11.28499548,2.19,797,0.0,0.0,0.0,0.0,0.0,0,1,0,0,0,0,0,0.0,19.890296802739726
11.62625415,16.66,712,65844.0,48.9,1.0,0.0,0.0,0,0,0,0,1,0,0,0.58789285730584,24.986301369863014
11.02179789,7.9,747,5418.0,8.2,1.0,0.0,0.0,0,0,1,0,0,0,0,0.08853867052195609,7.561529679452055
9.798127037,2.8,742,2135.0,46.4,1.0,0.0,0.0,0,0,0,0,0,1,0,0.1186111110966763,6.164383561643835
11.51292546,6.54,762,7563.0,30.0,0.0,0.0,0.0,0,0,1,0,0,0,0,0.07563000037589838,18.986301369863014
10.21504483,23.73,692,9166.0,73.9,2.0,0.0,0.0,0,0,1,0,0,0,0,0.3356156861287346,8.87659817260274
12.15477935,6.35,767,544.0,2.7,2.0,1.0,0.0,0,0,0,0,0,0,0,0.0028631578980083524,19.808105021917807
10.30895266,22.52,712,10131.0,39.6,0.0,0.0,0.0,0,0,0,0,0,0,0,0.3377000002175778,9.862899542465753
10.46310334,23.92,722,8151.0,57.0,1.0,0.0,0.0,0,0,1,0,0,0,0,0.23288571439553168,6.164383561643835
9.505990614,2.05,717,1554.0,23.9,2.0,0.0,0.0,0,0,0,0,0,0,0,0.11562500000891938,8.465753424657533
11.59910316,8.69,752,4963.0,14.2,1.0,0.0,0.0,0,0,1,0,0,0,0,0.045532110146895274,10.684817350684932
11.00209984,2.9,742,3880.0,25.0,4.0,0.0,0.0,0,1,0,0,0,0,0,0.06466666674454073,9.945091323287672
10.69194491,22.96,717,13694.0,83.5,0.0,0.0,0.0,0,0,1,0,0,0,0,0.3112272736299557,15.04109589041096
10.30895266,12.56,802,2316.0,4.8,0.0,0.0,0.0,0,0,0,0,0,0,0,0.07720000004973944,11.917694063013698
11.48246626,18.73,662,31485.0,58.6,0.0,0.0,0.0,1,0,1,0,0,0,0,0.32458762804981,12.16449771780822
10.6666271,14.21,747,14447.0,68.8,0.0,0.0,0.0,0,1,0,0,0,0,0,0.3367599084154551,10.191780821917808
11.22524339,12.22,712,15191.0,83.0,1.0,0.0,0.0,0,0,1,0,0,0,0,0.20254666717676995,7.808105021917808
10.08580911,10.8,702,9424.0,38.6,0.0,0.0,0.0,1,0,0,0,0,0,0,0.3926666664036126,7.232876712328767
11.01862914,18.85,692,18020.0,34.9,0.0,0.0,0.0,0,0,1,0,0,0,0,0.2954098369977243,14.958789953424656
10.858999,23.12,687,13882.0,69.4,0.0,0.0,0.0,1,0,1,0,0,0,0,0.2669615378111037,9.936986301369863
10.85417971,24.7,737,9200.0,26.8,1.0,0.0,0.0,0,0,0,0,0,1,0,0.17777777797824268,8.879337898630137
11.52132013,0.88,777,2817.0,9.5,0.0,0.0,0.0,0,0,0,0,0,0,1,0.02793451209008151,18.953424657534246
10.91508846,23.21,677,34715.0,96.7,1.0,0.0,0.0,0,0,1,0,0,0,0,0.6311818208420023,10.027397260273972
10.81977828,24.43,667,26669.0,92.6,0.0,1.0,0.0,0,0,0,0,0,0,0,0.533380002352357,11.588926939726026
11.20612853,10.29,707,12560.0,53.0,0.0,0.0,0.0,0,0,0,0,0,0,0,0.17069855916219193,4.1945205479452055
11.38736224,5.56,792,14653.0,44.3,3.0,0.0,0.0,0,0,0,0,0,0,1,0.16613378717948998,26.4
10.84544603,3.16,722,4138.0,98.5,0.0,0.0,0.0,0,0,1,0,0,0,0,0.08066276812466604,11.83550228219178
12.20607265,6.11,737,2874.0,4.7,1.0,0.0,0.0,0,0,1,0,0,0,0,0.014369999935768606,19.068493150684933
11.17043516,8.15,762,6953.0,30.9,4.0,0.0,0.0,0,0,0,0,0,1,0,0.09792957707536709,9.36986301369863
11.5228758,3.07,772,13648.0,20.7,1.0,0.0,0.0,0,0,1,0,0,0,0,0.13512871230690812,18.821803652054793
11.12726298,9.21,702,2822.0,40.3,0.0,0.0,0.0,0,0,1,0,0,0,0,0.04150000017256714,8.630022830136987
12.20607265,2.52,762,17604.0,36.1,2.0,0.0,0.0,0,0,1,0,0,0,0,0.08801999960656595,25.397260273972602
11.12726298,17.81,752,38581.0,65.4,1.0,0.0,0.0,0,0,1,0,0,0,0,0.5673676494180769,25.47945205479452
11.15625052,6.84,752,5303.0,26.6,1.0,0.0,0.0,0,0,1,0,0,0,0,0.07575714293528603,9.534246575342467
11.1124479,13.81,687,13217.0,96.5,0.0,0.0,0.0,0,0,1,0,0,0,0,0.19726865639548227,7.232876712328767
10.98529272,20.4,702,7278.0,30.1,0.0,0.0,0.0,0,0,1,0,0,0,0,0.12335593255962403,5.424657534246576
10.89673933,11.2,702,5418.0,33.9,3.0,0.0,0.0,1,0,0,0,0,0,1,0.10033333288648986,10.810844747945206
10.46310334,16.63,722,3159.0,17.4,0.0,0.0,0.0,0,0,1,0,0,0,0,0.09025714289970367,5.095890410958904
10.46253175,1.61,742,1926.0,6.0,4.0,3.0,0.0,1,0,1,0,0,0,0,0.055060034226724244,14.712214610958902
10.86145751,18.99,747,14385.0,50.3,1.0,0.0,0.0,0,1,0,0,0,0,0,0.27595534108664244,8.794406391780822
10.82480563,1.58,757,2138.0,14.4,0.0,0.0,0.0,0,0,0,0,0,0,1,0.042545570160665666,4.3561643835616435
11.07906088,22.81,662,11328.0,39.9,2.0,1.0,0.0,0,0,1,0,0,0,0,0.17481481522394546,25.561529679452057
11.35040654,23.48,667,11369.0,91.7,1.0,0.0,0.0,0,1,0,0,0,0,0,0.13375294057089795,16.780707761643836
10.10821619,4.16,682,2791.0,35.8,1.0,0.0,0.0,0,0,1,0,0,0,0,0.11371488677881622,3.7807077616438356
10.82972862,7.96,702,16721.0,74.6,3.0,0.0,0.0,0,0,1,0,0,0,0,0.33110890932277587,8.630022830136987
11.22524339,9.81,722,14132.0,67.6,3.0,0.0,0.0,0,0,1,0,0,0,0,0.18842666714120945,7.8902968027397264
10.78518684,4.57,717,1937.0,84.2,1.0,0.0,0.0,0,0,0,0,0,0,0,0.04010351965432644,6.986301369863014
10.93310697,23.72,707,27298.0,99.3,2.0,0.0,0.0,0,0,1,0,0,0,0,0.4874642855764725,18.986187213698628
11.69524702,20.15,702,68903.0,92.9,0.0,0.0,0.0,0,0,1,0,0,0,0,0.5741916676796458,11.849200912328765
10.30895266,18.04,672,7768.0,42.9,1.0,0.0,0.0,0,0,0,0,0,1,0,0.25893333350016234,5.342465753424658
10.37349118,6.9,732,11247.0,57.7,1.0,0.0,0.0,0,0,0,0,0,0,0,0.3514687506262693,9.452054794520548
11.31447453,12.67,697,33896.0,72.7,3.0,0.0,0.0,0,1,0,0,0,0,0,0.41336585210692245,10.849200912328767
9.903487553,14.94,692,4455.0,40.5,3.0,0.0,0.0,0,0,1,0,0,0,0,0.22274999989667257,3.7861872136986303
10.42228135,11.36,682,10908.0,92.4,1.0,0.0,0.0,0,0,1,0,0,0,0,0.324642855828474,7.8902968027397264
10.59663473,5.64,697,4388.0,43.9,0.0,0.0,0.0,0,0,0,0,0,0,0,0.10970000033963927,7.47945205479452
10.81977828,19.42,707,4711.0,77.2,3.0,0.0,0.0,0,0,1,0,0,0,0,0.09422000041553692,10.931392693150684
10.89673933,15.0,682,18270.0,52.7,0.0,0.0,0.0,1,0,1,0,0,0,0,0.3383333318265356,10.556278539726028
10.6454249,22.74,702,19721.0,67.1,1.0,0.0,0.0,0,0,0,0,0,0,0,0.46954761776364357,8.301369863013699
10.30895266,16.08,712,6327.0,66.6,1.0,0.0,0.0,1,0,1,0,0,0,0,0.21090000013588145,9.945091323287672
11.25392155,10.59,707,10730.0,95.8,0.0,0.0,0.0,0,0,1,0,0,0,0,0.1390220515241771,13.315068493150685
11.82041016,5.99,682,6548.0,63.0,0.0,0.0,0.0,1,0,1,0,0,0,0,0.04814705905069635,10.769748857534246
11.18191827,19.31,722,9918.0,21.1,1.0,0.0,0.0,0,0,1,0,0,0,0,0.1380952377886768,10.19189497808219
11.12726298,7.82,802,2889.0,14.5,1.0,0.0,0.0,0,0,0,0,0,0,0,0.0424852942943113,22.356164383561644
10.30895266,20.16,697,1923.0,76.9,1.0,0.0,0.0,1,0,0,0,1,0,0,0.06410000004129919,3.8628995424657537
12.75995776,4.87,812,129224.0,4.6,0.0,0.0,0.0,0,0,0,0,0,0,0,0.37133333287162146,18.246575342465754
10.91508846,19.03,692,10112.0,53.5,1.0,0.0,1.0,0,0,1,0,0,0,0,0.18385454622942035,12.93413241917808
11.15625052,9.89,707,24427.0,45.6,0.0,0.0,0.0,0,0,1,0,0,0,0,0.34895714321709065,19.405479452054795
11.15625052,7.41,712,14610.0,29.3,0.0,0.0,0.0,0,0,1,0,0,0,0,0.20871428592957358,11.265753424657534
10.69194491,20.75,697,6508.0,62.0,1.0,0.0,0.0,0,1,0,0,0,0,0,0.14790909133808616,11.013698630136986
10.66895539,23.79,707,3564.0,57.5,1.0,0.0,0.0,0,0,1,0,0,0,0,0.08288372131777187,7.068493150684931
11.60823564,11.02,712,38771.0,38.5,1.0,0.0,0.0,0,0,0,0,0,0,0,0.3524636380464927,24.19178082191781
9.392661929,12.0,662,2383.0,95.3,0.0,1.0,0.0,0,0,0,1,0,0,0,0.1985833332876863,25.972488583561645
9.957975738,20.34,722,2639.0,12.2,1.0,0.0,0.0,0,0,1,0,0,0,0,0.12495265149268474,18.991780821917807
10.08580911,8.95,722,1620.0,17.1,0.0,0.0,0.0,0,0,0,0,0,0,0,0.0674999999547806,5.095890410958904
9.472396897,11.63,697,4996.0,38.4,3.0,0.0,0.0,0,0,1,0,0,0,0,0.384425977142644,11.342465753424657
9.906682443,17.58,677,9390.0,83.8,0.0,0.0,0.0,0,0,1,0,0,0,0,0.46800239254697784,4.797146117808219
11.35040654,18.59,702,26090.0,89.7,2.0,0.0,0.0,0,0,1,0,0,0,0,0.30694117508089785,8.145205479452056
10.98529272,24.08,677,22240.0,84.2,0.0,0.0,0.0,0,0,1,0,0,0,0,0.37694915363094783,13.808105021917807
10.30895266,14.75,767,7552.0,15.8,2.0,0.0,0.0,0,0,0,0,0,0,0,0.2517333334955234,21.534246575342465
11.73606902,14.16,692,8641.0,41.9,0.0,0.0,0.0,1,0,0,0,0,0,0,0.0691279997431506,9.945091323287672
10.91508846,12.7,737,3644.0,52.1,1.0,0.0,0.0,0,0,1,0,0,0,0,0.06625454573378241,6.164383561643835
10.71441777,10.35,667,3062.0,78.5,0.0,0.0,0.0,0,0,0,0,0,0,1,0.068044444359556,11.753310501369862
10.6454249,20.91,697,973.0,48.6,3.0,0.0,0.0,0,0,1,0,0,0,0,0.023166666603317537,8.879337898630137
10.92593848,20.2,667,22851.0,78.2,1.0,0.0,0.0,0,0,0,0,0,0,0,0.4109892087311862,6.082191780821918
10.96819829,4.43,697,8652.0,50.3,1.0,0.0,1.0,0,1,0,0,0,0,0,0.14917241372277704,32.3013698630137
10.1266311,12.91,697,18988.0,60.7,2.0,0.0,0.0,0,0,0,0,0,1,0,0.7595200029244079,10.356164383561644
11.62625415,8.88,667,20755.0,89.5,2.0,0.0,0.0,0,0,1,0,0,0,0,0.1853125000513746,11.506849315068493
10.62132735,8.2,662,7979.0,48.7,0.0,1.0,0.0,0,0,1,0,0,0,0,0.19460975525810112,5.095890410958904
9.761463053,16.32,692,1245.0,31.1,0.0,0.0,0.0,0,0,0,0,0,0,0,0.07174965418314053,20.054794520547944
10.89673933,11.78,682,25216.0,59.9,1.0,0.0,0.0,0,0,1,0,0,0,0,0.4669629608833017,4.6848173506849315
12.07539432,10.19,717,19315.0,72.1,2.0,0.0,0.0,0,0,0,0,1,0,0,0.11005698026477406,10.520547945205479
10.61624126,13.54,687,9847.0,24.1,1.0,0.0,0.0,0,0,0,0,0,1,0,0.24139537230171249,5.917694063013699
9.729134165,14.93,732,6109.0,43.9,1.0,0.0,0.0,0,0,0,1,0,0,0,0.36363095252325955,9.780707761643836
11.65268741,13.36,677,2884.0,96.8,2.0,0.0,0.0,1,0,1,0,0,0,0,0.025078260802992133,11.917694063013698
11.35040654,9.19,677,40.0,1.0,2.0,0.0,0.0,0,1,0,0,0,0,0,0.0004705882331635076,5.671118720547946
10.81977828,1.92,727,0.0,0.0,3.0,0.0,0.0,1,0,0,0,0,0,0,0.0,8.794406391780822
11.38509209,19.7,732,32725.0,41.9,2.0,0.0,0.0,0,0,1,0,0,0,0,0.371875001286815,17.758789953424657
11.04132055,13.63,712,5338.0,86.1,1.0,0.0,0.0,0,0,0,0,0,0,0,0.0855448721676352,6.410958904109589
10.9156156,11.88,777,8805.0,8.4,3.0,1.0,0.0,1,0,1,0,0,0,0,0.16000654168230494,30.821803643835615
10.37349118,12.98,727,10491.0,27.0,3.0,0.0,0.0,1,1,0,0,0,0,0,0.32784375058417276,5.671118720547946
10.39352663,18.19,782,0.0,0.0,0.0,0.0,0.0,0,0,0,0,0,1,0,0.0,5.920433789041096
11.21182037,13.28,717,34751.0,76.5,1.0,0.0,0.0,0,1,0,0,0,0,0,0.46960810913481554,13.64646118630137
10.97382039,10.99,717,4431.0,17.3,2.0,0.0,0.0,0,0,0,0,0,1,0,0.07596824774682194,10.027397260273972
10.37349118,18.56,757,16588.0,38.3,1.0,0.0,0.0,0,0,0,0,0,0,0,0.5183750009236734,12.98618721369863
11.2515607,15.8,752,1842.0,5.0,0.0,0.0,0.0,0,0,0,0,1,0,0,0.02392207794207248,26.79440639178082
10.77895629,16.63,732,15355.0,35.5,2.0,0.0,0.0,0,0,0,0,0,0,0,0.31989583329815374,9.945091323287672
10.59778407,19.78,687,3147.0,73.2,0.0,0.0,0.0,0,0,1,0,0,0,0,0.07858462786304793,3.2054794520547945
11.90496755,18.54,662,46031.0,77.4,1.0,1.0,0.0,1,1,0,0,0,0,0,0.3110202711244103,13.397260273972602
11.00209984,15.5,672,7237.0,45.0,1.0,1.0,0.0,1,0,1,0,0,0,0,0.12061666681191786,9.945091323287672
10.56874953,8.14,757,2120.0,13.5,3.0,0.0,0.0,0,0,0,0,0,0,1,0.05449871463151312,3.9450913232876714
11.30220443,0.81,752,981.0,1.1,7.0,1.0,0.0,1,1,0,0,0,0,0,0.012111111155372088,13.068493150684931
11.22524339,10.5,757,12952.0,27.2,0.0,0.0,0.0,0,0,0,0,0,1,0,0.17269333376825255,39.45205479452055
10.81977828,19.61,682,4301.0,93.5,0.0,1.0,0.0,0,0,1,0,0,0,0,0.0860200003793726,8.632762556164383
10.91508846,10.82,697,405.0,6.2,1.0,0.0,0.0,0,0,0,0,0,0,1,0.007363636394671206,21.780707761643836
11.47210347,10.95,712,19304.0,41.8,2.0,1.0,0.0,0,1,0,0,0,0,0,0.20108333342381537,11.83550228219178
9.903487553,18.9,727,24.0,6.0,0.0,0.0,0.0,0,0,0,0,0,0,1,0.0011999999994433538,6.657420090410959
10.48893816,22.89,682,5019.0,98.4,1.0,0.0,0.0,0,0,1,0,0,0,0,0.13974273271407367,6.903995432876712
10.30895266,2.8,732,8526.0,15.6,2.0,0.0,0.0,0,0,0,0,0,1,0,0.28420000018310815,14.383561643835616
10.6454249,21.17,667,20323.0,78.8,3.0,0.0,0.0,0,0,0,0,0,0,0,0.48388095105778245,6.903995432876712
10.727663,8.84,737,13819.0,56.4,0.0,0.0,0.0,0,0,1,0,0,0,0,0.30304824425106885,12.082191780821917
12.22587527,6.29,727,41977.0,25.4,1.0,0.0,0.0,0,0,0,0,0,0,0,0.20576960842471498,20.712214610958902
14.12446477,0.62,782,20.0,0.1,2.0,0.0,0.0,0,0,1,0,0,0,0,1.468428774877526e-05,12.90399543287671
11.00209984,18.58,697,24089.0,60.2,0.0,0.0,0.0,0,0,1,0,0,0,0,0.4014833338168149,6.917694063013699
11.00209984,17.9,732,26715.0,39.8,1.0,0.0,0.0,0,0,1,0,0,0,0,0.445250000536187,12.739611871232876
11.69524702,3.88,692,16725.0,99.0,1.0,0.0,0.0,0,0,1,0,0,0,0,0.139375000245883,12.742351597260273
9.574983486,6.75,712,2256.0,53.7,0.0,0.0,0.0,0,1,0,0,0,0,0,0.1566666665983743,8.630022830136987
10.23995979,16.5,772,7943.0,25.1,0.0,0.0,0.0,0,0,1,0,0,0,0,0.28367857118952705,18.410958904109588
13.71015004,1.16,747,30706.0,44.0,1.0,0.0,0.0,0,0,0,0,0,0,0,0.03411777785646864,13.397260273972602
11.19821472,13.55,682,618.0,1.8,0.0,1.0,0.0,0,0,1,0,0,0,0,0.00846575342576256,23.095890410958905
9.862665558,22.69,717,11023.0,79.3,0.0,0.0,0.0,0,0,1,0,0,0,0,0.5741145833424464,9.123287671232877
11.19821472,11.74,682,21075.0,59.8,2.0,1.0,0.0,0,0,0,0,0,0,0,0.2886986301746698,12.01095890410959
10.42821608,20.52,712,1867.0,66.7,1.0,0.0,0.0,0,0,0,0,0,0,0,0.05523668647179177,3.287671232876712
10.59663473,9.48,772,1326.0,18.2,0.0,0.0,0.0,0,0,1,0,0,0,0,0.03315000010263484,16.931392693150684
10.77895629,8.82,722,3688.0,32.1,0.0,0.0,0.0,0,0,1,0,0,0,0,0.07683333332488382,8.87659817260274
10.59663473,17.61,722,7383.0,35.0,0.0,0.0,0.0,0,0,1,0,0,0,0,0.18457500057145776,6.0
10.81977828,5.78,682,3743.0,83.2,2.0,1.0,0.0,1,0,1,0,0,0,0,0.07486000033015383,12.002625569863012
10.6454249,3.71,667,1747.0,43.7,0.0,0.0,0.0,0,0,0,0,0,1,0,0.041595237981496135,5.260273972602739
10.81977828,12.5,707,3972.0,92.4,3.0,0.0,0.0,0,0,0,0,0,1,0,0.07944000035035292,7.068493150684931
11.62625415,12.15,672,37859.0,82.5,1.0,1.0,0.0,0,0,1,0,0,0,0,0.3380267858079976,14.712214610958902
11.29177992,21.48,677,62680.0,84.5,1.0,0.0,0.0,0,0,1,0,0,0,0,0.7819361248659633,18.164383561643834
10.59663473,8.64,757,6770.0,18.8,6.0,0.0,0.0,1,0,0,0,0,0,0,0.16925000052401043,8.794406391780822
10.81174611,1.33,797,1844.0,2.9,0.0,0.0,0.0,0,0,0,0,1,0,0,0.037177419455701764,20.79440639178082
10.71441777,24.61,662,7153.0,53.4,0.0,1.0,0.0,0,0,1,0,0,0,0,0.1589555553572515,6.997260273972603
10.77895629,18.13,717,5481.0,99.7,0.0,0.0,0.0,0,0,1,0,0,0,0,0.11418749998744257,4.438356164383562
11.17504424,8.73,702,8414.0,24.5,1.0,1.0,0.0,0,0,0,0,0,0,0,0.11796209017364288,13.890296802739725
10.71441777,23.15,702,13029.0,58.7,0.0,0.0,0.0,0,0,1,0,0,0,0,0.2895333329721278,9.95068493150685
10.3809632,15.63,707,14489.0,89.4,0.0,0.0,0.0,0,0,1,0,0,0,0,0.4494106684564318,40.76700912328767
10.96819829,18.12,687,6184.0,85.9,1.0,0.0,0.0,0,1,0,0,0,0,0,0.10662068960490675,9.534246575342467
10.30895266,14.72,757,144.0,5.8,0.0,0.0,0.0,0,0,0,0,0,0,0,0.004800000003092607,5.753310501369863
8.476371197,13.75,702,0.0,,0.0,0.0,0.0,1,0,0,0,0,0,0,0.0,7.068493150684931
11.28978191,9.29,742,7057.0,49.3,4.0,0.0,0.0,0,0,1,0,0,0,0,0.0882125003225065,8.465753424657533
10.91508846,1.07,737,2054.0,11.4,0.0,0.0,0.0,0,0,0,0,1,0,0,0.03734545470285101,9.780707761643836
11.60823564,10.46,677,7259.0,59.0,0.0,0.0,1.0,0,0,1,0,0,0,0,0.06599090940598619,22.84920091232877
11.12726298,8.33,682,11023.0,72.0,3.0,0.0,1.0,0,0,1,0,0,0,0,0.16210294185053425,14.876598172602739
9.700146629,4.85,722,1231.0,11.8,3.0,0.0,0.0,1,0,0,0,0,0,0,0.07542892153227805,3.041095890410959
11.42954386,14.45,662,22689.0,84.0,0.0,0.0,0.0,0,0,1,0,0,0,0,0.24661956423860182,11.013698630136986
10.4341158,20.79,682,5950.0,57.8,0.0,0.0,0.0,0,0,1,0,0,0,0,0.17500000062970208,6.328767123287672
10.1266311,7.34,672,6706.0,97.2,1.0,0.0,0.0,0,1,0,0,0,0,0,0.26824000103281437,5.920433789041096
10.858999,0.35,797,39.0,0.6,1.0,0.0,0.0,0,0,0,0,0,0,1,0.0007499999981726728,26.548059361643833
9.76995616,14.13,677,9874.0,62.5,1.0,0.0,0.0,0,0,1,0,0,0,0,0.564228571378697,15.780707761643834
11.1844214,19.5,737,12893.0,90.8,1.0,0.0,0.0,0,1,0,0,0,0,0,0.1790694440859819,12.32876712328767
10.93310697,8.81,662,5993.0,70.5,0.0,1.0,1.0,0,0,1,0,0,0,0,0.10701785711260164,22.52054794520548
11.75978554,24.08,712,39121.0,74.9,3.0,0.0,0.0,0,0,0,0,0,0,1,0.30563281338687154,22.684817350684934
11.49272276,4.87,767,3142.0,8.6,3.0,0.0,0.0,0,0,0,1,0,0,0,0.03206122441453891,26.3836758
10.50012383,13.02,707,6528.0,42.7,1.0,0.0,0.0,1,0,1,0,0,0,0,0.17973568330740697,11.342465753424657
10.23995979,22.54,687,6211.0,58.0,2.0,0.0,0.0,0,0,1,0,0,0,0,0.2218214283845087,11.260388128767124
10.23995979,18.9,717,16683.0,24.9,0.0,1.0,0.0,0,0,1,0,0,0,0,0.5958214280693541,10.202739726027398
11.23843599,1.58,692,12135.0,85.5,3.0,0.0,0.0,0,0,1,0,0,0,0,0.1596794562234101,9.29041095890411
11.81303006,12.78,672,62553.0,44.2,2.0,0.0,0.0,0,0,1,0,0,0,0,0.46335555436036036,27.862899534246573
10.60221911,8.89,772,14014.0,14.1,2.0,0.0,0.0,0,1,0,0,0,0,0,0.3483989662758327,24.903995432876712
11.34332268,5.52,792,1940.0,2.4,1.0,0.0,0.0,0,0,1,0,0,0,0,0.02298578200394614,14.465753424657533
10.45737267,20.41,702,239.0,9.2,0.0,0.0,0.0,0,0,0,0,0,0,1,0.006867816062852105,6.9861872136986305
10.52942598,10.3,747,543.0,0.9,6.0,0.0,0.0,0,0,0,0,1,0,0,0.014518716626941843,5.920433789041096
11.73606902,9.66,667,32120.0,68.5,1.0,0.0,0.0,0,0,1,0,0,0,0,0.25695999904524913,9.983561643835616
11.65268741,10.12,747,6341.0,21.4,0.0,0.0,0.0,0,0,0,0,0,0,1,0.05513913028840954,10.693150684931506
10.81977828,19.58,702,14306.0,99.3,0.0,0.0,0.0,0,0,0,0,0,0,0,0.28612000126187037,7.808105021917808
11.08214255,19.68,677,20241.0,66.4,1.0,0.0,0.0,0,0,0,0,0,0,0,0.3113999996505388,14.794406391780822
11.71993963,15.88,722,46336.0,49.8,2.0,0.0,0.0,0,0,0,0,0,0,0,0.3767154487948992,20.389041095890413
11.3736634,10.54,732,27901.0,40.9,1.0,0.0,0.0,0,0,1,0,0,0,0,0.32070114866738103,11.342465753424657
11.88448902,3.32,757,11484.0,52.0,0.0,0.0,0.0,0,0,1,0,0,0,0,0.07920000011109474,11.506849315068493
10.6281334,4.22,667,5116.0,39.7,2.0,0.0,0.0,0,0,0,0,0,0,0,0.12393410854639672,4.027397260273973
11.23321156,4.75,752,22078.0,19.8,2.0,0.0,0.0,0,0,0,0,1,0,0,0.2920370376700634,14.301369863013699
10.4341158,22.34,712,19034.0,26.3,1.0,1.0,0.0,0,1,0,0,0,0,0,0.5598235314261764,20.465753424657535
11.39526742,5.66,702,8950.0,31.1,2.0,0.0,0.0,1,0,0,0,0,1,0,0.10067491578675891,16.356164383561644
11.40756495,8.77,747,13298.0,54.3,2.0,0.0,0.0,0,0,1,0,0,0,0,0.14775555545395924,12.57522830958904
10.727663,7.74,717,10684.0,26.3,0.0,0.0,0.0,0,0,0,0,0,0,1,0.2342982445602735,9.641210046575342
10.83295114,3.88,682,7321.0,50.5,2.0,0.0,0.0,0,0,1,0,0,0,0,0.14450387858757677,10.849200912328767
10.54534144,23.4,747,15373.0,48.0,0.0,0.0,0.0,0,1,0,0,0,0,0,0.40455263105647704,13.315068493150685
11.04292184,9.02,777,22054.0,25.9,2.0,0.0,0.0,0,0,1,0,0,0,0,0.35286399849132744,38.21917808219178
11.22524339,14.48,727,12829.0,63.5,0.0,0.0,0.0,0,0,0,0,0,0,0,0.1710533337641223,7.643721460273973
10.69194491,6.33,692,5494.0,14.1,0.0,0.0,0.0,0,0,1,0,0,0,0,0.12486363672579062,30.413698630136988
11.48497363,10.71,672,56896.0,97.4,2.0,0.0,1.0,0,0,1,0,0,0,0,0.5850878271571248,10.931392693150684
10.22557105,11.87,672,9228.0,93.2,0.0,0.0,0.0,0,0,0,0,1,0,0,0.33434782665710056,13.468607306849316
11.1124479,12.77,772,2930.0,3.3,0.0,2.0,0.0,0,0,0,0,0,0,0,0.04373134321243573,19.643721460273973
11.46163217,15.52,762,10221.0,21.8,0.0,0.0,0.0,0,1,0,0,0,0,0,0.10758947374690056,11.013698630136986
10.75052252,3.65,722,14907.0,43.6,0.0,0.0,0.0,0,0,1,0,0,0,0,0.3195197027139572,24.263013698630136
10.66326482,14.23,747,1982.0,32.5,1.0,0.0,0.0,0,0,0,0,0,0,0,0.04635606677122704,6.821803652054794
9.998797732,21.49,667,12925.0,67.7,0.0,0.0,0.0,0,0,1,0,0,0,0,0.5875000002000161,9.136986301369863
10.22557105,9.87,672,2229.0,82.6,2.0,0.0,0.0,0,0,1,0,0,0,0,0.08076086970293424,5.753310501369863
11.28978191,0.54,797,429.0,0.6,0.0,0.0,0.0,0,0,0,0,1,0,0,0.005362500019605398,16.438356164383563
10.91508846,13.13,742,20357.0,59.2,0.0,0.0,0.0,0,0,1,0,0,0,0,0.3701272742872142,15.862899542465753
10.34174248,14.94,762,16495.0,30.9,1.0,0.0,0.0,0,1,0,0,0,0,0,0.5320967760384783,16.849200912328765
10.77167988,20.67,682,19888.0,94.7,1.0,0.0,0.0,0,0,0,0,0,0,0,0.41735918782594783,9.36986301369863
10.4487146,20.35,667,11438.0,61.5,3.0,0.0,0.0,0,0,1,0,0,0,0,0.3315362328851152,5.095890410958904
10.62132735,21.69,707,11129.0,73.2,1.0,0.0,0.0,0,0,1,0,0,0,0,0.2714390232193768,6.9861872136986305
11.12726298,5.36,712,35121.0,35.5,3.0,0.0,0.0,0,0,0,0,0,1,0,0.5164852962653191,14.465753424657533
10.84933709,9.27,742,9087.0,30.8,0.0,0.0,0.0,0,0,1,0,0,0,0,0.17644660135097381,19.068493150684933
11.38639806,5.32,697,5273.0,43.6,0.0,0.0,1.0,0,0,1,0,0,0,0,0.05984225151316387,4.3123287671232875
9.952277717,18.91,697,13881.0,90.7,0.0,0.0,0.0,0,1,0,0,0,0,0,0.6609999998053756,3.2054794520547945
10.30895266,20.12,692,6978.0,78.4,1.0,0.0,0.0,0,0,1,0,0,0,0,0.2326000001498626,6.410958904109589
10.47425013,0.85,782,2772.0,11.1,0.0,0.0,0.0,0,0,1,0,0,0,0,0.07832207637450038,13.150684931506849
11.66392834,12.71,677,32549.0,95.5,0.0,0.0,0.0,0,0,1,0,0,0,0,0.2798710227979054,15.862899542465753
13.71015004,1.7,722,6530.0,23.3,2.0,0.0,0.0,0,0,0,0,0,1,0,0.007255555572290114,11.265753424657534
11.21182037,9.34,697,30703.0,84.1,2.0,0.0,0.0,0,0,0,0,0,0,0,0.41490540631251593,8.301369863013699
10.49127422,1.03,742,2287.0,15.8,0.0,0.0,0.0,0,0,0,0,0,0,0,0.06352777761503535,6.082191780821918
11.01862914,9.68,712,1284.0,6.3,3.0,0.0,1.0,0,0,0,0,0,0,0,0.021049180394288457,16.76700913150685
10.29688008,20.69,662,18270.0,75.8,0.0,0.0,0.0,0,0,1,0,0,0,0,0.6163967607699439,11.26027397260274
10.16585182,21.0,692,7839.0,37.7,2.0,0.0,0.0,0,0,1,0,0,0,0,0.3014999990965911,11.178082191780822
11.98292909,5.31,717,57602.0,80.0,0.0,0.0,0.0,0,0,0,0,0,0,1,0.36001250151779945,16.356164383561644
10.49127422,21.87,667,7306.0,73.1,2.0,0.0,0.0,1,0,1,0,0,0,0,0.20294444392455105,4.109589041095891
10.81977828,5.23,787,4071.0,11.8,0.0,0.0,0.0,0,0,1,0,0,0,0,0.0814200003590853,12.32876712328767
11.03488966,10.88,717,6238.0,74.3,0.0,0.0,0.0,0,0,1,0,0,0,0,0.10061290363099769,6.695776254794521
10.77895629,12.7,717,31376.0,45.7,1.0,1.0,0.0,0,0,0,0,1,0,0,0.6536666665947817,19.397260273972602
10.81977828,19.78,737,7114.0,9.2,2.0,0.0,0.0,0,0,1,0,0,0,0,0.14228000062749516,6.739611871232877
11.81303006,6.73,687,17606.0,37.9,3.0,1.0,0.0,0,0,0,0,0,0,1,0.13041481447841838,15.94509132328767
10.08029393,3.27,757,1709.0,94.9,3.0,0.0,0.0,1,1,0,0,0,0,0,0.07160214503431922,11.83550228219178
11.86358234,7.31,747,7424.0,17.1,0.0,0.0,0.0,0,0,0,0,0,0,1,0.05228168996221929,16.027397260273972
11.33857208,6.19,727,685.0,85.6,0.0,0.0,0.0,1,1,0,0,0,0,0,0.008154761887028968,14.087671232876712
10.6454249,21.2,727,8706.0,32.6,2.0,0.0,1.0,0,1,0,0,0,0,0,0.2072857137188926,16.60262556986301
10.87804719,14.9,767,23331.0,58.5,1.0,0.0,0.0,0,0,0,0,0,0,0,0.44020754828541114,16.60262556986301
10.76789534,6.77,812,879.0,4.3,0.0,0.0,0.0,0,0,0,0,0,1,0,0.01851617800438994,10.016438356164384
11.00209984,6.8,762,37459.0,6.5,2.0,0.0,0.0,0,0,0,0,0,1,0,0.6243166674184927,21.871118720547944
10.55841352,5.61,727,2610.0,39.0,1.0,0.0,0.0,0,0,0,0,1,0,0,0.06779220781091,6.328767123287672
10.49127422,3.47,767,9389.0,22.2,0.0,0.0,0.0,0,0,1,0,0,0,0,0.26080555488743634,11.369977169863015
10.66895539,23.22,762,11413.0,22.7,1.0,0.0,0.0,0,0,1,0,0,0,0,0.26541860589218025,22.18904109589041
9.510444964,1.24,747,707.0,35.3,0.0,0.0,0.0,0,0,0,0,0,1,0,0.05237037039270745,6.9861872136986305
10.87426647,16.57,682,1465.0,63.7,1.0,0.0,0.0,1,0,0,0,1,0,0,0.027746212112731563,9.98618721369863
11.08214255,14.88,682,10104.0,80.8,1.0,0.0,0.0,0,1,0,0,0,0,0,0.15544615367170808,9.287671232876713
11.8493977,8.36,697,7479.0,27.8,2.0,0.0,0.0,0,1,0,0,0,0,0,0.05342142865644559,25.725913241095892
10.858999,9.09,762,7386.0,33.9,0.0,0.0,0.0,0,0,0,0,0,0,0,0.14203846119239388,15.865867580821918
11.53272809,18.69,687,22845.0,69.4,3.0,0.0,0.0,0,0,0,0,0,0,0,0.22397058874290268,21.863013698630137
10.82774645,16.07,697,19137.0,42.5,0.0,0.0,0.0,0,1,0,0,0,0,0,0.3797023824937678,9.945091323287672
11.2515607,16.44,662,5843.0,72.1,1.0,1.0,0.0,0,0,1,0,0,0,0,0.07588311694654153,12.90399543287671
10.30895266,11.8,767,3590.0,30.7,0.0,0.0,0.0,0,1,0,0,0,0,0,0.11966666674376708,19.397260273972602
10.96065265,10.53,757,4800.0,25.9,0.0,0.0,0.0,0,0,0,0,0,0,0,0.08338544934668035,14.219178082191782
11.35040654,0.0,757,6473.0,11.6,3.0,0.0,0.0,0,0,0,0,0,0,0,0.07615294083168463,10.7149543369863
11.00209984,16.28,702,26331.0,96.9,0.0,0.0,0.0,0,1,0,0,0,0,0,0.43885000052847994,15.205479452054794
10.818177,19.31,722,6648.0,47.1,0.0,0.0,0.0,0,1,0,0,0,0,0,0.13317307732836373,8.882077624657533
11.69524702,18.08,757,12067.0,20.7,0.0,0.0,0.0,1,0,1,0,0,0,0,0.10055833351073663,11.013584473972603
11.16726111,11.09,687,12267.0,40.0,3.0,0.0,1.0,1,0,0,0,0,1,0,0.17332391380792497,18.246575342465754
11.22524339,8.74,807,0.0,0.0,3.0,0.0,0.0,0,0,1,0,0,0,0,0.0,14.465753424657533
11.53632944,1.54,757,14617.0,32.0,0.0,0.0,0.0,0,0,0,0,0,0,0,0.14278876250572167,11.671118720547945
10.77895629,10.68,707,3486.0,51.3,2.0,0.0,0.0,0,0,0,0,0,0,0,0.07262499999201329,15.698630136986301
10.858999,0.6,682,1742.0,7.9,0.0,0.0,0.0,1,0,0,0,0,0,0,0.03349999991837938,7.23299086849315
10.81977828,12.03,712,4005.0,58.19,1.0,0.0,0.0,0,0,0,0,0,0,0,0.08010000035326371,11.424657534246576
10.70324447,4.88,717,6588.0,79.4,1.0,0.0,0.0,0,0,0,0,0,0,0,0.14804494354698292,12.57522830958904
10.59663473,16.71,752,12746.0,52.5,2.0,0.0,0.0,0,0,1,0,0,0,0,0.3186500009865638,15.224771690410961
10.59663473,16.14,707,10006.0,68.5,0.0,0.0,0.0,0,0,1,0,0,0,0,0.2501500007744828,8.074086758904109
10.727663,0.26,782,0.0,0.0,3.0,0.0,0.0,0,0,0,0,0,0,0,0.0,14.794406391780822
10.69194491,17.4,717,17070.0,24.7,0.0,0.0,0.0,0,0,1,0,0,0,0,0.3879545465797681,17.506849315068493
11.60823564,9.86,687,12919.0,54.3,1.0,0.0,0.0,0,0,0,0,0,1,0,0.1174454551062041,16.10958904109589
10.30895266,9.8,667,5256.0,93.9,0.0,0.0,0.0,1,0,0,0,0,0,0,0.17520000011288017,5.095890410958904
10.37349118,5.85,732,2400.0,12.8,3.0,0.0,1.0,0,0,0,0,0,0,0,0.07500000013363975,16.191894978082193
10.95109493,14.77,722,9107.0,93.9,0.0,0.0,0.0,0,0,0,0,0,0,0,0.1597258609299011,14.465753424657533
11.09741002,14.16,747,17411.0,27.7,3.0,0.0,0.0,0,0,1,0,0,0,0,0.2638030305690922,13.725913241095888
10.57131693,10.68,722,1942.0,48.5,0.0,0.0,0.0,0,0,0,0,0,0,0,0.04979487155146367,3.452054794520548
12.03617361,13.7,722,44889.0,73.6,0.0,0.0,0.0,0,0,0,0,0,0,0,0.26600888855232796,14.46586758082192
10.81977828,15.53,702,8006.0,90.0,2.0,0.0,0.0,0,0,1,0,0,0,0,0.1601200007061746,24.903995432876712
10.77895629,21.75,717,15354.0,47.8,3.0,0.0,0.0,0,0,1,0,0,0,0,0.3198749999648227,16.91780821917808
10.23895929,6.13,742,6479.0,36.2,1.0,1.0,0.0,0,0,1,0,0,0,0,0.23162448135203498,11.26027397260274
10.91508846,15.4,702,18700.0,69.3,1.0,0.0,0.0,0,0,1,0,0,0,0,0.3400000014329668,9.698630136986301
11.64745636,11.87,742,53066.0,53.9,2.0,0.0,0.0,0,1,0,0,0,0,0,0.46386363540243436,19.315068493150687
11.28978191,3.92,752,13482.0,48.1,0.0,0.0,0.0,0,0,0,0,0,0,0,0.1685250006161305,18.246575342465754
11.6307085,0.99,772,0.0,0.0,0.0,0.0,0.0,0,0,0,0,0,0,0,0.0,12.531621005479453
10.6896696,8.67,692,11797.0,68.2,0.0,0.0,0.0,1,0,0,0,0,0,0,0.2687243733245856,8.87659817260274
10.34817337,11.73,662,15767.0,93.1,1.0,0.0,0.0,0,0,1,0,0,0,0,0.5053525660216779,3.1232876712328768
10.72317927,14.7,682,6474.0,93.8,1.0,0.0,0.0,0,0,1,0,0,0,0,0.14261168447928782,8.3836758
11.00209984,6.42,677,12897.0,47.8,0.0,3.0,0.0,0,0,1,0,0,0,0,0.214950000258851,15.862899542465753
10.47333652,12.52,812,2600.0,12.3,0.0,0.0,0.0,0,0,0,0,1,0,0,0.07352941152585143,17.588926939726026
11.79810441,1.72,772,10583.0,16.9,2.0,0.0,0.0,0,0,0,0,1,0,0,0.07957142834893811,27.369977169863013
11.08214255,5.72,677,10472.0,51.1,1.0,0.0,0.0,0,0,1,0,0,0,0,0.16110769212689302,3.9452054794520546
11.05089001,10.17,802,2148.0,7.7,1.0,0.0,0.0,0,0,0,0,1,0,0,0.03409523793750227,11.117922375342467
10.71441777,23.55,722,24931.0,57.6,1.0,0.0,0.0,0,0,1,0,0,0,0,0.5540222215310552,10.61381278630137
10.49404814,20.78,707,22376.0,47.9,1.0,1.0,0.0,0,0,1,0,0,0,0,0.6198337976921349,21.20559360821918
11.35040654,20.57,717,5147.0,51.5,1.0,0.0,0.0,0,0,0,0,0,0,0,0.06055294090231435,13.643835616438356
11.49272276,6.06,662,72289.0,97.2,0.0,0.0,0.0,0,0,1,0,0,0,0,0.7376428554113951,13.726027397260275
10.46310334,17.93,697,12361.0,57.2,0.0,0.0,0.0,0,0,1,0,0,0,0,0.3531714287379668,11.835616438356164
10.49127422,20.7,757,9324.0,32.2,0.0,0.0,0.0,0,0,1,0,0,0,0,0.25899999933650614,9.12340182739726
11.00209984,14.46,792,6.0,0.0,0.0,0.0,0.0,0,0,0,0,0,1,0,0.00010000000012042382,11.260388128767124
11.41861479,2.94,752,10373.0,28.7,0.0,0.0,0.0,0,0,0,0,1,0,0,0.11398901047594504,13.397374430136987
10.89673933,23.44,732,16405.0,66.1,2.0,0.0,0.0,0,1,0,0,0,0,0,0.30379629494331234,14.548059361643837
10.79957558,19.06,712,2280.0,53.0,2.0,0.0,0.0,0,0,1,0,0,0,0,0.046530612109622435,7.3151826493150685
10.87804719,15.31,752,28289.0,49.1,1.0,0.0,0.0,0,0,0,0,0,1,0,0.5337547183338046,39.945205479452056
10.89673933,20.7,672,1449.0,90.6,1.0,0.0,0.0,1,0,1,0,0,0,0,0.026833333213828685,6.575456621917808
10.81977828,1.87,717,4133.0,14.0,0.0,0.0,0.0,0,0,1,0,0,0,0,0.08266000036455404,35.917808219178085
11.28978191,6.52,802,2010.0,2.1,1.0,0.0,0.0,0,0,0,0,0,0,0,0.02512500009185746,14.95890410958904
11.69524702,21.58,722,85896.0,70.9,0.0,0.0,0.0,0,1,0,0,0,0,0,0.7158000012628022,19.31518264931507
11.39639165,5.66,732,6847.0,75.2,3.0,0.0,0.0,0,0,1,0,0,0,0,0.07693258417074893,14.137100457534247
10.81977828,5.88,717,5305.0,16.8,3.0,0.0,1.0,0,1,0,0,0,0,0,0.1061000004679311,14.46586758082192
11.05089001,10.55,747,3969.0,17.6,3.0,0.0,0.0,0,0,0,0,0,0,1,0.0629999997085412,8.906849315068493
11.28978191,14.31,737,38142.0,45.7,0.0,0.0,0.0,0,1,0,0,0,0,0,0.4767750017430981,19.643835616438356
8.699514748,6.0,732,1215.0,32.8,1.0,0.0,0.0,1,0,1,0,0,0,0,0.2025000000425638,5.909589041095891
11.62625415,19.09,707,79746.0,78.4,0.0,0.0,0.0,0,0,1,0,0,0,0,0.7120178573402514,13.31518264931507
10.27505111,6.91,692,4613.0,32.3,3.0,0.0,0.0,0,0,0,0,0,0,0,0.15906896535317946,4.684931506849315
10.81977828,17.93,772,16685.0,47.5,0.0,0.0,0.0,0,0,1,0,0,0,0,0.33370000147171164,25.80821917808219
11.40756495,15.6,727,28532.0,99.4,1.0,0.0,0.0,0,0,1,0,0,0,0,0.31702222200423863,20.71232876712329
10.96127785,14.33,727,2530.0,5.2,0.0,1.0,0.0,1,0,1,0,0,0,0,0.043923610965459645,19.23299086849315
11.73606902,19.87,662,90063.0,79.6,1.0,0.0,0.0,1,0,1,0,0,0,0,0.7205039973229225,21.698630136986303
11.44035477,4.27,677,4848.0,56.4,3.0,0.0,0.0,0,0,1,0,0,0,0,0.05212903236938044,13.89041095890411
10.59663473,11.58,762,1940.0,12.5,0.0,0.0,0.0,0,0,1,0,0,0,0,0.04850000015015957,10.19189497808219
11.58058411,10.65,727,26192.0,54.5,0.0,0.0,0.0,0,0,1,0,0,0,0,0.24478504757202219,9.12340182739726
11.22524339,0.56,752,2018.0,34.8,2.0,0.0,0.0,0,0,0,0,0,0,1,0.02690666673442971,15.123401827397261
11.15625052,12.32,752,3233.0,10.4,3.0,0.0,0.0,0,0,0,1,0,0,0,0.04618571433335465,8.95890410958904
11.16761428,21.31,672,34009.0,90.7,0.0,0.0,0.0,0,0,0,0,0,0,0,0.48035310719178953,11.021917808219179
10.90381461,9.84,687,5734.0,36.5,0.0,0.0,0.0,0,0,1,0,0,0,0,0.10543654633470047,15.032876712328767
10.87804719,24.34,732,25295.0,62.5,2.0,0.0,0.0,0,0,1,0,0,0,0,0.4772641521529071,11.753424657534246
9.764225485,20.34,732,228.0,9.9,1.0,0.0,0.0,1,0,0,0,0,0,0,0.013103448278517086,5.260388128767123
10.13459927,11.57,702,7569.0,74.2,2.0,0.0,0.0,1,0,0,0,0,0,0,0.3003571439082469,15.780821917808218
12.20607265,6.28,737,15169.0,35.0,0.0,0.0,0.0,1,0,1,0,0,0,0,0.07584499966098608,10.109703197260274
11.03488966,0.0,782,0.0,0.0,1.0,0.0,0.0,0,0,0,1,0,0,0,0.0,10.849315068493151
10.93310697,12.73,682,32820.0,88.5,0.0,0.0,0.0,0,0,1,0,0,0,0,0.5860714284057377,8.63013698630137
10.40426284,23.67,757,280.0,16.5,0.0,0.0,0.0,0,0,0,0,1,0,0,0.008484848488654939,4.931506849315069
11.47210347,23.75,702,66179.0,40.6,1.0,0.0,0.0,0,1,0,0,0,0,0,0.6893645836435286,20.630251142465756
10.16277015,22.36,662,275.0,3.2,3.0,1.0,0.0,1,0,0,0,0,0,0,0.010609567906180865,7.808219178082192
11.00209984,3.16,667,0.0,0.0,1.0,0.0,0.0,1,0,0,0,0,0,0,0.0,7.890410958904109
11.23413706,5.58,762,66.0,0.5,3.0,0.0,0.0,0,0,0,0,1,0,0,0.00087220827249168,6.657534246575342
11.22524339,5.55,777,1892.0,5.3,2.0,0.0,0.0,0,1,0,0,0,0,0,0.02522666673019872,18.73972602739726
11.39751461,16.51,692,10852.0,60.9,0.0,5.0,0.0,0,1,0,0,0,0,0,0.12179573555034783,15.863013698630137
11.40756495,12.59,742,3945.0,17.6,1.0,1.0,0.0,1,0,0,0,0,1,0,0.04383333330319365,22.027397260273972
11.30958454,5.12,727,358.0,7.5,2.0,0.0,0.0,0,0,0,0,0,0,0,0.004387254906138323,3.863013698630137
11.35040654,7.06,777,5037.0,16.7,3.0,0.0,0.0,0,0,0,0,0,0,0,0.0592588232611147,12.16449771780822
10.70283989,6.74,662,3094.0,60.7,0.0,0.0,0.0,0,0,1,0,0,0,0,0.06955622512498882,9.616438356164384
11.22524339,2.42,752,5698.0,52.9,3.0,0.0,0.0,1,0,0,0,0,0,0,0.07597333352466823,16.356278539726027
10.59663473,16.35,662,7774.0,55.9,0.0,0.0,1.0,0,0,0,0,0,0,0,0.1943500006017219,4.931506849315069
10.23995979,15.64,672,11206.0,71.8,0.0,0.0,0.0,0,0,1,0,0,0,0,0.4002142853770414,9.945205479452055
10.49127422,0.5,777,523.0,7.0,0.0,0.0,0.0,0,0,0,0,0,0,0,0.01452777774056121,6.739726027397261
10.1266311,12.96,742,5787.0,13.8,0.0,0.0,0.0,0,0,1,0,0,0,0,0.231480000891276,3.6986301369863015
10.6454249,21.51,672,12425.0,55.6,0.0,0.0,0.0,0,0,0,0,0,0,0,0.29583333252437866,7.561757991780822
10.96819829,6.23,742,10044.0,63.6,1.0,0.0,0.0,0,0,1,0,0,0,0,0.1731724137114624,8.301484019178082
10.79374227,21.06,692,12668.0,79.7,2.0,0.0,0.0,0,0,1,0,0,0,0,0.26004310783576756,10.041210046575342
10.77895629,20.6,662,10441.0,50.7,2.0,2.0,0.0,1,1,0,0,0,0,0,0.21752083330941213,11.260388128767124
11.58988651,2.38,722,120.0,0.8,1.0,0.0,0.0,0,0,1,0,0,0,0,0.0011111111067848413,6.246689498630137
10.54534144,10.33,667,5124.0,35.3,1.0,2.0,0.0,0,0,1,0,0,0,0,0.13484210508901245,6.12340182739726
12.65395847,10.49,717,100109.0,90.4,2.0,0.0,0.0,0,0,1,0,0,0,0,0.31983706055008637,19.31518264931507
10.41271189,18.48,682,7452.0,73.8,0.0,0.0,0.0,0,0,1,0,0,0,0,0.22391827033583822,5.920547945205479
11.08214255,2.79,662,2601.0,40.6,2.0,1.0,1.0,0,0,0,0,0,0,1,0.0400153845704783,10.19189497808219
10.91508846,17.93,717,24953.0,94.5,0.0,0.0,0.0,0,0,1,0,0,0,0,0.45369091100303854,11.260388128767124
11.51292546,0.22,792,1800.0,3.8,1.0,0.0,0.0,0,0,1,0,0,0,0,0.018000000089464112,24.32888127945205
10.78692446,17.34,687,23533.0,46.3,2.0,0.0,0.0,0,0,1,0,0,0,0,0.4863797947494236,9.698630136986301
10.858999,22.71,662,8159.0,55.4,2.0,0.0,0.0,0,0,1,0,0,0,0,0.15690384577155994,4.438470320547945
11.01862914,12.59,667,15183.0,70.3,1.0,0.0,1.0,1,0,0,0,0,0,0,0.2489016401296586,6.246689498630137
10.46310334,13.92,712,800.0,15.1,0.0,0.0,0.0,0,0,0,0,0,0,0,0.02285714286792116,4.8493150684931505
11.56171563,8.21,762,2290.0,0.7,0.0,0.0,0.0,0,0,0,0,0,1,0,0.02180952379076021,15.460388128767125
9.998797732,19.25,707,1527.0,22.5,0.0,0.0,0.0,0,0,0,0,0,0,0,0.06940909093272143,3.041210046575342
9.59315079,5.81,682,2269.0,25.2,2.0,1.0,0.0,0,0,0,0,0,0,0,0.1547326785945063,23.424771690410957
10.26813067,7.54,677,5465.0,80.4,2.0,0.0,0.0,1,0,0,0,0,0,0,0.18975694370895368,3.3699771698630134
10.26813067,19.26,702,0.0,0.0,2.0,0.0,0.0,0,0,0,0,0,0,0,0.0,4.936986301369863
10.19913779,23.75,722,17998.0,99.4,1.0,0.0,0.0,0,0,1,0,0,0,0,0.6695684554857988,13.89041095890411
11.15625052,4.15,782,8825.0,17.9,3.0,0.0,0.0,0,0,1,0,0,0,0,0.1260714287014707,23.34257990958904
10.71441777,17.89,697,11585.0,49.1,0.0,0.0,0.0,0,0,1,0,0,0,0,0.25744444412327117,8.137100457534247
11.00209984,6.54,732,50082.0,0.0,0.0,1.0,0.0,0,0,0,0,0,0,1,0.8347000010051776,14.317922375342468
11.01862914,0.49,677,858.0,66.0,2.0,0.0,0.0,1,0,1,0,0,0,0,0.014065573814874997,8.301484019178082
10.42228135,10.71,677,179.0,44.7,2.0,1.0,0.0,0,0,1,0,0,0,0,0.005327380930811959,14.219292238356166
11.98292909,3.41,687,65872.0,59.0,2.0,0.0,0.0,1,0,1,0,0,0,0,0.4117000017357121,6.821917808219178
11.30012821,9.47,677,0.0,0.0,0.0,0.0,0.0,0,0,0,0,1,0,0,0.0,20.383675800000002
10.71441777,15.36,682,6026.0,80.9,1.0,0.0,0.0,1,0,1,0,0,0,0,0.13391111094405111,10.602739726027398
10.81977828,6.0,752,10457.0,16.1,0.0,0.0,0.0,0,0,0,0,0,1,0,0.2091400009223667,7.561757991780822
10.20359214,7.07,752,7866.0,44.7,0.0,0.0,0.0,0,0,1,0,0,0,0,0.2913333347860573,10.520662101369863
11.08214255,15.1,722,9263.0,48.0,1.0,0.0,1.0,0,0,1,0,0,0,0,0.14250769214776643,15.780821917808218
11.38509209,23.81,662,44991.0,99.8,0.0,0.0,0.0,0,1,0,0,0,0,0,0.5112613654055033,13.150799087671235
10.89087028,12.94,677,10728.0,91.7,2.0,1.0,1.0,0,0,1,0,0,0,0,0.19983607869133918,12.493264841095892
10.95080655,10.78,702,8300.0,38.8,0.0,0.0,0.0,0,0,1,0,0,0,0,0.14561403462418437,9.863013698630137
11.62625415,14.96,737,25274.0,39.5,0.0,0.0,0.0,0,0,1,0,0,0,0,0.2256607143482747,16.441210046575343
10.6454249,9.2,732,12747.0,29.8,1.0,0.0,0.0,0,0,1,0,0,0,0,0.30349999917008086,9.12340182739726
12.20607265,15.1,702,22003.0,36.9,3.0,0.0,0.0,0,0,0,0,1,0,0,0.11001499950825214,7.479566210958904
10.7898715,17.48,742,13844.0,50.3,3.0,0.0,0.0,0,0,0,0,0,0,0,0.285285657050807,29.013698630136986
10.37349118,9.04,687,10186.0,50.7,0.0,0.0,0.0,1,0,0,0,0,0,0,0.3183125005671894,4.767123287671233
10.5941316,13.71,737,19697.0,59.0,0.0,0.0,0.0,0,0,1,0,0,0,0,0.4936591492904025,9.616438356164384
10.16585182,4.29,772,0.0,0.0,0.0,0.0,0.0,0,0,0,0,0,0,0,0.0,13.068607306849316
10.09195684,15.6,727,21052.0,85.2,0.0,0.0,0.0,0,0,1,0,0,0,0,0.8717906244094046,23.098744293150684
11.91839057,0.24,682,633.0,42.2,1.0,0.0,0.0,0,0,0,0,0,0,0,0.004220000012990819,10.241210046575342
11.69524702,20.09,692,57803.0,81.9,1.0,0.0,0.0,0,0,0,1,0,0,0,0.4816916675164589,24.0823059369863
10.13459927,20.1,752,17953.0,72.4,0.0,0.0,0.0,0,1,0,0,0,0,0,0.7124206374137609,11.197374430136986
10.5865844,21.39,677,14021.0,71.9,0.0,0.0,0.0,0,0,1,0,0,0,0,0.3540656555893461,6.657534246575342
11.81303006,8.04,767,3884.0,12.8,2.0,0.0,0.0,0,0,0,0,0,0,1,0.02877037029615909,13.76986301369863
10.93310697,9.11,762,977.0,2.7,1.0,0.0,0.0,0,0,1,0,0,0,0,0.017446428566496214,14.219292238356166
11.00209984,13.28,682,679.0,7.4,3.0,1.0,0.0,0,0,0,0,0,1,0,0.01131666668029463,4.684931506849315
10.91508846,22.28,737,14217.0,20.2,2.0,0.0,0.0,0,0,1,0,0,0,0,0.25849091018034703,9.882191780821918
10.75739211,22.84,677,16665.0,60.6,1.0,0.0,0.0,0,0,1,0,0,0,0,0.3547556205913624,14.3836758
10.35210793,14.56,727,17806.0,99.4,0.0,0.0,0.0,1,0,1,0,0,0,0,0.5684640684820117,22.356278539726027
11.3736634,8.06,667,30209.0,79.3,2.0,0.0,0.0,0,0,1,0,0,0,0,0.3472298842368702,14.95890410958904
10.858999,8.58,697,9017.0,39.6,1.0,0.0,0.0,0,0,1,0,0,0,0,0.17340384573135872,10.27408675890411
11.00209984,24.12,757,17278.0,40.0,0.0,0.0,0.0,0,0,1,0,0,0,0,0.28796666701344714,14.712328767123287
10.41331268,3.46,752,2201.0,5.0,2.0,0.0,0.0,0,0,0,0,0,0,0,0.06609609582963197,9.12340182739726
10.30895266,9.92,747,452.0,90.4,0.0,0.0,0.0,1,0,0,0,0,0,0,0.015066666676374017,42.99178082191781
11.35040654,0.52,712,239.0,5.3,1.0,2.0,0.0,0,0,0,0,1,0,0,0.002811764693151958,13.728767123287671
10.55841352,1.53,772,777.0,4.8,0.0,0.0,0.0,0,0,0,1,0,0,0,0.02018181818738585,4.1097031972602736
11.28978191,23.65,672,19333.0,61.2,2.0,0.0,0.0,0,0,1,0,0,0,0,0.2416625008835225,5.178082191780822
10.30895266,15.16,722,4893.0,58.2,0.0,0.0,1.0,0,0,1,0,0,0,0,0.16310000010508421,12.252168950684933
10.71441777,7.44,772,13440.0,38.6,1.0,0.0,0.0,0,0,1,0,0,0,0,0.29866666629406685,12.986301369863014
11.22524339,6.96,732,11522.0,46.1,0.0,1.0,0.0,0,0,1,0,0,0,0,0.15362666705356745,23.843835616438355
11.32055357,22.23,662,35876.0,80.8,1.0,0.0,0.0,0,0,1,0,0,0,0,0.43486060707068847,19.068607306849316
11.35040654,17.34,667,8590.0,87.7,1.0,0.0,0.0,0,0,0,0,1,0,0,0.10105882307186327,9.205593608219178
10.75790288,12.28,697,6696.0,47.8,1.0,1.0,0.0,0,0,1,0,0,0,0,0.14246808520499882,7.821917808219178
10.89673933,13.42,722,2541.0,11.1,2.0,0.0,0.0,0,0,0,0,0,0,0,0.04705555534598943,7.150799087671233
10.13459927,0.29,712,6.0,0.1,0.0,0.0,0.0,0,0,0,1,0,0,0,0.00023809523892845573,7.150799087671233
11.51292546,8.95,677,1459.0,26.1,1.0,0.0,0.0,0,0,0,0,0,0,0,0.014590000072515635,13.035616438356165
10.84349481,13.31,772,63.0,0.5,1.0,0.0,0.0,0,0,0,0,0,0,0,0.0012304687512644295,12.082305936986302
12.4292162,0.89,682,9299.0,67.4,2.0,0.0,0.0,0,0,0,0,0,1,0,0.037195999882623655,6.0
9.798127037,2.47,702,1291.0,47.8,0.0,0.0,0.0,0,0,0,0,0,0,0,0.07172222221349372,8.219292238356164
11.08214255,9.47,682,400.0,44.4,0.0,0.0,0.0,0,0,0,0,0,1,0,0.006153846146940146,5.671347032876712
9.574983486,23.42,792,12748.0,21.0,1.0,0.0,0.0,0,0,0,0,0,0,0,0.8852777773918775,21.863013698630137
10.49127422,17.27,702,7976.0,47.2,3.0,0.0,1.0,1,0,1,0,0,0,0,0.2215555549879851,10.931506849315069
10.89673933,13.67,797,6015.0,43.9,1.0,0.0,0.0,0,0,1,0,0,0,0,0.11138888839280851,27.20559360821918
11.1123882,17.7,737,17870.0,42.8,1.0,0.0,0.0,0,1,0,0,0,0,0,0.26673234092196113,19.096004567123288
10.57745191,11.9,682,2496.0,56.7,3.0,0.0,1.0,0,0,0,0,0,0,0,0.06360856292516641,14.219292238356166
11.2708539,8.09,772,358.0,8.1,0.0,0.0,0.0,0,0,0,0,0,0,0,0.004560509571335526,13.043835616438356
11.5228758,14.3,737,33098.0,83.8,0.0,0.0,0.0,0,0,1,0,0,0,0,0.32770296892834444,12.328881279452055
10.4744671,5.69,722,14406.0,67.6,1.0,0.0,0.0,1,0,1,0,0,0,0,0.40694915218501687,13.726027397260275
14.18015367,0.0,772,2926.0,13.0,0.0,0.0,0.0,0,0,0,0,0,1,0,0.0020319444475983962,13.893150684931507
10.85013987,4.68,722,4342.0,46.2,0.0,0.0,0.0,0,0,0,0,0,0,0,0.08424302356219361,5.589155252054795
11.08214255,6.65,662,7855.0,74.1,0.0,0.0,0.0,0,0,0,0,0,0,0,0.12084615371053713,5.260388128767123
10.59663473,1.65,682,5536.0,72.8,0.0,0.0,0.0,0,0,1,0,0,0,0,0.13840000042849657,4.438470320547945
12.20607265,5.18,777,2574.0,7.5,3.0,0.0,0.0,0,0,1,0,0,0,0,0.012869999942473344,34.76712328767123
11.40366848,0.56,802,2123.0,4.8,0.0,0.0,0.0,1,0,0,0,0,0,0,0.02368098157219911,10.438470320547944
10.95080655,11.28,697,4700.0,40.2,2.0,1.0,0.0,0,0,0,0,0,0,0,0.08245614008839357,7.890410958904109
11.2515607,23.19,687,35820.0,96.8,1.0,0.0,0.0,1,0,0,0,0,0,1,0.4651948055836244,26.386415526027395
10.70324447,3.42,752,6593.0,31.2,0.0,0.0,0.0,0,0,1,0,0,0,0,0.14815730309733732,14.05490867671233
11.49272276,15.6,752,84110.0,55.3,0.0,0.0,0.0,0,0,1,0,0,0,0,0.8582653041078511,14.05490867671233
10.858999,11.22,777,14444.0,26.6,0.0,0.0,0.0,0,0,0,0,0,0,0,0.27776923009246374,45.62191780821918
11.00141627,15.91,702,18549.0,43.6,0.0,0.0,0.0,0,0,1,0,0,0,0,0.3093613982824477,8.137100457534247
11.33857208,14.67,747,8156.0,22.0,2.0,0.0,0.0,0,0,1,0,0,0,0,0.09709523788409966,17.096004567123288
11.21182037,0.84,712,14615.0,70.9,2.0,0.0,0.0,0,0,1,0,0,0,0,0.1975000004317956,9.452168950684932
10.93310697,16.76,752,18266.0,48.6,0.0,0.0,0.0,0,0,1,0,0,0,0,0.326178571336356,13.893150684931507
10.02127059,4.48,747,2458.0,68.3,1.0,0.0,0.0,0,0,0,0,0,0,0,0.10924444424698633,8.3836758
11.71993963,12.06,697,37784.0,70.1,0.0,0.0,0.0,0,0,0,0,0,0,0,0.30718699320758097,17.835616438356166
10.30895266,12.52,792,4887.0,14.4,0.0,0.0,0.0,0,0,1,0,0,0,0,0.16290000010495537,11.42477169041096
9.903487553,6.3,742,3406.0,9.8,1.0,0.0,1.0,0,0,1,0,0,0,0,0.17029999992100264,25.23299086849315
10.30895266,12.28,742,29437.0,49.6,2.0,0.0,0.0,0,0,1,0,0,0,0,0.9812333339655352,10.556278539726028
11.75587164,9.71,682,31525.0,75.8,0.0,0.0,0.0,0,0,1,0,0,0,0,0.24725490284610951,19.561757991780823
11.35040654,15.78,707,2335.0,97.3,3.0,0.0,0.0,1,0,1,0,0,0,0,0.02747058811091976,12.411073060273974
10.55581274,2.84,712,2650.0,48.2,2.0,0.0,1.0,0,0,0,0,0,1,0,0.06901041656838326,11.506963471232877
11.46507298,0.96,797,2792.0,5.4,1.0,0.0,0.0,0,0,0,0,0,0,0,0.02928852388050218,23.260388128767122
11.01862914,17.01,692,10320.0,47.8,0.0,0.0,0.0,0,1,0,0,0,0,0,0.1691803284026923,11.013698630136986
10.55059289,0.94,797,201.0,0.5,1.0,0.0,0.0,0,0,1,0,0,0,0,0.0052617690791614945,30.49326484931507
11.54248427,15.22,752,7015.0,24.5,1.0,0.0,0.0,0,0,1,0,0,0,0,0.06810679592660769,13.232990868493152
11.33857208,20.86,702,52537.0,48.9,1.0,0.0,0.0,0,0,0,0,0,0,0,0.6254404748304246,15.452168950684932
12.82395734,0.3,807,6098.0,0.0,2.0,0.0,0.0,0,0,0,0,0,0,0,0.01643665770806796,26.474086758904107
10.62132735,13.2,667,1759.0,48.9,2.0,0.0,0.0,0,0,1,0,0,0,0,0.04290243883932822,11.013698630136986
10.95954023,17.16,692,10708.0,79.9,0.0,0.0,0.0,0,1,0,0,0,0,0,0.18622608635788715,5.671232876712328
11.66134547,15.74,677,29344.0,57.1,2.0,0.0,0.0,0,0,0,0,0,1,0,0.25296551726376704,12.082305936986302
10.91508846,6.2,727,12875.0,26.6,3.0,0.0,0.0,0,0,1,0,0,0,0,0.23409091007751057,6.328881279452054
11.91839057,4.14,757,82445.0,16.7,2.0,0.0,0.0,0,0,1,0,0,0,0,0.5496333350253207,16.931506849315067
10.61643736,15.79,687,17704.0,72.5,0.0,0.0,0.0,0,0,1,0,0,0,0,0.4339215687976577,13.068493150684931
10.49127422,8.77,682,8901.0,65.4,0.0,0.0,0.0,0,0,1,0,0,0,0,0.24724999936660674,3.2877853890410957
9.169518377,4.75,692,253.0,3.2,0.0,0.0,0.0,0,0,1,0,0,0,0,0.02635416667868228,17.178196347945207
11.35040654,9.98,677,10844.0,68.6,3.0,1.0,0.0,0,0,1,0,0,0,0,0.1275764700106269,15.630251142465754
11.42081018,3.54,712,10842.0,25.7,1.0,0.0,1.0,0,0,1,0,0,0,0,0.118881578479263,14.054794520547945
11.35040654,8.3,717,11717.0,38.3,3.0,0.0,0.0,0,0,0,0,0,1,0,0.13784705819942047,8.712328767123287
10.30895266,19.08,667,2603.0,44.1,3.0,0.0,0.0,0,0,0,0,0,0,0,0.08676666672256984,9.041210046575342
10.94022444,22.06,727,22969.0,23.8,0.0,0.0,0.0,0,0,1,0,0,0,0,0.40725177202587576,16.3864155260274
10.79345484,12.91,717,16275.0,49.2,0.0,0.0,0.0,0,1,0,0,0,0,0,0.3341820505658195,6.246689498630137
10.71441777,23.2,772,3663.0,28.2,0.0,0.0,0.0,1,0,1,0,0,0,0,0.08139999989844993,10.537100457534246
10.25428526,20.24,777,3459.0,17.3,5.0,0.0,0.0,0,1,0,0,0,0,0,0.12177862264418972,19.4850456630137
10.08580911,14.2,702,1799.0,37.5,2.0,1.0,0.0,0,0,0,0,0,0,0,0.07495833328311748,4.931506849315069
11.49272276,15.86,747,32508.0,40.8,1.0,0.0,0.0,0,0,1,0,0,0,0,0.33171428493565597,19.80821917808219
11.29488139,16.15,767,23088.0,50.1,2.0,0.0,0.0,0,0,1,0,0,0,0,0.2871320372289937,14.054794520547945
10.91508846,17.87,692,10893.0,97.3,3.0,1.0,0.0,0,0,0,0,0,0,1,0.19805454628926777,14.854794520547944
11.51292546,9.8,702,27421.0,53.8,2.0,1.0,0.0,0,0,1,0,0,0,0,0.27421000136288637,13.31518264931507
11.77528973,3.56,787,10184.0,26.9,1.0,0.0,0.0,0,0,0,0,0,0,0,0.07833846149441329,11.589155252054796
11.33857208,10.13,712,15690.0,52.1,0.0,0.0,0.0,1,0,0,0,1,0,0,0.18678571387953943,14.712328767123287
10.9864446,9.3,692,6702.0,56.3,1.0,0.0,0.0,0,0,1,0,0,0,0,0.1134624502383818,16.767123287671232
10.69194491,21.82,747,14479.0,53.8,3.0,0.0,0.0,1,0,0,0,0,0,1,0.3290681827726106,10.03013698630137
10.26370422,21.3,687,23810.0,73.7,0.0,0.0,0.0,0,0,1,0,0,0,0,0.8304037252254567,16.356278539726027
11.08214255,12.55,677,3964.0,55.8,1.0,0.0,0.0,0,0,1,0,0,0,0,0.06098461531617685,7.23299086849315
10.91508846,0.65,792,383.0,8.5,0.0,0.0,0.0,0,0,0,0,0,0,0,0.006963636392985363,6.331621005479452
10.25765937,12.29,697,3647.0,93.5,1.0,0.0,0.0,0,0,1,0,0,0,0,0.12796491180169597,5.342579909589041
10.49127422,8.93,692,13568.0,75.4,3.0,0.0,0.0,0,0,0,0,0,0,0,0.3768888879233929,8.054908676712328
10.30895266,5.16,747,7656.0,38.1,4.0,0.0,0.0,0,0,1,0,0,0,0,0.2552000001644236,7.41381278630137
11.23843599,11.84,772,9910.0,15.3,1.0,0.0,0.0,0,0,0,0,0,0,0,0.13040159960230688,20.383675800000002
11.77528973,8.36,697,23494.0,46.3,0.0,3.0,1.0,0,1,0,0,0,0,0,0.18072307682145972,25.80821917808219
11.39075783,11.61,682,15514.0,77.2,0.0,0.0,0.0,1,0,0,0,0,0,0,0.1752994352028505,7.150799087671233
11.08214255,13.88,747,22170.0,76.7,1.0,0.0,0.0,0,0,0,0,0,0,1,0.3410769226941576,14.712328767123287
11.22524339,15.36,767,10624.0,19.0,0.0,0.0,0.0,0,0,1,0,0,0,0,0.1416533336900799,28.438470328767124
11.15625052,23.82,717,15458.0,62.8,0.0,0.0,0.0,0,0,1,0,0,0,0,0.22082857165635514,12.904109589041095
11.94470788,22.64,737,32654.0,39.2,2.0,0.0,0.0,0,1,0,0,0,0,0,0.212038961334918,35.67134704109589
10.75790288,16.67,752,23602.0,58.1,4.0,0.0,0.0,0,0,1,0,0,0,0,0.5021702131135577,9.698630136986301
11.28978191,8.89,707,12757.0,31.1,0.0,0.0,1.0,0,0,1,0,0,0,0,0.15946250058299782,13.89041095890411
10.39145388,19.93,782,13952.0,23.1,0.0,0.0,0.0,0,0,1,0,0,0,0,0.4282381838576124,38.71232876712329
10.40329267,16.74,667,4925.0,40.0,2.0,0.0,0.0,0,0,1,0,0,0,0,0.14938728509059887,6.246689498630137
9.798127037,13.67,682,4867.0,46.4,0.0,0.0,0.0,1,0,0,0,0,1,0,0.27038888885598295,5.189155252054794
11.07069263,7.53,787,858.0,4.4,4.0,0.0,0.0,0,0,0,0,1,0,0,0.01335200750530238,10.112442923287672
9.392661929,9.6,757,1158.0,18.7,2.0,0.0,0.0,0,0,0,0,0,0,0,0.09649999997781818,6.164497717808219
10.30895266,16.4,782,1149.0,23.9,0.0,0.0,0.0,0,0,0,0,0,0,0,0.03830000002467643,16.191894978082193
11.0744205,18.7,707,33878.0,79.0,3.0,0.0,0.0,0,0,1,0,0,0,0,0.5252403115397166,9.964383561643835
10.60903256,15.7,722,19036.0,82.4,0.0,0.0,0.0,0,0,1,0,0,0,0,0.4700362978655071,27.041095890410958
11.95761129,10.45,667,14718.0,40.4,1.0,0.0,0.0,0,0,0,0,0,0,1,0.09434615349062687,9.693150684931506
10.59663473,19.32,707,2707.0,31.5,0.0,0.0,0.0,0,0,1,0,0,0,0,0.06767500020952677,6.082305936986301
10.81977828,5.26,727,8394.0,79.2,3.0,0.0,0.0,1,0,0,0,0,0,1,0.1678800007403984,34.76712328767123
11.03488966,8.05,687,450.0,26.5,0.0,1.0,0.0,0,0,0,0,0,0,0,0.007258064545358922,11.835616438356164
10.66895539,18.45,672,7094.0,51.4,0.0,0.0,0.0,0,0,0,0,0,1,0,0.16497674495742806,16.27408675890411
12.14950229,18.76,662,31742.0,84.4,0.0,1.0,0.0,0,0,1,0,0,0,0,0.1679470906258952,19.561757991780823
11.15625052,3.36,717,8535.0,50.8,0.0,1.0,0.0,0,0,0,1,0,0,0,0.12192857155434023,13.89041095890411
10.69194491,21.63,717,20010.0,85.1,0.0,0.0,0.0,0,0,1,0,0,0,0,0.4547727285917492,10.109703197260274
10.30949651,19.02,742,14304.0,23.9,0.0,0.0,0.0,0,0,1,0,0,0,0,0.47654076312649124,8.55353881369863
10.54534144,15.6,692,3777.0,35.0,2.0,0.0,0.0,0,0,1,0,0,0,0,0.09939473671373927,42.08230594520548
10.6454249,17.26,737,1211.0,18.9,1.0,0.0,0.0,0,0,1,0,0,0,0,0.028833333254488735,6.164497717808219
10.1266311,7.58,707,7090.0,73.1,0.0,0.0,0.0,0,0,0,0,0,0,0,0.28360000109195554,8.95890410958904
10.42263843,15.1,782,8880.0,17.0,0.0,0.0,0.0,1,0,1,0,0,0,0,0.26419135892024315,29.506963479452057
9.392661929,6.0,727,843.0,31.2,0.0,0.0,0.0,0,0,0,0,0,0,0,0.07024999998385209,3.2823059369863015
10.77895629,13.68,692,9138.0,41.3,0.0,0.0,0.0,1,0,1,0,0,0,0,0.19037499997906407,13.479566210958906
10.46310334,9.02,682,7844.0,84.3,1.0,0.0,0.0,0,0,1,0,0,0,0,0.22411428581996695,6.246689498630137
10.6454249,18.23,722,4836.0,62.0,3.0,0.0,0.0,0,1,0,0,0,0,0,0.1151428568279996,16.027397260273972
10.71441777,0.8,747,150.0,10.0,2.0,0.0,0.0,0,0,0,0,0,1,0,0.0033333333291748536,13.068493150684931
11.77528973,12.6,672,8907.0,26.7,3.0,1.0,0.0,0,0,1,0,0,0,0,0.0685153845768597,13.071347032876714
11.00209984,24.86,727,38980.0,69.2,0.0,0.0,0.0,0,0,1,0,0,0,0,0.64966666744902,14.219292238356166
11.51292546,17.24,702,30438.0,79.4,0.0,0.0,0.0,0,0,1,0,0,0,0,0.30438000151283817,11.42477169041096
11.91839057,14.45,717,3539.0,36.5,1.0,0.0,0.0,1,0,0,0,0,0,1,0.023593333405962886,5.216552512328767
10.54534144,23.34,752,9527.0,44.7,0.0,0.0,0.0,0,0,1,0,0,0,0,0.25071052599200266,9.046575342465754
11.03488966,18.66,722,17559.0,49.9,0.0,0.0,0.0,0,1,0,0,0,0,0,0.28320967855990514,9.04109589041096
10.82972862,20.29,757,22458.0,37.0,0.0,0.0,0.0,0,0,1,0,0,0,0,0.4447128691807249,8.95890410958904
11.00209984,17.18,732,12581.0,67.3,1.0,0.0,0.0,0,0,1,0,0,0,0,0.209683333585842,10.684931506849315
11.69524702,9.44,727,7124.0,31.0,0.0,0.0,0.0,0,0,0,0,0,0,0,0.05936666677140033,11.013698630136986
11.04292184,4.63,667,900.0,19.6,2.0,0.0,0.0,1,0,0,0,0,1,0,0.014399999938432696,20.548059361643837
11.73606902,0.04,762,2668.0,76.2,1.0,0.0,0.0,0,0,0,0,0,0,1,0.02134399992069504,19.643835616438356
11.35040654,18.96,727,59861.0,92.2,0.0,0.0,0.0,0,0,1,0,0,0,0,0.7042470556350182,17.835616438356166
11.1927202,17.85,757,20362.0,19.6,0.0,1.0,0.0,0,0,0,0,1,0,0,0.2804683197872178,23.19189497808219
11.33857208,8.64,712,29535.0,75.7,0.0,0.0,0.0,0,0,1,0,0,0,0,0.3516071420925556,10.441210046575343
10.30895266,17.68,752,4301.0,37.7,0.0,0.0,0.0,0,1,0,0,0,0,0,0.14336666675903684,16.684931506849313
11.22524339,20.4,697,25417.0,83.1,0.0,0.0,0.0,0,0,0,0,0,0,1,0.3388933341868186,10.271347032876712
11.08214255,11.41,672,7453.0,95.6,0.0,0.0,1.0,0,0,1,0,0,0,0,0.11466153833286227,8.137100457534247
11.29836745,19.91,707,15171.0,36.1,0.0,1.0,0.0,0,1,0,0,0,0,0,0.18801632961840423,17.348059361643838
10.04498711,10.1,772,8264.0,23.7,0.0,0.0,0.0,0,0,1,0,0,0,0,0.35868055728074744,15.452168950684932
10.81977828,3.17,792,4432.0,6.8,0.0,0.0,0.0,0,0,0,0,0,0,0,0.08864000039092754,20.465867580821918
11.69524702,9.1,682,20249.0,93.3,0.0,0.0,0.0,0,0,1,0,0,0,0,0.16874166696435786,13.150799087671235
11.08980542,9.07,707,15389.0,81.0,0.0,0.0,0.0,0,0,1,0,0,0,0,0.23494656526689525,8.3836758
12.07254125,17.22,722,72814.0,56.0,1.0,0.0,0.0,0,0,0,0,0,0,0,0.4160800012089831,19.31518264931507
11.00209984,10.44,732,5011.0,38.5,0.0,0.0,0.0,0,0,1,0,0,0,0,0.08351666676724062,8.87945205479452
10.42228135,23.88,747,2534.0,22.2,2.0,0.0,0.0,0,0,0,0,0,0,0,0.07541666636132684,6.821917808219178
10.40411131,21.49,717,3992.0,67.7,0.0,0.0,0.0,0,0,0,0,0,1,0,0.12098802895103956,4.032876712328767
11.26446411,7.17,792,168.0,0.7,0.0,0.0,0.0,0,0,0,0,0,1,0,0.0021538461445237225,17.42477169041096
9.655026193,23.69,707,7826.0,70.5,1.0,0.0,0.0,0,0,0,0,0,0,0,0.5016666667858772,7.068607306849315
10.91508846,1.88,767,2796.0,9.3,1.0,0.0,0.0,0,0,0,0,0,1,0,0.050836363850618994,15.537100457534248
11.9511804,19.9,697,72951.0,97.7,0.0,0.0,0.0,0,1,0,0,0,0,0,0.4706516109742054,20.301484019178083
10.96337634,17.44,727,24351.0,66.2,1.0,0.0,0.0,0,0,1,0,0,0,0,0.4218741869567985,13.397374430136987
11.00209984,12.48,692,12558.0,62.2,1.0,0.0,0.0,0,0,1,0,0,0,0,0.20930000025204704,5.096004567123288
11.98292909,8.75,772,6065.0,41.6,4.0,0.0,0.0,0,0,0,0,1,0,0,0.037906250159811354,15.452168950684932
11.10495723,14.29,767,12657.0,8.6,1.0,0.0,0.0,0,0,1,0,0,0,0,0.19033082642890853,14.137100457534247
11.12726298,1.71,802,6077.0,24.6,0.0,0.0,0.0,0,0,0,0,1,0,0,0.08936764743043606,20.383675800000002
11.51292546,5.24,732,27294.0,44.8,0.0,0.0,0.0,0,1,0,0,0,0,0,0.27294000135657415,11.013698630136986
12.15477935,8.21,672,33266.0,92.9,0.0,0.0,0.0,0,0,1,0,0,0,0,0.17508421072637106,9.945205479452055
10.24281286,4.66,682,3288.0,35.0,1.0,0.0,0.0,0,0,0,0,0,1,0,0.11709401687619256,6.246689498630137
11.15625052,13.37,722,436.0,7.4,0.0,0.0,0.0,0,0,0,0,0,0,0,0.006228571434996173,9.945205479452055
10.30895266,24.6,672,1355.0,36.6,2.0,0.0,0.0,0,0,0,0,0,0,0,0.045166666695767244,7.07408675890411
11.02451344,10.21,747,6775.0,22.0,0.0,0.0,0.0,0,0,1,0,0,0,0,0.11041395001920976,9.12340182739726
10.82774645,22.38,762,8694.0,54.0,4.0,0.0,0.0,0,1,0,0,0,0,0,0.17250000070025695,26.13436073150685
10.57131693,22.12,682,18610.0,40.0,0.0,0.0,0.0,1,1,0,0,0,0,0,0.47717948484693046,20.71232876712329
11.52698615,14.07,702,18213.0,55.5,0.0,1.0,0.0,0,0,1,0,0,0,0,0.1795870471606045,14.876712328767123
11.1188453,7.15,697,14079.0,70.0,0.0,0.0,0.0,0,1,0,0,0,0,0,0.20879430556632572,22.191894978082193
9.574983486,0.0,662,0.0,0.0,0.0,4.0,0.0,0,0,1,0,0,0,0,0.0,4.931506849315069
11.77528973,12.15,747,35398.0,70.5,0.0,0.0,0.0,0,0,0,0,1,0,0,0.2722923075392028,26.054794520547944
10.91508846,18.22,682,16121.0,39.1,0.0,0.0,0.0,1,0,1,0,0,0,0,0.2931090921444309,12.16449771780822
11.08214255,13.79,722,9941.0,45.4,0.0,0.0,0.0,0,1,0,0,0,0,0,0.15293846136682998,12.904109589041095
10.75149944,15.52,662,11310.0,63.5,2.0,0.0,0.0,0,0,1,0,0,0,0,0.24218415506125363,11.260388128767124
10.81154448,10.79,707,2843.0,26.1,2.0,1.0,0.0,1,0,1,0,0,0,0,0.05733010684675698,11.835616438356164
11.35927299,8.82,757,3811.0,5.8,0.0,0.0,0.0,0,0,0,1,0,0,0,0.04443952116533795,8.145319635616438
10.27505111,23.26,692,12082.0,82.2,1.0,1.0,0.0,1,0,1,0,0,0,0,0.41662068922547457,10.356278539726027
10.26813067,14.92,697,7054.0,91.6,0.0,0.0,0.0,0,0,1,0,0,0,0,0.24493055460621393,7.980821917808219
11.15008872,4.36,737,1991.0,28.9,1.0,0.0,0.0,0,0,0,0,0,0,0,0.028618657436324798,7.890410958904109
11.08214255,11.13,672,6227.0,89.0,1.0,0.0,0.0,0,0,1,0,0,0,0,0.09579999989249073,9.205593608219178
11.45924237,5.38,707,1839.0,13.3,0.0,1.0,0.0,0,0,0,0,0,0,0,0.019404211566913857,10.19189497808219
10.75790288,9.45,752,10887.0,41.4,2.0,0.0,0.0,0,0,0,0,0,0,0,0.23163829803267955,17.91780821917808
10.16585182,19.52,697,10634.0,71.5,0.0,0.0,0.0,1,0,0,0,0,0,1,0.40899999877448007,4.520662101369863
9.980448594,4.72,727,2638.0,11.5,2.0,0.0,0.0,0,0,0,0,0,0,0,0.12212962958960237,3.2877853890410957
11.46813728,16.49,692,21881.0,96.4,1.0,0.0,0.0,0,0,1,0,0,0,0,0.22883288064947324,16.191894978082193
10.59663473,9.6,712,193.0,7.4,0.0,0.0,0.0,1,0,0,0,0,0,0,0.004825000014938555,7.150799087671233
11.8493977,20.28,722,60713.0,62.5,1.0,0.0,0.0,0,0,1,0,0,0,0,0.4336642864044366,14.794520547945206
10.61043901,10.36,687,3934.0,52.5,1.0,0.0,1.0,0,0,1,0,0,0,0,0.09700167708899046,7.561757991780822
10.4341158,0.18,817,306.0,0.5,0.0,0.0,0.0,0,0,1,0,0,0,0,0.00900000003238468,14.882191780821918
10.55581274,22.31,707,3122.0,56.8,0.0,0.0,0.0,0,0,0,0,0,0,0,0.08130208321754435,3.9452054794520546
10.79957558,7.08,707,7679.0,80.0,0.0,0.0,0.0,0,1,0,0,0,0,0,0.1567142852586801,8.794520547945206
11.8493977,8.1,742,17930.0,0.0,3.0,0.0,0.0,0,0,0,0,0,0,0,0.12807142877524663,13.808219178082192
11.05089001,10.29,717,2787.0,30.3,3.0,0.0,0.0,0,0,0,0,0,0,0,0.044238095033435204,11.835616438356164
10.40426284,7.89,702,11209.0,66.7,1.0,0.0,0.0,1,0,0,0,0,0,1,0.3396666668190472,9.616552512328767
11.53329656,13.1,682,8785.0,37.4,1.0,0.0,0.0,0,0,0,0,1,0,0,0.08607850421717918,31.643835616438356
10.6454249,10.29,717,6349.0,31.6,0.0,0.0,0.0,0,0,1,0,0,0,0,0.15116666625330222,6.082305936986301
10.49127422,2.77,762,3969.0,19.7,0.0,0.0,0.0,0,0,1,0,0,0,0,0.11024999971756681,7.397374430136987
10.54534144,17.21,677,2360.0,59.0,0.0,3.0,0.0,0,0,0,0,0,0,0,0.06210526307768723,7.068493150684931
11.48612964,23.86,707,27879.0,78.3,1.0,0.0,0.0,0,0,1,0,0,0,0,0.28636139591665316,13.945205479452055
11.95761129,7.83,682,6618.0,30.5,2.0,0.0,0.0,0,0,0,0,1,0,0,0.04242307676321298,15.698630136986301
11.34568955,0.0,737,0.0,0.0,1.0,0.0,0.0,0,1,0,0,0,0,0,0.0,5.934246575342466
11.35040654,0.17,777,2994.0,9.5,0.0,0.0,0.0,0,0,1,0,0,0,0,0.03522352925228855,18.0
10.59663473,15.21,692,9538.0,43.8,0.0,0.0,0.0,0,0,1,0,0,0,0,0.23845000073825873,5.7534246575342465
11.88446833,5.54,777,311.0,0.4,1.0,0.0,0.0,0,0,0,0,1,0,0,0.002144871966157368,28.19189498630137
11.49799455,4.46,757,37334.0,55.4,0.0,0.0,0.0,0,1,0,0,0,0,0,0.3789561304437283,14.471347032876713
10.96819829,13.9,727,4563.0,67.1,0.0,0.0,0.0,0,0,1,0,0,0,0,0.07867241375601383,12.986301369863014
11.07906088,14.13,687,20429.0,66.1,2.0,0.0,0.0,1,0,0,0,0,0,1,0.31526234641684164,15.75068493150685
10.30895266,5.36,692,3162.0,73.5,1.0,0.0,0.0,0,0,0,0,0,0,0,0.1054000000679085,7.317922375342466
11.76107378,4.48,757,5615.0,8.9,0.0,0.0,0.0,0,0,0,0,0,0,0,0.04381071254604246,16.980821917808218
11.53718872,17.76,707,25478.0,65.3,0.0,1.0,0.0,0,1,0,0,0,0,0,0.24867260020168974,24.41107306027397
10.37349118,11.36,747,16021.0,30.6,1.0,0.0,0.0,1,0,1,0,0,0,0,0.5006562508921011,10.19189497808219
10.99406767,20.32,742,6673.0,32.4,0.0,0.0,0.0,0,0,0,0,0,0,0,0.11211357521354227,10.931506849315069
9.798127037,11.33,677,3600.0,94.7,0.0,0.0,0.0,0,0,1,0,0,0,0,0.19999999997566026,4.684931506849315
13.47019937,2.26,747,24361.0,84.3,0.0,0.0,0.0,0,0,1,0,0,0,0,0.03440819218246689,16.109703197260274
10.42228135,13.14,702,11154.0,86.5,1.0,0.0,1.0,0,0,1,0,0,0,0,0.3319642843702603,21.123401827397263
10.69194491,4.53,787,706.0,1.4,1.0,0.0,0.0,0,0,0,0,1,0,0,0.01604545459199275,13.068493150684931
10.25765937,17.64,767,611.0,6.9,1.0,0.0,0.0,0,0,0,0,0,1,0,0.021438596410977853,15.369977169863015
10.81977828,15.7,737,55.0,0.6,3.0,0.0,0.0,1,0,0,0,1,0,0,0.001100000004851312,8.548059361643835
11.1844214,9.62,732,11589.0,20.8,0.0,1.0,0.0,0,1,0,0,0,0,0,0.16095833301112575,14.06027397260274
10.1266311,13.73,712,1988.0,99.4,0.0,0.0,0.0,0,0,1,0,0,0,0,0.0795200003061788,9.616552512328767
11.00209984,22.08,772,2930.0,20.1,5.0,0.0,0.0,0,0,0,0,0,0,0,0.0488333333921403,16.60285388219178
10.77895629,8.8,702,11284.0,94.8,0.0,0.0,0.0,0,0,1,0,0,0,0,0.23508333330748074,15.616552512328768
11.28978191,9.9,777,30928.0,63.0,2.0,0.0,0.0,0,0,1,0,0,0,0,0.38660000141341666,16.767123287671232
10.59663473,3.45,697,3733.0,58.3,2.0,0.0,0.0,0,0,1,0,0,0,0,0.09332500028894106,4.356278539726027
10.87804719,18.41,742,9571.0,31.1,3.0,1.0,0.0,0,0,1,0,0,0,0,0.18058490611802624,11.096004567123288
10.54534144,0.95,812,255.0,0.6,1.0,0.0,0.0,0,0,0,0,0,0,0,0.006710526307122985,26.794520547945204
11.08214255,15.05,742,37471.0,61.9,1.0,0.0,0.0,0,0,0,0,1,0,0,0.5764769224299855,18.24668949863014
11.72803684,15.36,672,30232.0,67.3,0.0,2.0,0.0,0,1,0,0,0,0,0,0.2438064527312859,20.84931506849315
11.77528973,2.06,757,6834.0,30.4,5.0,0.0,0.0,1,0,0,0,1,0,0,0.052569230739672075,26.876712328767123
11.0744205,10.33,742,14880.0,58.0,2.0,0.0,0.0,0,0,0,0,0,0,0,0.23069767506083547,9.945205479452055
11.05089001,1.81,697,4676.0,47.2,1.0,0.0,0.0,0,0,0,0,0,0,0,0.07422222187884572,9.945205479452055
10.23995979,0.0,787,0.0,0.0,3.0,0.0,0.0,0,0,1,0,0,0,0,0.0,13.31518264931507
10.89673933,17.47,732,19109.0,38.0,2.0,0.0,0.0,0,0,1,0,0,0,0,0.35387036879437705,19.561757991780823
11.40756495,19.24,727,15366.0,50.9,3.0,0.0,0.0,0,0,0,0,1,0,0,0.17073333321593756,11.506963471232877
10.69194491,8.97,747,4051.0,13.6,1.0,0.0,0.0,0,0,0,0,0,0,0,0.0920681820852162,10.704223745205478
11.60823564,17.64,667,54165.0,75.0,1.0,1.0,0.0,0,0,0,0,0,0,0,0.4924090932601243,14.630251142465754
11.60823564,15.4,692,53761.0,92.1,2.0,0.0,0.0,1,0,0,0,1,0,0,0.48873636596986136,10.526141553424658
9.980448594,15.17,707,1855.0,23.2,0.0,0.0,0.0,0,0,0,0,0,0,0,0.0858796296014831,4.027397260273973
10.87804719,13.09,737,3706.0,11.2,1.0,0.0,0.0,0,0,0,0,0,1,0,0.06992452847909364,6.246689498630137
11.5228758,22.22,687,33465.0,89.3,2.0,0.0,0.0,0,0,1,0,0,0,0,0.3313366322795047,18.73972602739726
9.169518377,4.38,747,486.0,21.0,0.0,0.0,0.0,0,0,1,0,0,0,0,0.050625000023081373,3.4521689506849316
10.77895629,24.13,757,6212.0,49.7,2.0,0.0,0.0,0,0,1,0,0,0,0,0.12941666665243445,22.035616438356165
10.95960979,8.31,757,20627.0,21.9,0.0,0.0,0.0,0,0,1,0,0,0,0,0.35870548120834084,23.096004567123288
10.13459927,5.38,687,5385.0,58.5,1.0,0.0,0.0,0,0,1,0,0,0,0,0.21369047693828902,3.1234018273972604
10.3859137,5.33,692,5917.0,61.0,3.0,0.0,0.0,0,0,0,0,0,0,0,0.18262345711527012,3.5288812794520545
10.71441777,14.04,667,3082.0,99.4,0.0,0.0,0.0,0,0,1,0,0,0,0,0.06848888880344599,8.942465753424658
11.69524702,2.19,777,63646.0,9.8,1.0,0.0,0.0,0,0,0,0,0,0,0,0.5303833342690266,11.013698630136986
11.57988293,17.65,742,81940.0,35.3,0.0,0.0,0.0,0,0,1,0,0,0,0,0.7663315431715058,25.643835616438356
10.25765937,24.63,727,9193.0,28.5,0.0,0.0,0.0,0,0,1,0,0,0,0,0.3225614023013411,21.945205479452056
11.43171541,0.47,772,3910.0,6.5,3.0,0.0,0.0,0,0,0,0,0,0,1,0.04240780909132013,12.082305936986302
10.91508846,8.47,737,13041.0,39.0,1.0,0.0,0.0,0,0,1,0,0,0,0,0.23710909190841284,15.698630136986301
12.20607265,9.68,737,29411.0,59.3,3.0,0.0,0.0,0,1,0,0,0,0,0,0.14705499934268979,20.895890410958906
11.40756495,15.89,792,34039.0,1.6,4.0,0.0,0.0,0,0,0,0,0,0,1,0.3782111108510542,44.794520547945204
11.08214255,9.42,742,2087.0,9.8,0.0,0.0,0.0,0,0,1,0,0,0,0,0.032107692271660215,7.6438356164383565
10.71441777,15.76,672,4007.0,54.9,1.0,0.0,0.0,0,0,1,0,0,0,0,0.08904444433335759,14.054794520547945
10.46310334,10.8,732,10631.0,36.9,3.0,0.0,0.0,1,0,1,0,0,0,0,0.3037428572860873,10.438470320547944
10.62132735,13.61,722,8250.0,93.7,2.0,0.0,0.0,0,0,0,0,0,0,0,0.20121951132715055,7.3151826493150685
10.71441777,20.69,737,9078.0,68.8,0.0,0.0,0.0,0,1,0,0,0,0,0,0.20173333308166214,9.369977169863013
10.96819829,19.31,697,13660.0,79.0,1.0,0.0,0.0,0,1,0,0,0,0,0,0.2355172412682772,17.671232876712327
10.52492389,20.85,722,15859.0,78.6,0.0,0.0,0.0,0,1,0,0,0,0,0,0.4259507931161832,13.569977169863014
10.59663473,24.1,717,4136.0,52.4,0.0,0.0,0.0,0,1,0,0,0,0,0,0.103400000320134,12.986301369863014
11.00584283,2.11,742,4949.0,0.0,1.0,0.0,0.0,1,0,0,0,0,0,1,0.08217517621492272,3.4549086767123285
10.71441777,6.13,747,4708.0,43.2,1.0,0.0,0.0,1,0,0,0,0,0,0,0.1046222220917014,5.597374430136986
10.08580911,9.65,747,3380.0,31.9,4.0,0.0,0.0,1,0,1,0,0,0,0,0.1408333332389867,10.109703197260274
10.66895539,13.7,722,12606.0,88.2,0.0,0.0,0.0,0,0,1,0,0,0,0,0.29316279206841533,26.30148401917808
10.08580911,24.55,742,20594.0,38.3,0.0,0.0,0.0,0,0,0,0,0,0,0,0.8580833327584887,14.301484019178083
11.42954386,12.52,752,25245.0,53.3,4.0,0.0,0.0,0,0,0,0,1,0,0,0.2744021728239897,13.479566210958906
10.41331268,11.14,682,3279.0,41.0,0.0,0.0,0.0,0,0,1,0,0,0,0,0.09846846807149624,10.767123287671232
9.729134165,12.21,672,1772.0,73.8,0.0,0.0,0.0,0,0,0,0,0,0,0,0.10547619051746865,10.027397260273972
10.34817337,18.27,687,14940.0,40.8,0.0,0.0,0.0,1,0,0,0,0,0,1,0.47884615566460764,4.474086758904109
11.22524339,18.19,742,11361.0,35.0,2.0,1.0,0.0,0,0,0,0,1,0,0,0.15148000038149453,13.646575342465754
10.42821608,15.02,667,8556.0,44.3,1.0,0.0,0.0,0,0,1,0,0,0,0,0.2531360950469472,6.493264841095891
11.53272809,7.31,797,19412.0,32.5,0.0,0.0,0.0,0,1,0,0,0,0,0,0.19031372592152448,19.89041095890411
10.858999,20.91,722,42613.0,98.4,1.0,0.0,0.0,1,1,0,0,0,0,0,0.8194807672341565,17.42477169041096
10.34174248,16.41,727,1877.0,10.3,1.0,0.0,0.0,0,0,1,0,0,0,0,0.06054838730671257,9.12340182739726
11.15625052,18.48,672,7862.0,71.5,0.0,0.0,0.0,0,1,0,0,0,0,0,0.11231428583013742,17.91780821917808
10.91508846,14.97,742,11484.0,12.5,0.0,1.0,0.0,0,0,1,0,0,0,0,0.20880000088001022,19.150799087671235
10.81977828,10.44,712,22576.0,82.7,3.0,0.0,0.0,0,0,1,0,0,0,0,0.45152000199133124,15.123287671232877
11.01862914,12.96,727,28404.0,74.7,1.0,0.0,0.0,0,0,1,0,0,0,0,0.46563934573159604,13.079566210958905
11.75194237,16.36,687,26040.0,60.8,1.0,0.0,0.0,0,0,0,0,1,0,0,0.20503936914390994,9.698630136986301
11.02026715,16.56,712,8109.0,59.6,0.0,0.0,0.0,0,0,0,0,0,0,0,0.1327168569680834,6.0
10.42821608,21.76,692,24127.0,70.5,3.0,0.0,0.0,0,0,1,0,0,0,0,0.7138165690974397,18.57545662191781
10.66914142,21.85,667,10677.0,55.0,1.0,0.0,0.0,0,0,0,0,0,1,0,0.24825613935679122,7.61381278630137
11.11266399,11.94,702,13264.0,62.3,1.0,0.0,0.0,0,0,1,0,0,0,0,0.1979273741839358,13.808219178082192
10.98189713,5.88,687,9972.0,35.9,3.0,0.0,1.0,0,0,0,0,0,1,0,0.16959183739384956,7.328881279452054
9.862665558,14.06,717,3317.0,62.6,0.0,0.0,0.0,0,0,0,1,0,0,0,0.17276041666940892,7.808219178082192
11.51292546,11.18,737,73196.0,16.6,2.0,0.0,0.0,0,0,1,0,0,0,0,0.7319600036380085,17.589155252054795
10.83958091,5.81,662,3125.0,32.6,0.0,2.0,0.0,0,0,1,0,0,0,0,0.06127450990848421,5.260388128767123
10.49127422,10.43,777,2063.0,12.1,0.0,0.0,0.0,0,0,0,0,0,1,0,0.057305555408752915,9.452168950684932
11.08214132,15.23,662,4763.0,78.1,2.0,0.0,1.0,0,1,0,0,0,0,0,0.07327701312536054,10.931506849315069
11.15625052,20.64,677,11725.0,54.8,1.0,0.0,0.0,1,0,1,0,0,0,0,0.16750000017277553,4.931506849315069
10.91508846,6.09,757,4360.0,29.3,0.0,0.0,0.0,0,0,0,0,0,1,0,0.07927272760683077,10.046575342465754
10.95954023,4.88,682,8436.0,87.9,0.0,0.0,0.0,0,0,1,0,0,0,0,0.14671304300664326,8.630251142465754
11.21946674,14.05,667,3407.0,48.7,2.0,5.0,0.0,0,0,1,0,0,0,0,0.045689840134073116,25.315182649315066
11.31938926,12.74,662,35174.0,69.4,3.0,0.0,0.0,0,0,1,0,0,0,0,0.42684821057262773,12.904109589041095
11.69524702,9.35,707,2379.0,40.3,1.0,0.0,0.0,0,0,0,0,0,0,1,0.019825000034974928,11.67123287671233
10.74194646,9.75,717,8368.0,66.9,1.0,0.0,0.0,0,0,1,0,0,0,0,0.18090626157936868,12.328881279452055
10.46310334,12.03,707,11197.0,53.3,0.0,0.0,1.0,0,0,1,0,0,0,0,0.3199142858651415,12.821917808219178
11.25480219,15.92,727,16116.0,67.7,2.0,0.0,0.0,0,0,0,0,0,0,0,0.20862136021633704,11.753424657534246
11.21182037,21.91,682,14200.0,42.8,1.0,2.0,0.0,0,0,1,0,0,0,0,0.19189189231142645,19.178196347945207
11.69524702,1.01,772,1957.0,12.1,1.0,0.0,0.0,0,0,0,0,0,0,0,0.01630833336210422,9.780821917808218
11.01224817,20.73,697,13313.0,31.3,0.0,0.0,0.0,0,0,1,0,0,0,0,0.21964297548397743,12.16449771780822
10.55581274,9.69,662,12863.0,37.9,1.0,0.0,0.0,0,0,0,0,0,0,0,0.33497395785626943,3.5343607315068493
11.00209984,21.34,702,35236.0,69.1,2.0,0.0,0.0,0,0,1,0,0,0,0,0.5872666673738756,9.205593608219178
10.49127422,21.8,702,28450.0,75.7,2.0,0.0,0.0,0,0,1,0,0,0,0,0.7902777757532818,5.835616438356165
10.7623822,9.66,792,444.0,0.9,3.0,0.0,0.0,0,0,0,0,0,0,0,0.009404587869340298,27.369977169863013
10.95080655,13.64,702,18252.0,60.8,1.0,0.0,0.0,0,0,1,0,0,0,0,0.32021052529645944,10.356278539726027
12.32385568,12.7,727,121563.0,26.6,1.0,0.0,0.0,0,0,0,0,1,0,0,0.5402800006410734,24.65753424657534
11.00209984,8.52,677,1506.0,37.6,0.0,2.0,0.0,0,0,0,0,0,0,0,0.025100000030226378,24.164497717808217
11.32659589,11.71,697,17900.0,64.9,1.0,0.0,0.0,0,1,0,0,0,0,0,0.21566264990770306,21.698630136986303
11.21182037,23.35,727,13042.0,52.2,0.0,0.0,0.0,0,0,0,0,1,0,0,0.17624324362856505,15.945205479452055
11.26446411,2.64,667,54727.0,89.2,0.0,0.0,0.0,0,1,0,0,0,0,0,0.7016282020913677,10.027397260273972
10.54534144,0.69,747,1125.0,16.5,1.0,0.0,0.0,0,0,1,0,0,0,0,0.02960526311966023,7.23299086849315
10.1266311,6.91,752,446.0,17.2,0.0,0.0,0.0,0,0,0,0,0,1,0,0.01784000006869001,6.164497717808219
10.6454249,14.2,727,10894.0,39.6,0.0,0.0,1.0,0,1,0,0,0,0,0,0.2593809516716765,18.742465753424657
10.6454249,8.31,687,8091.0,30.9,1.0,0.0,0.0,0,0,1,0,0,0,0,0.19264285661607627,8.219292238356164
10.46310334,15.67,717,6433.0,48.7,1.0,0.0,0.0,0,0,1,0,0,0,0,0.18380000008667102,30.575456630136987
11.08214255,19.88,767,5720.0,11.0,0.0,0.0,0.0,0,0,0,0,0,1,0,0.08799999990124409,12.16449771780822
11.46163217,18.18,667,15109.0,77.9,1.0,0.0,0.0,0,0,1,0,0,0,0,0.15904210535582824,14.136986301369863
10.77895629,23.23,682,30423.0,66.3,1.0,0.0,1.0,0,1,0,0,0,0,0,0.6338124999302984,13.068493150684931
11.51292546,12.68,792,23092.0,25.7,0.0,0.0,0.0,0,0,1,0,0,0,0,0.23092000114772515,18.57545662191781
10.70987413,14.79,727,16077.0,54.9,0.0,0.0,0.0,0,0,0,0,0,0,0,0.35889365075322477,8.301484019178082
10.39690249,13.92,667,9713.0,63.5,1.0,1.0,0.0,0,0,1,0,0,0,0,0.29650772213074966,14.712328767123287
11.22524339,23.92,707,13236.0,61.3,0.0,0.0,0.0,0,1,0,0,0,0,0,0.17648000044445572,12.873972602739727
10.08580911,3.3,717,1124.0,9.7,1.0,0.0,0.0,0,0,0,0,0,0,0,0.046833333301958886,5.096004567123288
11.28978191,22.52,742,3676.0,10.2,1.0,0.0,0.0,0,0,1,0,0,0,0,0.04595000016799404,14.548059361643837
11.00209984,21.9,742,100842.0,34.4,1.0,0.0,0.0,0,0,1,0,0,0,0,1.680700002023963,23.608333334246574
10.79949394,21.97,697,22259.0,66.8,0.0,0.0,0.0,0,0,0,0,0,0,0,0.45430239253517724,12.493264841095892
11.15625052,5.69,672,3275.0,21.0,1.0,3.0,0.0,0,0,1,0,0,0,0,0.04678571433397355,18.548059361643837
10.73116563,13.98,727,22837.0,79.3,0.0,0.0,0.0,0,0,1,0,0,0,0,0.49906031271586293,13.186301369863013
11.1844214,4.93,752,3252.0,25.0,1.0,0.0,0.0,0,1,0,0,0,0,0,0.0451666665762517,16.18904109589041
10.75900865,17.93,722,26636.0,61.6,1.0,0.0,0.0,0,0,1,0,0,0,0,0.5660970852548609,8.715182649315068
11.51292546,21.88,747,29860.0,47.6,0.0,0.0,0.0,0,0,1,0,0,0,0,0.29860000148411026,12.657534246575343
12.03171926,11.42,762,55622.0,39.5,0.0,0.0,0.0,0,0,1,0,0,0,0,0.3310833327987652,14.638470320547947
11.69524702,15.8,762,60767.0,80.4,0.0,0.0,0.0,0,0,1,0,0,0,0,0.5063916675600343,13.068493150684931
10.37349118,21.68,737,7370.0,85.7,1.0,0.0,0.0,1,0,1,0,0,0,0,0.2303125004103854,12.490525115068495
10.62132735,7.52,692,8959.0,97.4,1.0,0.0,0.0,0,0,0,0,0,0,0,0.2185121941793869,6.657534246575342
10.52674861,21.49,707,0.0,0.0,0.0,0.0,0.0,1,0,1,0,0,0,0,0.0,12.575456621917809
13.54370183,1.69,752,10490.0,41.0,0.0,0.0,0.0,0,0,1,0,0,0,0,0.013766404263747426,9.780821917808218
11.60827201,10.97,732,33383.0,63.2,1.0,0.0,0.0,0,0,0,0,0,0,0,0.3034707821977452,15.372716895890411
11.56171563,10.42,727,10465.0,44.0,0.0,0.0,0.0,1,0,0,0,0,0,0,0.09966666658091948,12.493264841095892
10.1266311,20.02,762,11873.0,14.7,0.0,0.0,0.0,0,0,0,0,0,0,0,0.474920001828602,9.043835616438356
11.01862914,21.52,687,10046.0,46.3,0.0,0.0,0.0,0,0,1,0,0,0,0,0.1646885251098301,14.219292238356166
11.1927202,13.72,757,10257.0,24.0,0.0,0.0,0.0,0,0,0,0,0,0,0,0.14128099185038273,10.109703197260274
11.44035477,10.61,722,28960.0,22.2,1.0,0.0,0.0,0,1,0,0,0,0,0,0.31139785012732213,12.30422374520548
11.56171563,10.8,732,33107.0,98.8,1.0,0.0,0.0,0,0,1,0,0,0,0,0.3153047616334927,17.013698630136986
11.47210347,15.82,672,14977.0,36.7,0.0,2.0,0.0,0,0,1,0,0,0,0,0.1560104167368671,19.726027397260275
11.49272276,19.93,737,41347.0,56.6,2.0,0.0,0.0,0,0,1,0,0,0,0,0.42190816227496514,13.397374430136987
11.22524339,4.64,767,10788.0,27.7,1.0,0.0,0.0,0,0,0,0,0,0,0,0.14384000036225358,13.898630136986302
11.23848862,10.72,737,2261.0,17.5,0.0,0.0,0.0,1,0,1,0,0,0,0,0.029749999978236928,13.808219178082192
10.92665765,23.72,727,38043.0,52.6,1.0,0.0,0.0,0,1,0,0,0,0,0,0.6837347205113237,15.123401827397261
10.79957558,18.59,722,4692.0,35.3,0.0,0.0,0.0,0,1,0,0,0,0,0,0.09575510176243354,14.876712328767123
10.90646961,7.68,737,6525.0,7.8,3.0,0.0,0.0,0,1,0,0,0,0,0,0.11966329227613597,14.137100457534247
10.08580911,16.2,672,7893.0,59.3,1.0,0.0,0.0,0,0,1,0,0,0,0,0.32887499977968104,6.657534246575342
11.22524339,18.88,707,8652.0,29.6,2.0,1.0,0.0,0,0,1,0,0,0,0,0.11536000029052818,8.021917808219179
11.15625052,23.14,702,25498.0,64.6,2.0,0.0,0.0,0,1,0,0,0,0,0,0.3642571432328725,12.246689498630138
9.574983486,12.08,707,5282.0,30.0,3.0,0.0,0.0,0,0,0,0,0,0,0,0.36680555539566184,8.986301369863014
11.00209984,20.6,667,19112.0,82.0,1.0,0.0,0.0,0,0,0,0,0,0,0,0.31853333371692333,26.958904109589042
10.90738615,17.41,737,28559.0,73.2,0.0,0.0,0.0,1,0,1,0,0,0,0,0.523269449297593,11.263127854794522
11.6784399,3.48,757,10227.0,40.1,1.0,0.0,0.0,0,0,1,0,0,0,0,0.0866694918242429,26.794520547945204
11.15625052,3.05,662,7427.0,81.2,0.0,0.0,0.0,0,0,0,0,0,0,0,0.10610000010944169,9.369977169863013
10.7243681,7.18,762,6126.0,21.1,1.0,0.0,0.0,0,0,1,0,0,0,0,0.1347854784946988,13.068493150684931
11.46163217,8.82,742,21275.0,50.2,0.0,0.0,0.0,0,0,0,0,1,0,0,0.22394736855154188,15.698630136986301
10.69194491,13.58,777,37803.0,35.2,0.0,0.0,0.0,0,0,1,0,0,0,0,0.8591590934009943,11.013698630136986
11.16336799,12.65,742,5238.0,73.4,0.0,0.0,0.0,0,1,0,0,0,0,0,0.07429787225129489,5.342579909589041
10.83958091,15.69,702,15239.0,81.9,0.0,0.0,0.0,0,1,0,0,0,0,0,0.2988039220785251,15.452168950684932
10.59663473,9.9,732,9305.0,25.5,0.0,1.0,0.0,0,0,1,0,0,0,0,0.2326250007202241,14.95890410958904
11.10375349,19.84,697,20908.0,67.7,2.0,0.0,0.0,0,0,0,0,0,1,0,0.3147847049547101,8.794520547945206
11.87756858,13.95,707,25547.0,32.1,0.0,0.0,0.0,0,1,0,0,0,0,0,0.1774097219664218,17.178196347945207
10.19351188,21.32,717,6528.0,72.5,0.0,0.0,0.0,0,0,1,0,0,0,0,0.24422728695487297,9.126141553424658
11.26446411,8.58,742,26552.0,49.2,2.0,0.0,0.0,1,1,0,0,0,0,0,0.34041025493686833,10.931506849315069
10.95080655,6.84,667,1820.0,42.3,2.0,1.0,0.0,1,0,0,0,0,0,0,0.03192982445976091,5.013698630136986
10.77895629,12.65,757,119.0,0.5,1.0,0.0,0.0,0,1,0,0,0,0,0,0.0024791666663940277,6.493264841095891
11.2835123,6.51,747,14914.0,56.1,1.0,0.0,0.0,0,0,1,0,0,0,0,0.18759748439724655,19.23299086849315
11.46163217,9.28,697,11219.0,32.4,0.0,1.0,0.0,0,0,1,0,0,0,0,0.11809473691091649,7.150799087671233
11.22524339,11.31,777,1126.0,7.9,0.0,0.0,0.0,0,0,0,0,0,0,0,0.015013333371143635,8.219292238356164
10.09823163,0.99,792,117.0,8.4,5.0,0.0,0.0,0,0,0,0,0,0,0,0.004814814811582336,9.619292238356165
10.46310334,18.07,752,7994.0,24.7,0.0,0.0,0.0,0,0,1,0,0,0,0,0.22840000010770217,8.794520547945206
10.51867319,14.85,757,15889.0,42.6,0.0,0.0,0.0,0,1,0,0,0,0,0,0.429432433130845,17.013698630136986
11.82815218,23.49,697,24235.0,73.7,1.0,0.0,0.0,0,0,1,0,0,0,0,0.1768242404214741,15.123401827397261
10.30895266,11.32,672,2816.0,52.1,0.0,1.0,0.0,0,0,1,0,0,0,0,0.09386666672714432,4.356278539726027
10.59663473,16.05,697,13013.0,66.1,1.0,0.0,0.0,1,0,1,0,0,0,0,0.3253250010072301,5.424771690410958
11.00209984,10.04,757,3370.0,11.7,0.0,0.0,0.0,0,0,0,0,0,0,0,0.05616666673430471,11.92054794520548
10.16585182,9.45,762,21.0,0.1,0.0,0.0,0.0,0,0,1,0,0,0,0,0.0008076923052721536,7.808219178082192
11.33857208,13.63,732,25036.0,45.4,3.0,0.0,0.0,0,0,1,0,0,0,0,0.2980476183994996,17.191894978082193
10.57131693,13.91,667,21756.0,75.7,0.0,1.0,0.0,0,0,1,0,0,0,0,0.557846151119281,14.95890410958904
11.31447453,19.33,702,4556.0,47.0,1.0,0.0,0.0,0,0,0,0,0,0,0,0.05556097540120187,13.25490867671233
10.91508846,4.49,697,6644.0,44.9,1.0,0.0,0.0,0,0,0,1,0,0,0,0.12080000050912468,7.150799087671233
10.30768519,19.22,692,11664.0,60.7,0.0,0.0,0.0,0,0,1,0,0,0,0,0.3892931050185547,5.342579909589041
10.77895629,16.35,737,9348.0,22.2,3.0,0.0,0.0,0,0,0,0,0,0,0,0.19474999997858294,11.095890410958905
10.91508846,6.2,712,6252.0,64.5,3.0,0.0,0.0,0,1,0,0,0,0,0,0.1136727277518133,7.2494292246575345
12.04355372,3.43,717,3670.0,18.9,0.0,0.0,0.0,0,0,0,0,1,0,0,0.021588235208464136,12.0
10.18111929,21.0,732,6704.0,98.6,1.0,0.0,0.0,1,0,0,0,0,0,0,0.25393939371958596,20.71232876712329
11.39639165,14.25,687,19351.0,89.6,0.0,1.0,0.0,0,0,1,0,0,0,0,0.217426966012584,19.068493150684933
10.46310334,12.17,717,5348.0,76.4,1.0,0.0,0.0,0,0,0,0,1,0,0,0.15280000007205294,6.328881279452054
11.51292546,10.19,677,4041.0,87.8,2.0,0.0,0.0,0,0,0,0,0,0,0,0.04041000020084693,4.684931506849315
11.19821472,13.78,682,15268.0,57.7,0.0,0.0,1.0,0,0,0,0,0,0,0,0.20915068495880706,23.835616438356166
11.12726298,14.33,707,20870.0,96.2,0.0,0.0,0.0,0,0,0,0,0,1,0,0.3069117659820965,10.027397260273972
10.91508846,13.85,752,10862.0,28.5,2.0,0.0,0.0,0,0,0,0,0,0,0,0.1974909099232559,16.191894978082193
9.472704636,3.42,667,894.0,59.6,1.0,0.0,0.0,0,0,0,0,0,0,0,0.0687692307997419,4.684931506849315
11.1844214,3.42,777,11381.0,34.7,0.0,0.0,0.0,0,0,0,0,0,0,0,0.15806944412801988,26.219292238356164
10.4341158,4.91,737,2354.0,24.5,0.0,0.0,0.0,0,0,0,0,0,0,0,0.06923529436677625,5.096004567123288
11.12726298,17.95,697,14533.0,80.7,0.0,0.0,0.0,1,0,0,0,0,0,0,0.21372058912399658,13.479566210958906
11.50992096,17.26,682,19780.0,48.8,0.0,0.0,0.0,0,1,0,0,0,0,0,0.19839518475315546,11.589155252054796
10.89673933,13.71,727,5677.0,32.6,1.0,0.0,0.0,0,1,0,0,0,0,0,0.10512962916142543,7.40285388219178
10.81977828,13.27,742,4676.0,18.0,0.0,0.0,0.0,0,0,0,1,0,0,0,0.09352000041244972,5.835616438356165
10.6454249,13.49,717,14953.0,97.7,0.0,0.0,0.0,1,0,0,0,0,0,0,0.3560238085502643,9.12340182739726
11.00209984,4.12,687,3021.0,18.1,1.0,0.0,0.0,0,0,1,0,0,0,0,0.05035000006063339,9.863013698630137
10.81977828,14.83,692,7975.0,67.6,1.0,0.0,0.0,0,0,0,0,0,0,0,0.15950000070344023,6.164497717808219
10.81977828,7.44,692,7408.0,31.9,2.0,0.0,0.0,0,1,0,0,0,0,0,0.14816000065342763,5.671232876712328
10.727663,0.53,662,2106.0,91.6,3.0,0.0,0.0,1,0,0,0,0,0,0,0.046184210318601274,5.559018265753425
11.22524339,6.61,667,0.0,0.0,1.0,0.0,0.0,0,0,0,0,1,0,0,0.0,7.422031964383562
10.49127422,18.23,682,7790.0,82.0,3.0,0.0,0.0,0,0,0,0,0,0,0,0.21638888833455416,26.30148401917808
10.08580911,8.45,697,1303.0,18.4,0.0,1.0,0.0,0,0,0,0,0,0,0,0.054291666630295755,10.27408675890411
11.51292546,12.18,667,28370.0,40.3,2.0,0.0,0.0,0,0,0,1,0,0,0,0.2837000014100538,7.3151826493150685
11.00209984,18.82,717,15638.0,93.1,1.0,0.0,0.0,1,0,0,0,0,0,0,0.26063333364719793,13.808219178082192
10.16585182,10.85,682,9106.0,52.6,0.0,0.0,0.0,0,0,1,0,0,0,0,0.35023076818134435,4.438470320547945
11.30958454,9.79,727,30611.0,81.0,2.0,0.0,0.0,0,1,0,0,0,0,0,0.37513480427877155,16.438470320547946
11.3222491,14.33,707,73241.0,98.5,0.0,0.0,0.0,0,1,0,0,0,0,0,0.8862657342429958,15.04109589041096
11.28978191,0.81,797,3656.0,11.8,1.0,0.0,0.0,0,0,0,0,0,0,1,0.045700000167080035,17.835616438356166
11.43712375,15.02,732,83356.0,41.7,0.0,0.0,0.0,0,1,0,0,0,0,0,0.8992017273951542,17.019178082191782
11.33857208,16.57,697,1887.0,94.3,0.0,0.0,0.0,0,0,0,0,0,0,0,0.022464285665436005,10.19189497808219
10.41232119,19.84,697,1568.0,71.3,2.0,0.0,1.0,0,0,0,0,0,0,0,0.04713379642523337,12.657648402739728
11.29476946,23.67,697,17829.0,66.3,3.0,0.0,0.0,1,0,0,0,0,0,0,0.22175373027156073,20.219292238356164
10.77895629,15.8,722,10659.0,76.4,0.0,0.0,0.0,1,0,0,0,0,0,0,0.22206249997557934,10.60285388219178
11.57119437,9.87,692,34896.0,87.5,2.0,0.0,0.0,0,0,1,0,0,0,0,0.3292075481884465,12.328881279452055
11.81303006,19.85,672,34863.0,90.8,1.0,0.0,1.0,0,0,1,0,0,0,0,0.25824444377831984,11.178196347945205
11.15625052,15.38,757,15315.0,41.2,0.0,0.0,0.0,0,1,0,0,0,0,0,0.2187857145113908,13.972602739726028
11.00209984,14.42,682,23079.0,74.9,0.0,0.0,0.0,0,0,1,0,0,0,0,0.3846500004632102,17.013698630136986
10.54534144,10.2,712,8753.0,48.9,0.0,0.0,0.0,0,0,1,0,0,0,0,0.23034210496567642,11.04931506849315
11.00209984,14.34,687,1068.0,10.9,0.0,0.0,0.0,0,0,0,0,0,0,0,0.01780000002143544,5.095890410958904
11.1124479,21.65,707,19641.0,86.5,0.0,0.0,0.0,0,0,1,0,0,0,0,0.2931492532544199,15.205593608219178
11.00209984,2.6,747,6621.0,76.1,2.0,0.0,0.0,0,0,0,0,1,0,0,0.11035000013288768,9.780821917808218
10.6454249,20.14,682,2035.0,40.0,2.0,1.0,0.0,0,0,0,0,0,1,0,0.048452380819888174,10.767123287671232
10.37349118,12.6,752,15954.0,41.1,1.0,0.0,0.0,0,0,1,0,0,0,0,0.4985625008883703,18.82191780821918
10.46310334,14.06,682,13089.0,69.3,0.0,0.0,0.0,0,0,1,0,0,0,0,0.37397142874777506,5.5069634712328766
10.69964248,22.41,687,14589.0,34.9,1.0,0.0,0.0,1,0,0,0,0,0,0,0.3290257114625969,12.0
11.2515607,22.44,742,44790.0,35.2,1.0,0.0,0.0,0,1,0,0,0,0,0,0.5816883121744986,14.824657534246576
11.58988651,6.02,787,337.0,1.9,0.0,0.0,0.0,0,0,0,0,0,0,0,0.003120370358220763,11.589155252054796
11.51292546,11.44,692,4533.0,14.3,0.0,4.0,0.0,0,0,0,0,0,0,0,0.04533000022530046,13.068493150684931
11.24895992,5.72,672,500.0,83.3,1.0,0.0,0.0,0,0,0,0,0,0,1,0.006510416661040122,3.9452054794520546
10.33516607,14.69,672,11886.0,90.0,0.0,0.0,0.0,0,0,1,0,0,0,0,0.38594918854594923,13.150799087671235
11.91839057,7.01,727,17161.0,26.0,1.0,1.0,0.0,0,0,0,0,0,0,1,0.11440666701885535,13.09041095890411
10.23995979,15.13,747,11423.0,68.4,0.0,0.0,0.0,0,0,1,0,0,0,0,0.4079642853705108,13.07123287671233
10.76320793,20.14,717,10682.0,54.7,0.0,0.0,0.0,0,0,1,0,0,0,0,0.22607407473463736,10.027397260273972
10.59663473,18.18,712,6381.0,66.5,1.0,0.0,1.0,0,0,0,0,0,0,0,0.15952500049390111,13.068493150684931
11.00209984,17.22,692,13030.0,66.6,1.0,0.0,0.0,0,1,0,0,0,0,0,0.21716666692818706,7.808219178082192
11.23848862,3.44,707,7269.0,38.7,0.0,0.0,0.0,0,0,1,0,0,0,0,0.0956447367721381,9.12340182739726
10.54534144,9.92,667,2822.0,37.1,1.0,0.0,0.0,0,0,0,0,0,0,0,0.07426315779882771,13.972602739726028
11.77528973,20.19,702,10288.0,64.3,0.0,0.0,0.0,0,0,1,0,0,0,0,0.07913846149396346,10.027397260273972
10.91508846,2.38,717,491.0,98.2,0.0,0.0,0.0,0,0,0,0,0,0,1,0.008927272764897685,12.986301369863014
11.40756495,9.91,687,239.0,3.5,1.0,0.0,0.0,0,0,0,0,1,0,0,0.002655555553729603,18.57545662191781
11.00209984,17.86,707,17035.0,58.7,1.0,0.0,0.0,0,0,1,0,0,0,0,0.28391666700856993,19.643949772602742
9.952277717,17.43,707,11212.0,44.5,1.0,0.0,0.0,0,0,1,0,0,0,0,0.5339047617475594,5.835616438356165
10.93310697,10.26,767,4553.0,15.2,0.0,0.0,0.0,0,0,1,0,0,0,0,0.08130357140558574,10.438470320547944
11.48246626,2.09,717,5652.0,22.3,0.0,0.0,0.0,0,0,1,0,0,0,0,0.058268041090599534,12.575456621917809
10.30895266,18.6,667,9092.0,68.4,1.0,0.0,0.0,0,0,1,0,0,0,0,0.30306666686193046,13.64394977260274
10.76848499,2.78,782,6877.0,20.0,0.0,0.0,0.0,0,0,1,0,0,0,0,0.14477894737171235,14.808219178082192
10.858999,7.27,717,2504.0,21.4,0.0,1.0,0.0,0,0,0,0,0,1,0,0.048153846036522376,31.23299087671233
10.59663473,18.42,742,5416.0,55.3,0.0,0.0,0.0,0,0,1,0,0,0,0,0.13540000041920836,7.3151826493150685
10.59663473,20.4,802,3823.0,9.0,0.0,0.0,0.0,0,0,0,0,0,1,0,0.09557500029590722,17.835616438356166
10.59663473,23.85,687,24119.0,91.7,0.0,0.0,0.0,0,0,0,0,0,0,0,0.6029750018668549,12.16449771780822
11.1124479,21.74,687,43703.0,77.8,0.0,0.0,0.0,0,0,1,0,0,0,0,0.6522835810283545,22.43573059452055
11.70354582,23.83,692,51344.0,81.5,1.0,0.0,0.0,0,0,1,0,0,0,0,0.42433058045535454,19.08219178082192
10.23995979,20.19,682,1697.0,39.5,1.0,0.0,0.0,0,0,0,0,0,0,0,0.060607142806071684,6.739726027397261
10.30895266,18.36,687,3368.0,32.7,2.0,0.0,0.0,0,0,0,0,0,0,0,0.11226666673899932,7.397374430136987
11.28978191,24.3,692,26324.0,86.6,0.0,0.0,0.0,0,0,1,0,0,0,0,0.3290500012030128,11.753424657534246
10.4341158,21.42,707,14096.0,86.0,1.0,0.0,0.0,0,0,1,0,0,0,0,0.41458823678592954,13.972602739726028
10.96819829,8.67,712,1885.0,19.6,0.0,0.0,1.0,1,0,1,0,0,0,0,0.03249999998467808,14.219292238356166
11.41861479,15.2,812,3950.0,4.9,0.0,0.0,0.0,0,1,0,0,0,0,0,0.04340659321121979,28.27408676712329
11.57402056,6.89,762,7903.0,25.0,0.0,0.0,0.0,0,1,0,0,0,0,0,0.074346190350144,16.109703197260274
11.98292909,10.32,767,126088.0,27.0,0.0,0.0,0.0,0,0,1,0,0,0,0,0.7880500033223898,18.986301369863014
10.58446093,20.01,697,5066.0,84.4,1.0,0.0,0.0,0,0,1,0,0,0,0,0.12820123522028212,7.561757991780822
11.00209984,12.76,782,8432.0,20.4,1.0,0.0,0.0,0,0,0,0,0,0,0,0.14053333350256894,10.443949772602739
10.858999,10.08,667,16486.0,52.7,0.0,0.0,0.0,0,0,1,0,0,0,0,0.31703846076601755,12.082191780821917
10.77230925,12.33,732,4646.0,55.2,1.0,0.0,0.0,1,0,0,0,0,0,0,0.09743718776149532,10.684931506849315
11.08214255,18.11,712,21384.0,82.2,0.0,0.0,0.0,0,0,1,0,0,0,0,0.3289846150154202,11.095890410958905
11.53272809,3.0,767,5444.0,9.7,0.0,0.0,0.0,0,0,1,0,0,0,0,0.053372549140571775,17.298744293150687
10.59663473,8.91,667,1825.0,67.6,3.0,1.0,0.0,0,0,0,0,0,1,0,0.04562500014125835,3.2877853890410957
9.92329018,3.88,722,1146.0,19.4,0.0,0.0,0.0,0,0,0,0,0,0,0,0.05617647057881491,11.175456621917808
11.69524702,7.98,682,27205.0,87.8,0.0,1.0,0.0,0,1,0,0,0,0,0,0.22670833373328833,20.958904109589042
10.91508846,4.25,742,7783.0,22.6,2.0,0.0,0.0,0,0,0,0,0,0,1,0.1415090915054963,7.890410958904109
11.08214255,10.14,752,700.0,5.1,3.0,0.0,0.0,0,0,0,0,0,0,0,0.010769230757145256,10.287785389041096
10.49127422,14.97,662,4357.0,92.7,1.0,0.0,0.0,1,0,1,0,0,0,0,0.12102777746773459,11.753424657534246
11.60823564,6.63,722,20002.0,67.8,0.0,0.0,0.0,0,0,0,0,0,0,0,0.181836364504551,10.931506849315069
10.62132735,22.04,707,15556.0,81.4,0.0,0.0,0.0,0,0,1,0,0,0,0,0.37941463250971563,9.945205479452055
10.62175555,14.16,767,4463.0,28.8,0.0,0.0,0.0,0,1,0,0,0,0,0,0.10880705690867488,9.945205479452055
10.97678203,18.22,697,6917.0,73.6,0.0,0.0,0.0,0,0,0,0,0,0,0,0.11823931662004059,19.80821917808219
10.4778512,14.05,697,233.0,46.6,0.0,1.0,0.0,0,0,0,0,0,1,0,0.006559684665701656,9.53436073150685
11.49276357,0.18,712,440.0,7.9,1.0,0.0,0.0,0,0,1,0,0,0,0,0.0044896126829962225,16.356278539726027
10.59663473,9.6,732,9082.0,35.1,2.0,2.0,0.0,0,0,0,0,0,0,0,0.2270500007029635,26.958904109589042
10.30895266,5.04,732,6383.0,46.6,0.0,0.0,0.0,0,0,1,0,0,0,0,0.21276666680375078,7.3151826493150685
11.38509209,16.05,672,10977.0,70.8,0.0,0.0,2.0,0,0,0,0,0,1,0,0.12473863679527482,19.39737443013699
11.22524339,11.9,707,18103.0,59.5,3.0,0.0,0.0,0,1,0,0,0,0,0,0.24137333394121957,11.260388128767124
10.44488118,13.86,687,7565.0,27.0,1.0,2.0,0.0,0,0,0,0,0,0,0,0.2201175507412559,18.57545662191781
9.287301413,0.0,747,0.0,0.0,2.0,0.0,0.0,0,0,0,0,0,0,0,0.0,8.137100457534247
10.84349481,10.71,717,18632.0,98.1,0.0,0.0,0.0,0,0,1,0,0,0,0,0.36390625037395,14.794520547945206
11.48246626,7.62,737,20574.0,38.2,2.0,0.0,0.0,0,0,1,0,0,0,0,0.212103092250176,13.232990868493152
11.40756495,15.89,762,37397.0,29.0,0.0,0.0,0.0,0,0,1,0,0,0,0,0.4155222219365103,23.91780821917808
10.6454249,14.46,697,6297.0,76.8,1.0,0.0,0.0,0,0,1,0,0,0,0,0.14992857101859253,8.465867580821918
10.6873891,12.66,662,3294.0,70.1,1.0,0.0,0.0,1,0,1,0,0,0,0,0.07520547917864803,14.3836758
11.00209984,11.7,732,30697.0,55.9,0.0,0.0,0.0,0,0,0,0,1,0,0,0.511616667282775,10.194634704109589
10.81977828,5.3,692,7710.0,35.1,0.0,2.0,0.0,0,0,1,0,0,0,0,0.15420000068006573,22.10958904109589
10.83958091,7.98,777,696.0,15.5,0.0,0.0,0.0,0,0,0,0,1,0,0,0.013647058846817604,9.616552512328767
11.69524702,9.55,772,26701.0,43.1,0.0,0.0,0.0,0,0,0,0,0,0,0,0.22250833372587875,16.767123287671232
11.33857208,12.87,717,14331.0,37.8,1.0,0.0,0.0,0,0,1,0,0,0,0,0.1706071424861491,6.082191780821918
10.4341158,17.12,712,13533.0,42.3,1.0,0.0,0.0,0,0,1,0,0,0,0,0.3980294131969342,8.301484019178082
11.51372515,14.45,722,13171.0,51.8,3.0,0.0,0.0,0,0,1,0,0,0,0,0.13160471558752368,11.756164383561643
10.49127422,8.3,687,8989.0,36.2,0.0,0.0,0.0,0,0,1,0,0,0,0,0.24969444380478914,6.246689498630137
10.98305293,21.34,677,55072.0,87.8,0.0,0.0,0.0,0,1,0,0,0,0,0,0.9355167477321578,17.178196347945207
10.75790288,21.19,737,10325.0,30.1,0.0,0.0,1.0,0,0,0,0,0,0,0,0.219680851215892,15.945205479452055
10.49127422,16.57,742,0.0,,0.0,0.0,0.0,0,0,0,0,0,0,0,0.0,14.794520547945206
10.08580911,21.45,712,560.0,70.0,3.0,1.0,0.0,0,0,0,0,0,0,0,0.02333333331770194,11.917808219178083
10.77895629,23.93,712,0.0,0.0,2.0,0.0,0.0,0,0,0,0,0,0,0,0.0,15.287785389041098
11.51292546,2.14,782,8057.0,17.4,2.0,0.0,0.0,0,1,0,0,0,0,0,0.08057000040045131,30.1644977260274
10.30895266,24.4,662,1451.0,46.8,0.0,1.0,0.0,1,0,0,0,0,0,0,0.04836666669782898,7.890410958904109
11.00209984,13.2,677,9164.0,47.0,1.0,0.0,0.0,0,0,0,0,0,0,0,0.15273333351726065,11.095890410958905
11.08214255,1.63,732,19898.0,36.4,2.0,0.0,0.0,0,1,0,0,0,0,0,0.3061230765795376,9.863013698630137
10.71441777,9.17,692,10163.0,61.6,1.0,0.0,0.0,0,0,1,0,0,0,0,0.2258444441626936,9.698744293150686
9.862665558,15.13,662,4815.0,94.4,0.0,1.0,0.0,0,0,0,1,0,0,0,0.25078125000398066,23.260388128767122
11.51092346,15.64,757,4779.0,17.1,0.0,0.0,0.0,0,0,1,0,0,0,0,0.04788577165320212,35.58915526027398
11.56171563,12.53,777,8118.0,5.9,0.0,0.0,0.0,0,0,1,0,0,0,0,0.07731428564776917,29.589155260273973
11.65268741,11.79,667,17267.0,29.1,3.0,0.0,0.0,0,0,0,0,0,0,0,0.15014782568837212,12.082191780821917
10.1064284,13.86,762,4659.0,30.1,0.0,0.0,0.0,0,0,1,0,0,0,0,0.19016326464679179,8.137100457534247
12.10598708,4.26,772,31141.0,0.4,2.0,0.0,0.0,1,0,0,0,1,0,0,0.1720953625999333,13.98082191780822
9.422220731,21.46,712,0.0,0.0,3.0,0.0,0.0,1,0,0,0,0,0,0,0.0,4.027397260273973
10.30895266,5.28,772,14581.0,98.0,1.0,0.0,0.0,0,0,1,0,0,0,0,0.4860333336464813,30.246689506849318
11.15625052,10.7,752,22093.0,23.7,0.0,0.0,0.0,0,0,1,0,0,0,0,0.3156142860398405,11.835616438356164
11.2009507,1.66,692,17109.0,81.5,2.0,0.0,0.0,0,0,1,0,0,0,0,0.23372950818489532,9.868493150684932
9.574983486,11.0,697,2367.0,56.4,0.0,0.0,0.0,1,0,0,0,0,0,0,0.1643749999283475,3.3699771698630134
10.6454249,7.71,727,6453.0,35.1,0.0,0.0,0.0,0,0,0,1,0,0,0,0.15364285672272157,14.46586758082192
10.30895266,17.28,752,20385.0,18.5,0.0,0.0,0.0,0,0,0,1,0,0,0,0.6795000004377972,7.156278539726027
9.757305042,3.89,677,1366.0,85.4,1.0,0.0,0.0,0,0,0,1,0,0,0,0.0790509259542298,8.630251142465754
10.49127422,8.7,692,4434.0,31.0,3.0,1.0,0.0,0,0,0,0,0,1,0,0.12316666635114418,7.320662101369863
10.1266311,5.33,792,2456.0,8.1,3.0,0.0,0.0,0,1,0,0,0,0,0,0.0982400003782571,21.452168950684932
10.80972795,12.68,707,9943.0,61.8,3.0,0.0,0.0,0,0,1,0,0,0,0,0.20086868657878967,9.780821917808218
11.4065422,11.41,732,7404.0,54.8,1.0,0.0,0.0,0,0,1,0,0,0,0,0.08235084788423686,10.852054794520548
10.40426284,17.38,717,0.0,0.0,1.0,1.0,0.0,0,0,1,0,0,0,0,0.0,5.589155252054795
10.63103616,18.03,717,3629.0,82.5,0.0,0.0,0.0,0,0,0,0,0,0,0,0.08765700481456153,8.548059361643835
11.51292546,21.28,717,9470.0,31.4,1.0,0.0,0.0,0,0,1,0,0,0,0,0.09470000047068064,15.534360731506851
10.30895266,24.56,707,27735.0,41.6,3.0,0.0,0.0,1,0,0,0,0,0,0,0.9245000005956491,6.657648402739726
10.59663473,12.33,682,5365.0,78.9,0.0,0.0,0.0,0,0,1,0,0,0,0,0.13412500041526085,3.9452054794520546
11.00209984,1.08,697,0.0,0.0,3.0,3.0,0.0,1,0,0,0,0,0,0,0.0,3.2877853890410957
11.46163217,8.29,687,14822.0,76.4,0.0,0.0,0.0,1,0,1,0,0,0,0,0.156021052722489,11.753424657534246
10.77895629,14.4,722,1821.0,31.4,2.0,0.0,0.0,0,0,1,0,0,0,0,0.03793749999582794,10.27408675890411
11.00209984,7.78,727,12609.0,67.1,0.0,0.0,0.0,0,0,1,0,0,0,0,0.21015000025307065,16.84931506849315
11.50690739,23.76,742,57542.0,24.2,0.0,0.0,0.0,0,0,0,0,0,0,0,0.5788933616919448,17.095890410958905
12.03765399,4.76,662,7044.0,61.8,1.0,0.0,0.0,0,0,0,0,0,0,0,0.04168047353555205,9.04109589041096
10.30895266,15.44,677,3971.0,58.4,0.0,0.0,0.0,1,0,0,0,0,1,0,0.1323666667519496,10.10958904109589
9.998615898,15.44,687,4806.0,27.2,0.0,0.0,0.0,0,0,1,0,0,0,0,0.21849427160441667,12.528881279452056
11.36210258,16.33,672,17768.0,65.8,1.0,0.0,1.0,0,0,1,0,0,0,0,0.20660465017845273,29.71232876712329
11.22524339,7.73,687,4167.0,19.8,1.0,1.0,0.0,0,1,0,0,0,0,0,0.05556000013992498,21.78082191780822
10.67359577,0.78,692,966.0,48.3,3.0,0.0,0.0,0,0,0,0,0,0,0,0.02236111120574784,13.150799087671235
10.49127422,14.97,662,11147.0,82.6,2.0,0.0,0.0,0,0,0,0,0,0,0,0.30963888809567075,10.438470320547944
11.81303006,4.95,787,12115.0,14.1,1.0,0.0,0.0,0,0,0,0,0,0,1,0.0897407405092604,28.10958904109589
10.87426647,17.16,687,4022.0,82.1,2.0,0.0,0.0,0,0,1,0,0,0,0,0.07617424240095996,8.137100457534247
13.00357984,0.18,712,0.0,,1.0,0.0,0.0,0,0,0,0,0,1,0,0.0,4.685045663013699
10.81977828,16.78,707,4877.0,46.0,2.0,0.0,0.0,0,1,0,0,0,0,0,0.09754000043017906,27.945205479452056
11.00209984,10.86,702,23369.0,58.0,2.0,0.0,0.0,0,0,1,0,0,0,0,0.38948333380236405,9.945205479452055
10.46310334,21.36,687,8039.0,75.8,0.0,0.0,0.0,0,0,1,0,0,0,0,0.22968571439402274,6.002739726027397
11.73606902,7.62,752,1847.0,4.6,0.0,0.0,0.0,0,0,1,0,0,0,0,0.014775999945098851,17.095890410958905
11.05725069,10.96,682,20531.0,85.9,2.0,0.0,0.0,0,0,0,0,0,1,0,0.32382259094479665,12.082191780821917
10.93131966,15.65,682,17506.0,76.4,3.0,0.0,0.0,0,0,1,0,0,0,0,0.3131663682468819,7.150799087671233
9.903487553,13.02,702,2177.0,31.6,2.0,0.0,0.0,0,0,0,0,0,0,0,0.10884999994950756,10.849315068493151
10.70772878,21.99,762,9519.0,17.8,3.0,0.0,0.0,0,0,0,0,0,0,0,0.21295302026235355,21.452168950684932
10.20359214,14.67,762,543.0,54.3,0.0,0.0,0.0,0,0,1,0,0,0,0,0.020111111211394493,13.150799087671235
11.17043516,22.62,712,32484.0,52.7,0.0,0.0,0.0,0,0,1,0,0,0,0,0.4575211249412088,11.342579909589043
11.08214255,13.9,717,6683.0,55.7,0.0,0.0,0.0,1,0,0,0,0,1,0,0.1028153845000025,10.356278539726027
11.59873612,21.32,682,21476.0,37.9,2.0,1.0,0.0,0,0,0,0,0,0,0,0.19709985342977787,12.986301369863014
10.40426284,18.62,667,5134.0,77.8,1.0,0.0,0.0,1,0,1,0,0,0,0,0.15557575764555165,8.301484019178082
11.15625052,2.57,707,7786.0,30.5,0.0,0.0,0.0,0,0,0,0,0,0,1,0.11122857154330322,4.685045663013699
11.56171563,7.39,777,284.0,0.9,0.0,0.0,0.0,0,0,0,0,0,1,0,0.0027047619024348907,22.359018265753427
11.69524702,11.7,667,18131.0,81.1,3.0,0.0,0.0,0,0,1,0,0,0,0,0.15109166693322001,19.252168950684933
9.655026193,6.38,697,1594.0,99.6,0.0,0.0,0.0,0,0,0,0,0,1,0,0.10217948720376799,3.205593608219178
11.03488966,16.3,732,7739.0,32.8,0.0,0.0,0.0,0,0,0,0,0,0,0,0.12482258114785044,11.260388128767124
11.82041016,16.59,687,43312.0,79.9,0.0,0.0,0.0,0,0,1,0,0,0,0,0.31847058973789866,11.342579909589043
10.03801845,20.19,702,4961.0,88.6,1.0,0.0,0.0,0,0,1,0,0,0,0,0.2168269220998435,5.260388128767123
10.49127422,15.17,742,3024.0,33.26,1.0,0.0,0.0,0,0,1,0,0,0,0,0.0839999997848128,13.161757991780823
11.26446411,19.88,702,9993.0,88.4,0.0,0.0,0.0,0,0,1,0,0,0,0,0.12811538406086642,10.27408675890411
11.12499689,11.74,662,6273.0,43.6,2.0,0.0,0.0,0,0,0,0,0,0,1,0.09245928422541888,4.142465753424657
10.6454249,13.69,677,8661.0,68.2,2.0,0.0,1.0,0,0,0,1,0,0,0,0.20621428515039383,5.260388128767123
10.89673933,22.82,777,0.0,0.0,0.0,0.0,0.0,0,0,0,0,0,0,0,0.0,19.479566210958904
11.17043516,11.98,772,2079.0,2.0,2.0,0.0,0.0,0,0,0,0,0,0,0,0.029281690024405033,15.863013698630137
11.15625052,0.45,717,490.0,2.0,2.0,0.0,0.0,0,1,0,0,0,0,0,0.00700000000722047,5.260388128767123
10.42228135,13.39,702,14878.0,37.7,1.0,0.0,0.0,0,1,0,0,0,0,0,0.44279761725486216,6.904109589041096
10.75790288,5.67,712,9033.0,33.3,1.0,0.0,0.0,0,0,1,0,0,0,0,0.19219148949473633,6.41381278630137
11.30220443,6.59,662,4082.0,60.9,2.0,0.0,0.0,0,0,0,0,1,0,0,0.05039506191256765,11.013698630136986
11.02516511,20.38,667,14103.0,58.0,0.0,0.0,0.0,0,0,0,0,0,0,0,0.22969055469575259,14.728767123287671
11.69524702,21.64,697,72682.0,64.6,1.0,0.0,0.0,0,0,1,0,0,0,0,0.6056833344018696,10.60285388219178
10.71441777,13.41,672,2041.0,72.9,0.0,0.0,0.0,0,0,0,0,0,1,0,0.04535555549897251,12.73972602739726
13.5670492,1.39,717,4202.0,10.9,2.0,0.0,0.0,0,0,1,0,0,0,0,0.005387179479991777,7.726027397260274
10.91508846,10.69,757,17069.0,11.3,1.0,0.0,0.0,0,0,0,1,0,0,0,0.31034545585343903,27.287785389041094
10.49127422,18.37,667,6890.0,47.2,2.0,0.0,0.0,0,0,0,0,1,0,0,0.19138888839859797,14.054794520547945
11.35040654,11.93,717,64394.0,80.7,0.0,0.0,0.0,0,0,1,0,0,0,0,0.7575764671582728,8.876712328767123
11.73606902,9.43,732,4365.0,49.0,0.0,0.0,0.0,0,0,1,0,0,0,0,0.034919999870252565,18.08219178082192
11.07558262,19.36,667,9605.0,86.5,3.0,0.0,0.0,1,0,0,0,0,0,0,0.14874177282918483,10.438470320547944
10.80900445,21.45,777,1113.0,4.5,1.0,0.0,0.0,0,0,0,0,0,0,0,0.022501122126545002,10.032876712328767
11.00209984,8.58,697,7473.0,50.8,0.0,0.0,0.0,0,0,1,0,0,0,0,0.12455000014998786,16.60285388219178
12.46843691,9.3,717,19048.0,50.9,2.0,0.0,0.0,0,0,0,0,0,0,0,0.07326153846136742,19.561757991780823
10.59663473,13.31,682,8103.0,51.9,0.0,0.0,0.0,0,1,0,0,0,0,0,0.20257500062718709,11.378196347945206
10.57131693,24.31,712,7834.0,55.2,0.0,0.0,0.0,0,0,1,0,0,0,0,0.20087179388989002,6.246689498630137
10.08580911,22.55,677,7679.0,38.8,1.0,0.0,0.0,0,0,1,0,0,0,0,0.3199583331189878,5.260388128767123
10.6454249,0.0,772,0.0,0.0,0.0,0.0,0.0,0,1,0,0,0,0,0,0.0,15.123287671232877
10.08580911,4.75,662,2188.0,91.2,0.0,1.0,0.0,1,0,0,0,0,0,0,0.09116666660559257,6.328881279452054
11.53272809,9.33,802,2890.0,4.7,0.0,0.0,0.0,0,0,0,0,0,0,0,0.02833333339754821,15.780821917808218
11.49272276,0.43,752,1641.0,4.0,1.0,0.0,0.0,0,0,0,0,0,1,0,0.016744897919878536,5.835616438356165
10.25765937,20.13,787,1940.0,24.2,0.0,0.0,0.0,0,0,0,0,0,1,0,0.0680701751837922,12.821917808219178
10.61972606,17.38,712,18061.0,78.2,1.0,0.0,0.0,0,0,1,0,0,0,0,0.4412181460584246,10.619292238356165
11.28978191,2.9,772,9649.0,17.8,1.0,0.0,0.0,0,0,0,0,0,0,0,0.1206125004409615,15.419292238356165
13.99783211,0.8,807,7729.0,12.9,0.0,0.0,0.0,0,0,0,0,0,0,0,0.006440833363980296,32.054794520547944
10.81977828,3.26,687,3062.0,33.3,1.0,0.0,0.0,1,0,1,0,0,0,0,0.06124000027008577,4.109589041095891
10.17495945,3.7,767,4809.0,43.3,0.0,0.0,0.0,0,0,1,0,0,0,0,0.1832846246003006,10.27408675890411
12.04355372,10.79,722,3441.0,41.9,3.0,0.0,0.0,0,1,0,0,0,0,0,0.020241176390279315,22.84931506849315
10.38899537,22.74,677,8109.0,33.0,1.0,0.0,0.0,0,0,0,0,1,0,0,0.2495076918879777,14.548059361643837
11.8493977,9.51,677,43724.0,67.6,1.0,1.0,0.0,0,0,0,0,1,0,0,0.3123142862113153,23.095890410958905
10.79949394,24.39,702,8873.0,63.4,1.0,0.0,1.0,0,0,0,0,0,0,0,0.18109641623454006,14.95890410958904
10.30895266,19.88,757,1781.0,35.6,0.0,0.0,0.0,0,1,0,0,0,0,0,0.05936666670491621,6.246689498630137
10.59663473,1.83,697,2032.0,37.6,1.0,0.0,0.0,0,0,0,0,0,0,0,0.050800000157280534,5.926027397260274
11.15625052,9.14,692,1999.0,54.0,3.0,0.0,0.0,1,0,0,0,1,0,0,0.028557142886599426,10.19189497808219
11.36210258,12.71,687,16799.0,74.7,1.0,1.0,0.0,0,1,0,0,0,0,0,0.1953372083716697,14.422031964383562
10.40426284,16.22,687,811.0,54.1,0.0,0.0,0.0,0,0,0,0,0,0,0,0.0245757575867827,9.123287671232877
11.1124479,15.15,677,32213.0,48.4,2.0,0.0,0.0,0,0,0,0,0,1,0,0.48079104399392225,11.013698630136986
9.917981999,24.13,697,714.0,31.0,1.0,0.0,0.0,0,0,0,0,0,1,0,0.03518628029648228,6.821917808219178
11.00009784,0.0,797,0.0,0.0,1.0,0.0,0.0,0,0,0,0,0,0,0,0.0,19.39737443013699
11.27720313,6.88,752,18003.0,35.0,5.0,0.0,0.0,0,0,1,0,0,0,0,0.2278860762796101,20.8
11.58058411,6.24,752,12174.0,22.4,0.0,0.0,0.0,0,0,0,0,0,1,0,0.11377570132642785,15.043835616438356
10.74720759,16.54,672,2271.0,87.3,1.0,1.0,0.0,0,0,1,0,0,0,0,0.04883870975436217,10.10958904109589
9.903487553,8.34,667,3449.0,69.0,1.0,0.0,0.0,0,0,0,0,0,0,0,0.17244999992000531,4.685045663013699
11.40756495,22.43,677,44084.0,65.1,1.0,0.0,0.0,0,0,1,0,0,0,0,0.4898222218854218,11.342579909589043
11.65094676,6.34,737,12077.0,71.7,1.0,0.0,0.0,0,0,1,0,0,0,0,0.10520034873372859,6.328881279452054
11.26446411,17.62,742,13263.0,35.5,0.0,0.0,0.0,0,1,0,0,0,0,0,0.17003846080248888,11.753424657534246
10.13459927,14.14,702,373.0,41.4,0.0,0.0,0.0,0,0,1,0,0,0,0,0.014801587353385664,3.3699771698630134
10.49127422,1.9,737,603.0,2.2,0.0,0.0,0.0,0,0,1,0,0,0,0,0.016749999957090648,7.479566210958904
11.51292546,11.48,712,21006.0,95.0,0.0,0.0,0.0,0,1,0,0,0,0,0,0.2100600010440462,19.559018265753426
11.58988651,9.43,687,29988.0,83.1,0.0,0.0,0.0,0,0,1,0,0,0,0,0.2776666655855319,10.19189497808219
11.39639165,7.15,692,692.0,11.5,0.0,1.0,0.0,1,0,0,0,0,0,1,0.007775280888879547,12.082191780821917
9.392661929,5.8,732,1316.0,4.1,0.0,1.0,0.0,0,0,0,0,0,0,0,0.10966666664145831,6.328881279452054
10.77895629,12.55,682,11969.0,82.5,0.0,0.0,0.0,0,0,0,0,0,0,0,0.2493541666392447,5.279566210958904
10.08580911,11.0,732,4159.0,59.4,1.0,0.0,0.0,0,0,0,0,0,0,0,0.17329166655057565,7.156278539726027
10.78384018,7.61,727,10241.0,38.5,1.0,0.0,0.0,0,0,1,0,0,0,0,0.21231470872746466,8.712328767123287
11.19908503,5.83,677,9956.0,63.0,0.0,0.0,0.0,0,0,1,0,0,0,0,0.13626491732025486,10.931506849315069
10.81977828,8.21,732,21589.0,84.9,0.0,0.0,0.0,0,0,1,0,0,0,0,0.43178000190427224,5.917808219178082
11.65268741,15.43,702,27016.0,81.9,0.0,0.0,0.0,1,0,1,0,0,0,0,0.23492173850680842,11.342579909589043
10.91272203,3.59,802,3575.0,2.8,5.0,0.0,0.0,0,0,0,0,1,0,0,0.06515400036795248,20.136986301369863
11.16193434,13.62,747,23.0,0.1,1.0,0.0,0.0,0,0,0,0,0,0,0,0.000326709185393191,10.10958904109589
11.51292546,1.09,687,3098.0,72.0,0.0,0.0,0.0,0,0,0,0,0,0,0,0.03098000015397768,8.054794520547945
11.12726298,1.41,737,2907.0,21.9,0.0,0.0,0.0,0,0,0,0,0,1,0,0.04275000017776495,28.27408676712329
9.700146629,14.71,712,1442.0,15.3,3.0,0.0,0.0,0,0,0,0,0,0,0,0.08835784309467502,3.1232876712328768
11.39639165,1.0,787,2740.0,2.1,2.0,0.0,0.0,0,0,0,0,0,0,0,0.03078651681434965,14.630251142465754
11.00209984,19.06,722,23333.0,74.3,0.0,0.0,0.0,0,0,0,0,0,0,1,0.3888833338016415,9.780821917808218
11.36210258,9.99,742,22915.0,24.1,1.0,0.0,0.0,0,0,1,0,0,0,0,0.2664534871026139,19.23299086849315
11.46163217,6.44,742,4212.0,9.6,0.0,0.0,0.0,0,0,0,0,0,0,0,0.044336842131097266,4.786301369863014
11.46126368,18.55,682,37175.0,82.8,2.0,0.0,0.0,0,0,1,0,0,0,0,0.3914600122276898,12.082191780821917
11.59542669,15.86,687,9832.0,80.6,3.0,1.0,0.0,0,0,0,0,0,0,0,0.09053406966308242,21.616552512328767
9.7433188,23.45,727,12003.0,54.1,1.0,0.0,0.0,0,1,0,0,0,0,0,0.7044014087207054,35.58915526027398
10.46310334,17.25,662,1920.0,48.0,1.0,0.0,0.0,0,0,0,0,0,0,0,0.05485714288301078,6.164497717808219
11.60823564,5.12,677,13486.0,36.0,3.0,0.0,0.0,0,0,0,0,1,0,0,0.12260000058536022,13.90958904109589
10.71441777,23.2,662,1498.0,62.4,1.0,0.0,0.0,0,0,1,0,0,0,0,0.03328888884735954,9.884931506849314
10.26813067,19.13,662,2041.0,70.4,0.0,0.0,1.0,1,0,1,0,0,0,0,0.07086805528087364,14.301484019178083
10.20359214,0.67,777,86.0,6.6,4.0,0.0,0.0,0,0,0,0,1,0,0,0.0031851852010680044,7.397374430136987
10.3185148,2.5,697,2077.0,64.9,2.0,2.0,0.0,1,0,0,0,0,0,1,0.06857446964537231,13.150799087671235
10.98529272,15.36,712,6444.0,41.8,0.0,0.0,0.0,0,0,1,0,0,0,0,0.10922033929846348,6.164497717808219
11.60823564,3.64,717,442.0,6.9,0.0,2.0,0.0,0,0,0,0,0,0,0,0.004018181837366841,13.31518264931507
11.11765818,5.56,667,11028.0,23.5,1.0,1.0,0.0,0,0,1,0,0,0,0,0.16374164840794497,13.479566210958906
11.21721122,2.15,777,8334.0,27.1,0.0,0.0,0.0,0,0,0,0,0,0,0,0.11201612912424391,14.3836758
10.89362336,24.7,697,9201.0,81.4,2.0,0.0,0.0,0,1,0,0,0,0,0,0.17092064282939312,20.219292238356164
11.08214255,17.82,682,660.0,82.5,0.0,0.0,0.0,0,0,0,0,1,0,0,0.010153846142451241,11.178196347945205
10.55841352,8.42,757,5338.0,23.0,1.0,0.0,0.0,0,0,1,0,0,0,0,0.1386493506876006,9.205593608219178
11.73606902,0.74,802,2917.0,7.4,0.0,0.0,0.0,0,0,0,0,0,1,0,0.023335999913293638,19.56449771780822
11.22524339,7.02,742,9218.0,24.4,0.0,0.0,0.0,0,0,0,0,0,0,1,0.12290666697620074,10.19189497808219
10.30895266,8.12,677,7327.0,86.2,2.0,0.0,0.0,1,0,0,0,0,0,1,0.2442333334906912,4.16986301369863
10.78931908,15.39,717,15122.0,61.5,0.0,0.0,0.0,0,0,1,0,0,0,0,0.31179381347440277,8.3836758
10.16585182,2.63,712,1318.0,94.1,0.0,0.0,0.0,0,0,0,0,0,0,0,0.05069230754041421,35.679566219178085
11.69903982,21.04,687,93597.0,89.1,2.0,0.0,0.0,0,0,1,0,0,0,0,0.7770223152044693,19.150799087671235
11.6784399,21.98,677,53860.0,86.3,3.0,0.0,0.0,0,0,1,0,0,0,0,0.4564406795398184,19.31518264931507
10.93310697,6.36,732,13719.0,47.6,2.0,0.0,0.0,0,0,1,0,0,0,0,0.24498214278788286,10.027397260273972
11.19821472,2.91,692,2182.0,59.0,1.0,2.0,0.0,0,0,0,0,0,0,0,0.02989041096280567,7.3151826493150685
11.28978191,6.75,767,3855.0,16.8,1.0,0.0,0.0,0,0,0,1,0,0,0,0.04818750017617438,9.865753424657534
10.76848499,21.3,687,8751.0,75.5,0.0,0.0,0.0,1,0,1,0,0,0,0,0.18423157895155662,15.04109589041096
10.71441777,3.84,762,2387.0,6.9,1.0,0.0,0.0,0,0,0,0,0,0,0,0.05304444437826917,9.205593608219178
11.22524339,10.48,732,45340.0,61.5,1.0,0.0,0.0,0,0,1,0,0,0,0,0.6045333348558192,12.73972602739726
10.96127785,24.46,707,3990.0,14.8,0.0,0.0,1.0,0,0,0,0,0,0,0,0.06927083310363004,9.53436073150685
10.66802473,0.84,772,425.0,6.6,2.0,0.0,0.0,0,0,0,0,0,0,1,0.009892923641821854,7.726027397260274
10.71441777,10.77,757,18115.0,33.1,0.0,0.0,0.0,0,1,0,0,0,0,0,0.40255555505334983,21.3864155260274
11.27720313,4.57,777,258.0,0.7,0.0,0.0,0.0,1,0,0,0,1,0,0,0.003265822789542821,14.301484019178083
10.24281286,13.16,747,29.0,0.3,2.0,0.0,0.0,1,0,0,0,0,0,1,0.001032763530842331,3.1232876712328768
11.1933448,15.1,762,7937.0,19.2,3.0,0.0,0.0,0,0,0,0,1,0,0,0.10925680584211113,10.60285388219178
11.52781408,9.28,722,10433.0,45.8,0.0,0.0,1.0,0,0,1,0,0,0,0,0.10278817707922844,14.219292238356166
10.91508846,2.42,667,2771.0,16.4,0.0,0.0,0.0,0,0,1,0,0,0,0,0.050381818394157805,11.095890410958905
10.08580911,8.9,737,6143.0,56.4,1.0,0.0,0.0,1,0,1,0,0,0,0,0.2559583331618625,12.246689498630138
11.3736634,24.19,707,13580.0,48.5,3.0,0.0,0.0,0,0,1,0,0,0,0,0.15609195365409967,29.016438356164382
11.12534939,13.35,722,3768.0,43.0,0.0,0.0,0.0,0,0,1,0,0,0,0,0.055517901854447105,12.73972602739726
10.6454249,24.03,707,26418.0,85.0,0.0,0.0,0.0,1,0,1,0,0,0,0,0.6289999982800029,15.945205479452055
10.96819829,17.32,687,15333.0,94.6,1.0,0.0,0.0,0,0,0,0,0,1,0,0.26436206884088537,16.526141553424658
9.680344001,14.1,667,5802.0,70.1,0.0,0.0,0.0,0,0,0,0,0,0,0,0.36262500008047316,4.027397260273973
12.01370075,6.65,697,25641.0,92.2,0.0,1.0,0.0,0,0,1,0,0,0,0,0.15540000044797433,24.32888127945205
11.26446411,17.8,792,7353.0,26.7,0.0,0.0,0.0,0,0,1,0,0,0,0,0.09426923036120793,16.03835616438356
9.798127037,7.07,737,2217.0,34.1,1.0,0.0,0.0,1,0,0,0,0,0,0,0.12316666665167744,6.082191780821918
10.49127422,3.73,672,3722.0,93.0,0.0,0.0,0.0,0,0,0,0,0,0,0,0.10338888862403217,5.095890410958904
10.54534144,8.43,697,8217.0,67.5,0.0,0.0,0.0,0,0,1,0,0,0,0,0.2162368418259983,6.246689498630137
11.14041146,16.44,737,27414.0,62.4,2.0,0.0,0.0,0,1,0,0,0,0,0,0.3978809857446443,18.0
10.46310334,11.07,747,9298.0,36.0,1.0,0.0,0.0,0,0,1,0,0,0,0,0.26565714298241366,10.19189497808219
10.47243113,17.63,777,10340.0,20.2,0.0,0.0,0.0,0,0,1,0,0,0,0,0.29268568829948394,16.356278539726027
10.46310334,14.84,737,4262.0,15.3,2.0,0.0,0.0,0,0,1,0,0,0,0,0.12177142862884997,9.452168950684932
11.69524702,15.3,792,4645.0,12.7,3.0,0.0,0.0,0,0,1,0,0,0,0,0.03870833340162192,20.054794520547944
10.59663473,7.38,677,10812.0,85.1,0.0,0.0,0.0,0,0,0,0,0,0,1,0.27030000083686867,4.356278539726027
9.873234509,13.17,732,1207.0,28.1,3.0,0.0,0.0,0,0,1,0,0,0,0,0.062203669369237526,6.986301369863014
11.3736634,5.9,752,0.0,0.0,0.0,0.0,0.0,0,0,1,0,0,0,0,0.0,19.80821917808219
11.60823564,2.02,787,4.0,0.0,0.0,0.0,0.0,0,0,0,0,0,0,0,3.6363636537256475e-05,18.411073060273974
11.81303006,20.74,747,81023.0,61.7,0.0,0.0,0.0,0,0,0,0,0,0,1,0.6001703688222703,11.260388128767124
10.30895266,6.44,677,5464.0,86.7,1.0,0.0,0.0,0,0,0,0,0,0,0,0.1821333334506806,13.808219178082192
10.95080655,19.12,712,7352.0,51.1,0.0,0.0,1.0,0,0,1,0,0,0,0,0.12898245572975947,14.054794520547945
11.12726298,12.76,712,48838.0,93.6,3.0,0.0,0.0,0,0,0,0,1,0,0,0.7182058853394168,12.904109589041095
11.1844214,9.38,782,3187.0,13.1,0.0,0.0,0.0,0,0,0,0,0,0,0,0.04426388880028111,16.2823059369863
11.00209984,19.88,682,31756.0,79.6,2.0,0.0,0.0,0,0,1,0,0,0,0,0.5292666673040298,13.213812786301371
11.40756495,10.59,692,9304.0,28.3,2.0,0.0,1.0,0,1,0,0,0,0,0,0.1033777777066955,10.857534246575343
9.862665558,1.25,692,379.0,15.8,1.0,0.0,0.0,0,0,0,0,0,0,0,0.019739583333646664,8.136986301369863
11.00209984,2.86,757,7392.0,42.5,0.0,0.0,0.0,0,0,1,0,0,0,0,0.12320000014836215,13.232990868493152
10.61643736,8.56,787,194.0,2.9,0.0,0.0,0.0,1,0,0,0,1,0,0,0.004754901962649435,39.945205479452056
10.46310334,7.58,752,10308.0,35.2,1.0,0.0,0.0,0,1,0,0,0,0,0,0.29451428585316414,7.150799087671233
10.34174248,0.97,812,753.0,2.4,0.0,0.0,0.0,0,0,0,0,0,0,0,0.024290322664866575,16.520662101369865
10.0024275,22.17,757,2815.0,8.5,0.0,0.0,0.0,0,0,1,0,0,0,0,0.12749094207883854,15.534360731506851
10.81977828,14.06,742,12878.0,50.9,1.0,0.0,0.0,0,0,0,0,0,0,0,0.25756000113591265,12.082191780821917
10.13459927,16.38,672,1562.0,57.9,3.0,0.0,1.0,1,0,0,0,1,0,0,0.06198412720104131,10.931506849315069
11.15625052,13.08,762,182.0,60.7,0.0,0.0,0.0,0,0,1,0,0,0,0,0.002600000002681889,12.082191780821917
11.51292546,18.91,667,30523.0,66.2,0.0,0.0,0.0,0,0,1,0,0,0,0,0.30523000151706287,17.589155252054795
11.59910316,5.8,727,24166.0,55.8,2.0,0.0,0.0,0,0,0,0,0,0,0,0.22170642228689727,19.89041095890411
10.49127422,22.53,692,17524.0,82.9,0.0,0.0,0.0,1,0,1,0,0,0,0,0.4867777765307737,11.013698630136986
10.50232405,18.59,762,2177.0,7.3,2.0,0.0,0.0,0,0,0,0,0,0,0,0.05980769252448513,15.452168950684932
10.16585182,14.95,737,10681.0,22.3,0.0,0.0,0.0,0,0,0,0,0,0,0,0.41080769107675585,32.06027397260274
11.51292546,7.22,777,1146.0,6.8,2.0,0.0,0.0,0,0,0,0,1,0,0,0.01146000005695882,18.16449771780822
12.20607265,9.13,757,298.0,1.0,1.0,0.0,0.0,0,0,1,0,0,0,0,0.0014899999933399599,10.438470320547944
12.1547583,1.88,792,682.0,3.3,1.0,0.0,0.0,0,0,1,0,0,0,0,0.0035895492475283416,11.506963471232877
12.20607265,0.2,707,255.0,0.8,0.0,1.0,0.0,0,0,1,0,0,0,0,0.0012749999943009723,14.301484019178083
11.91839057,0.7,812,346.0,0.7,0.0,0.0,0.0,0,0,1,0,0,0,0,0.0023066666737674934,32.054794520547944
10.60905725,14.96,662,14248.0,44.9,1.0,1.0,0.0,0,0,1,0,0,0,0,0.35180247022450134,6.657648402739726
10.90716699,14.12,707,1809.0,11.4,0.0,0.0,0.0,0,0,0,0,0,0,0,0.03315248825764566,6.841095890410959
9.705036614,12.29,727,7901.0,44.4,2.0,0.0,0.0,0,0,1,0,0,0,0,0.4817682925924936,5.013698630136986
10.6873891,7.37,772,0.0,0.0,4.0,0.0,0.0,1,0,0,0,0,0,0,0.0,10.356278539726027
11.96718074,16.42,717,47643.0,82.6,1.0,0.0,0.0,0,0,1,0,0,0,0,0.30249523726271826,19.726141553424657
10.7538359,6.38,772,233.0,6.7,0.0,0.0,0.0,0,0,1,0,0,0,0,0.004977649703508503,3.9452054794520546
10.08580911,0.78,757,273.0,1.6,1.0,0.0,0.0,0,0,0,0,0,0,0,0.011374999992379694,6.520662101369863
10.81977828,8.21,807,5175.0,6.6,0.0,0.0,0.0,0,0,1,0,0,0,0,0.10350000045646435,12.082191780821917
11.6351431,6.9,727,22180.0,55.9,2.0,1.0,0.0,0,0,0,0,0,0,0,0.19628318538817258,19.479566210958904
10.43998092,8.88,792,2470.0,32.1,0.0,0.0,0.0,0,0,0,0,0,0,0,0.0722222224425503,12.904109589041095
10.76663064,4.83,782,1369.0,27.4,0.0,0.0,0.0,0,0,0,0,0,0,0,0.028874546534062375,10.531621005479453
10.91508846,16.15,687,9846.0,80.0,0.0,0.0,0.0,0,0,1,0,0,0,0,0.17901818257267332,9.290525115068492
11.2835123,13.93,667,9194.0,82.8,0.0,0.0,0.0,0,0,0,0,0,0,0,0.11564779881643321,10.027397260273972
10.4341158,24.49,722,8016.0,49.8,0.0,0.0,0.0,0,0,1,0,0,0,0,0.23576470673070454,11.095890410958905
11.58247951,9.51,772,5628.0,14.2,0.0,0.0,0.0,0,1,0,0,0,0,0,0.052498530945542916,27.45216895890411
11.1844214,21.52,702,18813.0,53.9,1.0,0.0,0.0,0,0,0,0,0,0,0,0.2612916661436111,8.794520547945206
10.47333652,19.65,667,11705.0,81.3,0.0,0.0,0.0,0,1,0,0,0,0,0,0.3310237545808043,10.438470320547944
9.92329018,8.0,747,995.0,4.2,1.0,0.0,0.0,0,0,0,0,0,0,0,0.048774509795742445,8.139726027397261
11.28978191,10.0,722,9715.0,24.6,1.0,0.0,0.0,0,0,0,0,0,0,0,0.12143750044397772,5.178196347945206
11.98292909,10.24,742,38139.0,41.8,2.0,0.0,0.0,0,1,0,0,0,0,0,0.2383687510049539,14.221917808219178
11.03488966,15.45,667,10190.0,98.9,1.0,0.0,0.0,0,0,1,0,0,0,0,0.16435483937157205,8.548059361643835
11.00209984,8.56,772,18609.0,16.6,2.0,0.0,0.0,0,0,1,0,0,0,0,0.3101500003734945,24.32888127945205
11.44035477,10.89,757,60376.0,47.9,0.0,0.0,0.0,0,0,0,0,1,0,0,0.6492043024615746,26.136986301369863
11.87756858,4.79,757,2097.0,12.1,1.0,0.0,0.0,0,0,0,0,0,1,0,0.014562499979002877,7.3151826493150685
11.26446411,4.48,707,656.0,8.6,1.0,0.0,0.0,0,0,0,0,0,1,0,0.008410256373854536,22.441210046575343
10.23995979,21.05,732,438.0,21.9,1.0,0.0,0.0,0,0,0,0,0,0,0,0.015642857129675544,20.465867580821918
11.22524339,15.38,707,28260.0,45.3,3.0,0.0,0.0,0,0,0,0,0,0,0,0.3768000009489513,21.893150684931506
11.91839057,10.42,757,298.0,1.0,1.0,0.0,0.0,0,0,0,0,1,0,0,0.0019866666727824077,10.443949772602739
11.77528973,16.19,752,48787.0,18.3,1.0,0.0,0.0,0,0,1,0,0,0,0,0.37528461517359984,16.279566210958905
10.66895539,6.28,712,1571.0,30.2,1.0,0.0,0.0,0,0,1,0,0,0,0,0.03653488389175634,7.23299086849315
10.62132735,24.97,737,14630.0,60.5,3.0,0.0,0.0,0,0,1,0,0,0,0,0.3568292667534803,11.342579909589043
11.00209984,1.08,702,1965.0,98.2,0.0,0.0,1.0,0,0,0,0,0,0,1,0.0327500000394388,13.972602739726028
11.98292909,2.2,792,682.0,3.3,1.0,0.0,0.0,0,0,0,0,1,0,0,0.004262500017970543,11.512442923287672
10.91508846,4.43,687,7132.0,28.8,1.0,1.0,1.0,0,0,1,0,0,0,0,0.12967272781924702,14.712442923287673
12.54254488,14.27,707,85303.0,98.2,1.0,0.0,0.0,0,1,0,0,0,0,0,0.30465357208399924,12.0
12.10071213,0.2,707,255.0,0.8,0.0,1.0,0.0,0,0,0,0,0,1,0,0.001416666666485826,14.306963471232878
11.91839057,0.7,812,346.0,0.7,0.0,0.0,0.0,0,0,0,0,0,0,0,0.0023066666737674934,32.06027397260274
10.59663473,16.44,737,5768.0,39.2,1.0,0.0,0.0,0,0,1,0,0,0,0,0.14420000044645379,10.931506849315069
10.8729019,23.1,757,4987.0,12.2,0.0,0.0,0.0,0,1,0,0,0,0,0,0.09457973019320387,8.301484019178082
10.858999,16.43,777,89277.0,11.6,1.0,0.0,0.0,0,0,0,0,0,0,0,1.7168653804323515,24.41107306027397
12.20607265,9.13,757,298.0,1.0,1.0,0.0,0.0,0,1,0,0,0,0,0,0.0014899999933399599,10.446689498630137
12.10071213,1.98,792,682.0,3.3,1.0,0.0,0.0,0,0,0,0,1,0,0,0.0037888888884052285,11.51518264931507
9.952277717,19.14,667,12741.0,72.8,0.0,0.0,0.0,0,1,0,0,0,0,0,0.6067142855356452,12.3836758
11.91839057,0.9,782,5016.0,17.9,0.0,0.0,0.0,0,0,0,0,0,0,0,0.033440000102941465,34.10958904109589
9.458449669,18.35,682,4805.0,84.3,0.0,0.0,1.0,0,0,1,0,0,0,0,0.37492197264986066,16.52340182739726
10.858999,16.34,667,14092.0,57.8,0.0,1.0,0.0,0,0,1,0,0,0,0,0.2709999993397258,10.19189497808219
11.98292909,0.2,707,255.0,0.8,0.0,1.0,0.0,0,0,0,0,0,0,0,0.0015937500067191915,14.309703197260275
11.91839057,0.7,812,346.0,0.7,0.0,0.0,0.0,0,0,0,0,1,0,0,0.0023066666737674934,32.06301369863014
10.4341158,6.46,757,3444.0,15.9,2.0,0.0,0.0,0,0,0,0,0,0,0,0.10129411801154521,6.69326484109589
11.0744205,19.11,747,3567.0,7.4,2.0,0.0,0.0,0,0,1,0,0,0,0,0.05530232573534947,11.42477169041096
10.59663473,9.33,797,2823.0,5.7,1.0,0.0,0.0,0,1,0,0,0,0,0,0.0705750002185054,16.520662101369865
11.98292909,21.17,717,78024.0,66.5,2.0,0.0,0.0,1,0,1,0,0,0,0,0.48765000205591447,15.04109589041096
10.04324949,9.08,702,5999.0,40.8,1.0,0.0,1.0,0,0,1,0,0,0,0,0.2608260882375137,20.216552512328768
11.91839057,15.75,757,42160.0,59.4,1.0,0.0,0.0,1,0,1,0,0,0,0,0.28106666753190035,13.232990868493152
11.17745273,4.72,687,8989.0,79.5,0.0,0.0,0.0,0,0,1,0,0,0,0,0.12572027955459275,12.164383561643836
11.45158183,24.77,687,17816.0,70.4,0.0,0.0,0.0,0,0,0,0,0,0,0,0.18943115453753326,10.10958904109589
10.77895629,0.85,712,797.0,31.9,0.0,0.0,1.0,0,0,0,0,0,0,0,0.016604166664840672,14.219292238356166
10.42228135,22.29,767,12039.0,88.0,4.0,0.0,0.0,0,0,0,0,0,0,0,0.358303569977906,13.501484019178083
10.81977828,15.55,692,6592.0,48.1,1.0,0.0,0.0,0,0,0,0,0,0,0,0.1318400005814518,5.589155252054795
11.51292546,17.01,767,8828.0,19.5,2.0,0.0,0.0,0,0,0,0,0,0,0,0.08828000043877177,15.945205479452055
12.25486281,13.51,757,298.0,1.0,1.0,0.0,0.0,0,0,1,0,0,0,0,0.0014190476186213446,10.449429224657534
12.15477935,6.91,792,682.0,3.3,1.0,0.0,0.0,0,1,0,0,0,0,0,0.003589473688311942,11.517922375342467
11.62735176,15.43,777,0.0,0.0,1.0,0.0,0.0,0,0,0,1,0,0,0,0.0,8.219292238356164
11.15625052,8.16,697,3153.0,28.9,2.0,0.0,0.0,0,0,1,0,0,0,0,0.04504285718931866,9.53436073150685
11.77528973,4.98,792,4433.0,3.9,0.0,0.0,0.0,0,0,0,0,0,0,0,0.03409999998082621,20.876712328767123
11.2185544,16.38,722,8813.0,67.6,1.0,0.0,0.0,0,0,0,0,0,0,0,0.11829530253009536,12.0
11.00209984,18.66,702,14626.0,51.5,1.0,0.0,0.0,0,0,0,0,0,0,0,0.24376666696021979,25.64394977260274
10.69194491,11.75,692,703.0,18.5,0.0,1.0,0.0,0,0,1,0,0,0,0,0.015977272773613178,7.479566210958904
11.48246626,20.1,712,22245.0,72.5,2.0,0.0,0.0,0,0,1,0,0,0,0,0.22932989633057088,11.93972602739726
12.59133505,0.5,797,5306.0,2.8,0.0,0.0,0.0,0,0,0,0,0,0,0,0.018047618981218594,16.356278539726027
12.04355372,0.2,707,255.0,0.8,0.0,1.0,0.0,0,0,0,0,0,0,0,0.001499999994048598,14.312442923287673
11.91839057,7.06,812,346.0,0.7,0.0,0.0,0.0,0,0,0,0,0,1,0,0.0023066666737674934,32.06575342465754
11.46163217,0.25,767,165.0,1.1,0.0,0.0,0.0,0,1,0,0,0,0,0,0.0017368421062751778,5.7534246575342465
12.46843691,0.65,782,6096.0,17.3,0.0,0.0,0.0,0,0,0,0,0,0,0,0.02344615384609911,31.726027397260275
9.798127037,7.0,737,48.0,4.8,1.0,0.0,0.0,1,0,0,0,0,0,0,0.0026666666663421367,3.1232876712328768
12.39617634,6.4,802,74927.0,13.9,0.0,0.0,0.0,0,0,0,0,0,0,0,0.3097757114512116,14.876712328767123
11.56171563,11.14,747,8080.0,23.5,1.0,0.0,0.0,0,1,0,0,0,0,0,0.07695238088617576,16.095890410958905
10.858999,22.08,732,6934.0,34.2,3.0,0.0,0.0,0,0,0,0,0,0,0,0.13334615352126444,10.849315068493151
12.12269104,8.45,692,399.0,39.9,0.0,1.0,3.0,0,0,0,0,1,0,0,0.00216847825347749,14.054794520547945
11.00209984,9.12,712,8715.0,50.1,0.0,1.0,0.0,0,0,0,0,0,0,0,0.1452500001749156,12.745205479452055
11.28978191,18.81,682,13964.0,99.7,0.0,0.0,1.0,0,0,1,0,0,0,0,0.17455000063815798,6.832876712328767
10.59663473,12.42,767,739.0,2.1,1.0,0.0,0.0,0,0,0,0,0,0,0,0.01847500005719996,12.268607306849317
11.8493977,24.2,757,298.0,1.0,1.0,0.0,0.0,0,0,0,0,0,0,0,0.002128571431958923,10.452168950684932
11.77528973,23.43,792,682.0,3.3,1.0,0.0,0.0,0,0,0,0,0,0,0,0.005246153843204032,11.520662101369863
11.69524702,8.51,707,255.0,0.8,0.0,1.0,0.0,0,0,0,0,1,0,0,0.002125000003748889,14.31518264931507
10.95080655,16.21,722,29682.0,28.4,0.0,0.0,0.0,0,0,1,0,0,0,0,0.5207368404475953,13.07123287671233
10.30895266,9.52,682,4987.0,22.3,3.0,1.0,0.0,0,0,0,0,0,1,0,0.16623333344043634,6.904109589041096
10.59663473,7.89,672,1243.0,17.8,2.0,0.0,0.0,1,0,1,0,0,0,0,0.031075000096210482,23.17808219178082
11.77528973,15.38,812,346.0,0.7,0.0,0.0,0.0,0,0,1,0,0,0,0,0.0026615384600419283,32.06849315068493
11.8493977,24.2,757,298.0,1.0,1.0,0.0,0.0,0,0,1,0,0,0,0,0.002128571431958923,10.454908676712328
11.77528973,23.43,792,682.0,3.3,1.0,0.0,0.0,0,0,0,0,1,0,0,0.005246153843204032,11.523401827397262
11.81303006,12.28,737,19549.0,52.5,1.0,0.0,0.0,0,0,0,0,0,1,0,0.1448074070338862,19.561757991780823
11.69524702,8.51,707,255.0,0.8,0.0,1.0,0.0,0,0,0,0,0,0,0,0.002125000003748889,14.317922375342468
11.91839057,13.42,812,346.0,0.7,0.0,0.0,0.0,0,0,0,0,0,0,0,0.0023066666737674934,32.07123287671233
10.42228135,19.21,712,7645.0,41.9,1.0,1.0,0.0,0,0,1,0,0,0,0,0.22752976098356106,10.356278539726027
11.11575585,9.64,757,61034.0,37.6,5.0,0.0,0.0,0,0,0,0,0,0,0,0.9079468066583648,12.082191780821917
10.71441777,12.91,797,808.0,0.5,2.0,1.0,0.0,0,0,0,0,0,0,0,0.017955555533155212,14.219178082191782
12.20607265,6.94,737,64266.0,60.8,0.0,0.0,0.0,0,0,0,0,0,0,0,0.3213299985637109,21.87123287671233
11.08214255,3.54,707,9514.0,27.2,1.0,0.0,0.0,0,0,1,0,0,0,0,0.14636923060497137,13.397374430136987
11.91839057,22.94,757,298.0,1.0,1.0,0.0,0.0,0,1,0,0,0,0,0,0.0019866666727824077,10.457648402739727
11.8493977,21.77,792,682.0,3.3,1.0,0.0,0.0,0,0,0,0,1,0,0,0.00487142857918116,11.526141553424658
11.77528973,7.88,707,255.0,0.8,0.0,1.0,0.0,0,0,0,0,0,0,0,0.0019615384604355253,14.320662101369864
11.98292909,12.63,812,346.0,0.7,0.0,0.0,0.0,0,0,1,0,0,0,0,0.0021625000091170204,32.07397260273972
11.40756495,24.76,687,26241.0,57.4,1.0,0.0,0.0,0,0,1,0,0,0,0,0.29156666646618623,23.057534246575344
10.84349481,8.88,687,1793.0,99.6,0.0,0.0,0.0,1,0,0,0,0,0,0,0.03501953128598607,7.1506849315068495
10.71441777,4.11,747,5081.0,40.0,0.0,0.0,0.0,0,0,1,0,0,0,0,0.11291111097024954,8.720662101369863
9.980448594,6.17,687,902.0,12.2,2.0,2.0,0.0,0,0,0,0,0,0,0,0.041759259245572916,16.60285388219178
11.88448902,23.55,757,298.0,1.0,1.0,0.0,0.0,0,0,0,0,1,0,0,0.002055172416675917,10.460388128767123
11.83500896,22.09,792,682.0,3.3,1.0,0.0,0.0,0,0,1,0,0,0,0,0.004942029005963995,11.528881279452056
11.72803684,8.25,707,255.0,0.8,0.0,1.0,0.0,0,0,0,0,0,0,0,0.0020564516223365277,14.32340182739726
11.8493977,14.33,812,346.0,0.7,0.0,0.0,0.0,0,0,0,0,0,1,0,0.002471428575361703,32.07671232876712
11.1844214,11.12,727,1942.0,77.7,0.0,0.0,0.0,0,0,0,0,0,0,0,0.02697222216822903,22.52066210136986
10.92593848,20.7,687,15543.0,57.4,3.0,0.0,0.0,0,0,1,0,0,0,0,0.27955035977895176,6.246689498630137
11.95761129,14.57,687,4027.0,17.4,1.0,2.0,0.0,0,1,0,0,0,0,0,0.02581410246682664,18.493264841095893
10.89673933,7.0,752,2606.0,57.9,0.0,0.0,0.0,1,0,0,0,0,0,0,0.048259259044332335,12.827397260273973
11.19821472,0.44,697,666.0,8.5,0.0,1.0,0.0,0,0,0,0,0,0,0,0.009123287672423729,14.219292238356166
11.77528973,5.18,772,6469.0,1.1,1.0,0.0,0.0,0,0,0,0,1,0,0,0.04976153843355848,12.164383561643836
10.30895266,19.36,702,6601.0,58.2,1.0,0.0,0.0,1,0,1,0,0,0,0,0.22003333347509932,5.7534246575342465
11.28978191,2.85,757,31183.0,72.5,3.0,0.0,0.0,0,0,1,0,0,0,0,0.38978750142507024,9.53436073150685
11.17745273,13.83,692,18463.0,79.2,1.0,0.0,0.0,0,0,1,0,0,0,0,0.2582237758834627,6.821917808219178
10.70099475,12.3,712,15598.0,66.9,0.0,0.0,0.0,0,1,0,0,0,0,0,0.3513063057513535,10.210958904109589
10.46310334,10.22,672,10274.0,76.1,1.0,0.0,0.0,0,0,1,0,0,0,0,0.2935428572812775,12.411073060273974
11.28978191,24.63,677,21557.0,68.0,1.0,0.0,0.0,0,0,1,0,0,0,0,0.26946250098515984,12.087671232876712
10.30895266,16.0,722,4429.0,18.8,2.0,0.0,0.0,0,0,1,0,0,0,0,0.14763333342845247,7.479566210958904
11.22524339,17.34,737,21914.0,40.0,1.0,0.0,0.0,0,0,1,0,0,0,0,0.29218666740252364,16.136986301369863
9.798127037,19.8,687,6454.0,86.1,0.0,0.0,0.0,0,0,1,0,0,0,0,0.3585555555119198,6.4110730602739725
9.450930837,0.0,732,0.0,0.0,3.0,0.0,0.0,1,0,0,0,0,0,0,0.0,3.2877853890410957
11.22524339,1.73,807,3248.0,6.1,1.0,0.0,0.0,0,0,0,0,0,0,0,0.043306666775732264,18.657648402739728
10.89673933,2.67,787,3519.0,11.3,0.0,0.0,0.0,0,0,0,0,0,0,0,0.0651666663764411,13.150684931506849
10.91508846,16.93,712,18620.0,87.0,0.0,0.0,0.0,0,0,1,0,0,0,0,0.338545455972291,14.136986301369863
11.08214255,6.18,707,46100.0,75.5,2.0,0.0,1.0,0,0,0,0,0,0,1,0.7092307684348519,32.71232876712329
11.00209984,8.12,732,8127.0,60.2,2.0,0.0,0.0,0,0,1,0,0,0,0,0.13545000016311406,9.123287671232877
11.08424188,13.61,687,8471.0,44.4,1.0,0.0,0.0,0,0,0,0,1,0,0,0.13004977261024825,13.89041095890411
10.83958091,8.0,687,11529.0,96.1,2.0,0.0,0.0,0,0,1,0,0,0,0,0.22605882391517262,7.561757991780822
11.58058411,0.96,772,4938.0,1.9,1.0,0.0,0.0,0,0,0,0,1,0,0,0.04614953286922135,11.342579909589043
10.91508846,3.32,737,7728.0,32.1,0.0,0.0,0.0,0,0,0,0,1,0,0,0.14050909150128169,13.561757991780823
8.881836305,9.5,722,1552.0,9.1,2.0,0.0,0.0,0,0,0,1,0,0,0,0.21555555555644934,13.808219178082192
11.00209984,15.54,712,13141.0,44.8,1.0,0.0,0.0,0,0,1,0,0,0,0,0.21901666693041488,7.235730594520548
10.59663473,0.78,757,1343.0,8.7,0.0,0.0,0.0,0,0,0,0,0,0,1,0.03357500010395067,3.6987442931506846
10.71441777,21.09,707,12076.0,39.7,0.0,0.0,0.0,0,0,1,0,0,0,0,0.2683555552207702,12.411073060273974
10.54534144,4.8,712,3875.0,94.5,1.0,0.0,0.0,0,0,0,0,0,0,0,0.10197368407882967,5.178196347945206
10.91508846,9.45,732,0.0,,0.0,0.0,0.0,0,0,1,0,0,0,0,0.0,7.241210046575342
11.1844214,12.83,682,14592.0,70.8,0.0,0.0,0.0,0,0,1,0,0,0,0,0.20266666626096705,17.013698630136986
11.81790703,0.02,797,74.0,0.1,3.0,0.0,0.0,0,0,0,0,0,0,0,0.000545481352889615,21.698744293150686
11.36210258,17.43,757,26741.0,0.3,0.0,0.0,0.0,0,0,0,0,0,0,0,0.31094185898367876,16.60285388219178
11.56171563,12.29,777,62689.0,9.8,0.0,0.0,0.0,0,0,1,0,0,0,0,0.5970380947244397,19.07945205479452
11.51292546,9.9,667,12487.0,72.2,2.0,0.0,0.0,0,0,1,0,0,0,0,0.12487000062063243,21.29326484109589
11.36210258,11.4,747,11361.0,42.1,0.0,0.0,0.0,0,0,0,0,0,0,0,0.13210465053339718,8.712442923287671
11.10495723,19.71,737,28735.0,82.6,3.0,0.0,0.0,0,0,1,0,0,0,0,0.4321052617077259,34.52066210958904
11.75194237,11.39,662,28882.0,48.3,0.0,2.0,0.0,0,0,1,0,0,0,0,0.22741732179778829,12.986301369863014
9.798127037,10.07,707,7159.0,73.1,1.0,1.0,0.0,1,0,0,0,1,0,0,0.39772222217382,12.493264841095892
10.7864283,10.52,717,13160.0,64.9,0.0,1.0,0.0,1,0,0,0,0,0,1,0.2721257250254356,11.676826484931508
11.46163217,22.19,662,19828.0,53.6,1.0,0.0,0.0,0,0,1,0,0,0,0,0.20871578959529835,12.112328767123287
10.62132735,16.65,697,1649.0,22.6,3.0,0.0,0.0,1,0,1,0,0,0,0,0.04021951202163288,5.260388128767123
10.75244803,16.35,667,14099.0,77.5,0.0,0.0,0.0,0,0,1,0,0,0,0,0.30161953367019045,7.726141553424657
10.80972795,15.39,702,4941.0,98.8,1.0,0.0,1.0,0,0,1,0,0,0,0,0.09981818167412247,18.08219178082192
12.63460303,10.21,692,60789.0,97.3,0.0,0.0,0.0,0,0,0,0,0,0,0,0.1980097713076655,19.31518264931507
11.22524339,3.33,807,6469.0,1.1,1.0,0.0,0.0,0,0,0,0,0,0,0,0.08625333355055788,12.164383561643836
10.23995979,15.81,757,293.0,2.3,2.0,0.0,0.0,0,0,1,0,0,0,0,0.010464285705467886,6.328881279452054
10.71441777,15.49,782,0.0,0.0,1.0,0.0,0.0,0,0,0,0,0,0,0,0.0,11.671347032876714
10.53209621,21.54,747,1085.0,14.5,4.0,0.0,0.0,0,0,1,0,0,0,0,0.02893333338999931,5.342579909589041
10.97944515,0.31,727,391.0,7.2,1.0,0.0,0.0,0,0,0,0,0,0,0,0.006665984728757803,11.178082191780822
11.98292909,16.36,697,31756.0,45.2,1.0,0.0,0.0,0,0,1,0,0,0,0,0.1984750008367633,8.548059361643835
11.28978191,13.66,772,2796.0,7.2,0.0,0.0,0.0,0,0,0,0,0,0,0,0.03495000012777784,12.167123287671233
11.73606902,9.96,687,12730.0,95.0,1.0,0.0,0.0,0,0,0,0,0,0,1,0.10183999962160714,12.496004567123288
10.15767851,3.44,707,1815.0,62.6,0.0,0.0,0.0,1,0,0,0,0,0,0,0.07038059005344817,9.698744293150686
11.21182037,12.65,707,1756.0,31.4,1.0,0.0,0.0,0,0,0,0,0,0,1,0.0237297297816102,8.394634704109588
10.91508846,9.6,697,17482.0,39.6,3.0,0.0,0.0,0,0,0,0,0,0,0,0.31785454679417785,6.493264841095891
11.28978191,1.14,812,3477.0,7.3,0.0,0.0,0.0,0,0,0,0,0,0,0,0.04346250015889969,22.438470320547946
10.18111929,9.18,787,6115.0,16.4,2.0,0.0,0.0,0,0,0,0,0,0,0,0.2316287876782918,24.657648402739724
10.49127422,22.37,782,3052.0,5.2,0.0,0.0,0.0,0,0,0,0,0,0,0,0.08477777756059811,15.04109589041096
11.02679245,19.69,717,19967.0,52.0,0.0,0.0,0.0,0,0,0,1,0,0,0,0.3246666678986497,8.975342465753425
10.93310697,1.82,752,3258.0,5.5,2.0,0.0,0.0,0,0,0,0,0,1,0,0.05817857141212351,9.616552512328767
13.36295384,1.55,742,9132.0,36.5,3.0,1.0,0.0,0,0,1,0,0,0,0,0.01435849059938188,8.136986301369863
10.65725935,24.99,697,6382.0,74.2,1.0,0.0,0.0,0,0,1,0,0,0,0,0.15016470662003822,4.931506849315069
10.18746276,12.74,707,4303.0,51.8,1.0,0.0,0.0,0,0,0,0,0,0,1,0.16196175900152332,5.178196347945206
11.06663836,22.22,767,17557.0,26.2,0.0,0.0,0.0,0,0,1,0,0,0,0,0.27432812564242387,21.041095890410958
10.59663473,22.44,707,7757.0,93.0,1.0,0.0,0.0,0,0,1,0,0,0,0,0.19392500060040604,17.17808219178082
11.00209984,13.52,732,3862.0,13.5,3.0,0.0,0.0,0,0,0,0,0,0,0,0.06436666674417946,7.808219178082192
10.73639668,15.57,682,16660.0,73.1,0.0,0.0,0.0,0,0,1,0,0,0,0,0.36217391140327654,8.136986301369863
11.51292546,18.3,747,68.0,0.6,0.0,0.0,0.0,0,1,0,0,0,0,0,0.0006800000033797554,20.136986301369863
10.71441777,3.31,772,511.0,3.1,2.0,0.0,0.0,0,0,0,0,0,1,0,0.011355555541389001,9.863013698630137
11.77528973,14.77,742,27947.0,25.3,0.0,0.0,0.0,0,0,1,0,0,0,0,0.21497692295604556,20.548059361643837
10.75790288,8.94,662,0.0,0.0,0.0,0.0,1.0,1,0,1,0,0,0,0,0.0,7.068493150684931
11.28978191,18.81,722,31890.0,78.7,1.0,0.0,0.0,0,0,1,0,0,0,0,0.3986250014573803,34.1972602739726
11.60823564,6.43,742,5124.0,16.8,2.0,0.0,0.0,0,0,1,0,0,0,0,0.046581818404225546,17.42477169041096
11.40756495,17.85,722,9129.0,63.0,0.0,0.0,0.0,0,0,1,0,0,0,0,0.10143333326358805,19.07123287671233
11.2710195,0.61,782,951.0,3.9,1.0,0.0,0.0,0,0,0,0,0,0,0,0.012112643707315159,9.287785389041096
11.51292546,3.55,742,18435.0,7.2,2.0,0.0,0.0,0,0,0,0,0,1,0,0.18435000091626164,16.27408675890411
10.30895266,8.76,667,5531.0,79.0,3.0,0.0,0.0,0,1,0,0,0,0,0,0.18436666678545285,3.9452054794520546
11.75194237,15.0,672,6759.0,27.8,0.0,3.0,0.0,0,0,1,0,0,0,0,0.053220472198298285,26.630251142465752
10.46310334,21.29,702,15248.0,57.9,0.0,0.0,0.0,0,0,1,0,0,0,0,0.43565714306257725,10.027397260273972
10.59663473,19.26,727,5324.0,66.5,0.0,0.0,0.0,0,0,0,1,0,0,0,0.1331000004120874,11.589155252054796
11.40756495,12.83,742,43615.0,16.7,0.0,0.0,0.0,0,0,0,0,0,0,0,0.48461111077789387,34.438470328767124
9.574983486,4.17,737,0.0,0.0,1.0,0.0,0.0,1,0,0,0,0,0,0,0.0,6.164383561643835
10.93024574,16.33,712,14541.0,16.5,3.0,0.0,0.0,0,0,1,0,0,0,0,0.2604047271260847,10.273972602739725
10.62132735,13.9,737,9851.0,43.2,0.0,0.0,0.0,0,0,0,0,0,0,0,0.24026829164651636,15.698744293150686
11.57119437,9.32,707,16821.0,80.5,1.0,0.0,0.0,0,1,0,0,0,0,0,0.1586886797362981,13.72614155342466
11.77528973,24.95,702,74469.0,81.3,0.0,0.0,0.0,0,0,1,0,0,0,0,0.5728384612163652,22.767123287671232
11.12726298,16.94,717,14078.0,82.8,3.0,0.0,0.0,0,0,1,0,0,0,0,0.20702941262558477,5.835616438356165
11.45105006,8.49,737,9044.0,24.1,1.0,1.0,0.0,0,0,0,0,0,0,0,0.09621276607791875,13.808219178082192
10.08580911,7.2,692,4484.0,65.0,0.0,0.0,0.0,0,0,0,0,0,0,0,0.1868333332081705,9.780821917808218
10.49127422,18.87,697,14225.0,53.7,1.0,0.0,0.0,0,0,0,0,0,0,0,0.3951388878766409,12.575456621917809
10.71441777,6.0,732,11574.0,14.9,1.0,1.0,0.0,1,0,1,0,0,0,0,0.2571999996791317,9.04109589041096
11.36986308,20.13,717,51324.0,63.6,0.0,0.0,0.0,0,1,0,0,0,0,0,0.5921772252133093,17.013698630136986
11.58988651,4.62,742,4588.0,91.8,0.0,0.0,0.0,0,1,0,0,0,0,0,0.04248148131607377,12.164383561643836
11.15625052,19.94,707,34299.0,68.3,0.0,0.0,0.0,0,1,0,0,0,0,0,0.48998571479113245,33.28767123287671
11.33857208,13.63,727,44643.0,90.0,1.0,0.0,0.0,0,0,1,0,0,0,0,0.5314642845585902,15.205593608219178
11.1844214,9.32,662,5001.0,84.8,0.0,1.0,1.0,0,0,1,0,0,0,0,0.06945833319429114,13.808219178082192
11.44035477,2.71,717,9612.0,41.1,3.0,0.0,0.0,0,0,1,0,0,0,0,0.10335483893038053,16.81655251232877
11.08214255,0.52,782,906.0,11.6,0.0,0.0,0.0,0,0,0,0,0,1,0,0.013938461522819431,9.369977169863013
10.89673933,21.98,712,8959.0,65.9,2.0,0.0,0.0,0,0,1,0,0,0,0,0.16590740666852394,6.0
11.40756495,4.33,717,11999.0,94.5,0.0,0.0,0.0,1,0,0,0,0,0,0,0.13332222213055023,9.616552512328767
11.03488966,23.86,677,3024.0,24.4,3.0,0.0,0.0,0,0,0,0,0,0,1,0.048774193744811956,12.575456621917809
9.798127037,18.0,787,2816.0,13.2,0.0,0.0,0.0,0,0,1,0,0,0,0,0.15644444442540537,11.260388128767124
9.392661929,17.0,772,5326.0,40.0,1.0,0.0,0.0,0,0,0,0,0,0,0,0.4438333332313123,40.10958904109589
11.06663836,7.59,782,14882.0,28.2,0.0,0.0,0.0,0,0,1,0,0,0,0,0.2325312505445436,17.260388128767126
10.89673933,9.98,752,21131.0,32.2,0.0,0.0,0.0,0,1,0,0,0,0,0,0.3913148130720593,18.986301369863014
10.83958091,10.96,777,1461.0,3.1,0.0,0.0,0.0,0,0,1,0,0,0,0,0.028647058872414536,17.531621005479455
11.68687877,8.21,742,27116.0,41.6,1.0,0.0,0.0,0,1,0,0,0,0,0,0.2278655466955619,16.767123287671232
10.59663473,16.02,747,1580.0,29.3,1.0,0.0,0.0,0,0,0,0,0,1,0,0.039500000122294904,10.452168950684932
11.3736634,10.86,687,14679.0,86.3,3.0,0.0,0.0,0,1,0,0,0,0,0,0.16872413753229226,15.205593608219178
10.87804719,22.35,672,19099.0,99.0,1.0,0.0,1.0,0,0,1,0,0,0,0,0.3603584914792794,39.945205479452056
11.03488966,9.41,682,20976.0,39.1,0.0,1.0,0.0,1,0,1,0,0,0,0,0.3383225820076639,11.095890410958905
13.30468493,7.09,662,58222.0,39.0,1.0,0.0,0.0,1,0,0,0,0,1,0,0.09703666707405405,16.767123287671232
11.95761129,8.88,687,92755.0,49.2,1.0,0.0,0.0,0,0,0,0,1,0,0,0.5945833310927501,9.20285388219178
11.71993963,7.67,742,32282.0,66.6,2.0,0.0,0.0,0,0,0,0,0,0,0,0.2624552856957212,16.027397260273972
9.903487553,17.64,722,784.0,41.3,0.0,0.0,0.0,0,0,0,0,0,0,0,0.039199999981816225,15.04109589041096
11.2009507,19.98,692,15934.0,99.0,3.0,0.0,0.0,1,0,0,0,0,0,0,0.2176775956174015,10.200114156164384
11.12726298,18.67,737,63437.0,65.2,0.0,0.0,0.0,0,0,1,0,0,0,0,0.9328970627027434,15.205593608219178
11.11988288,0.6,752,1248.0,9.3,0.0,0.0,0.0,0,0,0,0,0,0,0,0.018488888830845252,8.465867580821918
10.87804719,22.46,672,3527.0,84.0,3.0,0.0,0.0,0,0,0,0,0,0,0,0.0665471699799685,11.260388128767124
11.41861479,10.77,747,17502.0,65.8,0.0,0.0,0.0,0,0,1,0,0,0,0,0.1923296694639921,19.972602739726028
9.392661929,1.5,732,246.0,24.6,0.0,0.0,0.0,0,0,0,0,0,0,0,0.0204999999952878,4.602853882191781
12.16002871,12.2,712,444.0,2.5,0.0,0.0,0.0,0,0,0,1,0,0,0,0.0023246073229359803,22.84931506849315
11.46163217,24.87,747,50662.0,14.8,0.0,1.0,0.0,0,0,0,0,1,0,0,0.5332842108370488,26.816438356164383
10.71441777,5.41,752,5695.0,59.9,0.0,0.0,0.0,1,0,0,0,0,0,1,0.12655555539767194,12.082191780821917
11.15434871,10.43,742,12724.0,50.9,1.0,0.0,0.0,0,1,0,0,0,0,0,0.18211745241118013,14.317922375342468
11.22524339,15.63,747,23860.0,55.5,1.0,0.0,0.0,0,0,1,0,0,0,0,0.31813333413453565,21.041095890410958
9.980448594,1.67,727,37.0,1.1,0.0,0.0,0.0,0,0,0,0,0,1,0,0.0017129629624015497,8.465867580821918
10.73639668,15.1,737,13415.0,43.6,0.0,0.0,0.0,0,0,0,0,0,0,0,0.29163043346188205,6.575456621917808
11.04292184,19.99,692,9505.0,59.8,0.0,0.0,0.0,0,0,1,0,0,0,0,0.15207999934978086,9.452168950684932
10.54534144,21.98,702,15432.0,64.0,2.0,0.0,0.0,0,0,1,0,0,0,0,0.40610526263341923,5.260388128767123
10.46310334,6.65,727,7191.0,27.0,0.0,0.0,0.0,0,0,0,0,0,0,0,0.2054571429540263,4.520662101369863
10.08580911,20.65,732,2678.0,33.5,1.0,0.0,0.0,0,0,0,0,0,1,0,0.11158333325858176,5.668607306849315
11.02755639,20.16,702,21111.0,75.7,3.0,0.0,0.0,0,0,1,0,0,0,0,0.34300615774591636,10.10958904109589
11.60823564,11.04,772,60184.0,46.7,0.0,0.0,0.0,0,0,0,0,0,0,0,0.547127275339561,13.479566210958906
11.64780595,0.16,752,531.0,35.4,0.0,0.0,0.0,0,0,0,0,0,0,0,0.004639986005715733,5.359018265753424
10.96819829,5.86,717,823.0,5.1,0.0,0.0,0.0,0,0,0,0,1,0,0,0.014189655165724168,11.589155252054796
11.28426673,7.81,692,10750.0,47.1,0.0,0.0,0.0,0,1,0,0,0,0,0,0.13511815022505042,10.356278539726027
10.42228135,15.68,687,3450.0,32.2,1.0,0.0,0.0,0,0,0,0,0,0,0,0.1026785710128562,4.109589041095891
10.49127422,12.1,682,13782.0,22.7,0.0,0.0,0.0,0,0,1,0,0,0,0,0.3828333323526092,9.698744293150686
9.92329018,24.35,717,0.0,0.0,1.0,1.0,0.0,0,0,0,0,1,0,0,0.0,9.287785389041096
11.28978191,20.76,677,22737.0,87.4,2.0,0.0,0.0,0,1,0,0,0,0,0,0.2842125010390861,8.876712328767123
11.04292184,9.35,767,19639.0,39.1,2.0,0.0,0.0,1,0,0,0,0,1,0,0.31422399865653305,14.712442923287673
10.6454249,22.31,697,14850.0,99.0,0.0,0.0,0.0,0,0,0,0,0,0,0,0.3535714276045894,8.235730594520549
10.89673933,10.56,782,3168.0,15.1,0.0,0.0,0.0,0,0,1,0,0,0,0,0.05866666640538942,11.260388128767124
11.1124479,13.65,687,11325.0,43.9,1.0,0.0,0.0,0,0,0,0,1,0,0,0.1690298504712746,17.835616438356166
10.37972173,22.25,722,1604.0,72.9,0.0,0.0,0.0,0,0,1,0,0,0,0,0.049813664672612716,11.013698630136986
11.09522582,17.49,687,19158.0,64.7,1.0,1.0,0.0,0,0,0,0,1,0,0,0.2909074341677801,12.657648402739728
10.1266311,16.7,722,1557.0,51.9,0.0,0.0,0.0,0,0,1,0,0,0,0,0.06228000023979899,9.287785389041096
12.36307639,12.88,732,58974.0,71.7,0.0,0.0,0.0,0,1,0,0,0,0,0,0.25202564211939166,20.630251142465756
11.3736634,18.8,772,17757.0,23.5,0.0,0.0,0.0,0,0,1,0,0,0,0,0.20410344779350867,12.676826484931508
10.26813067,15.08,722,3322.0,21.3,0.0,0.0,0.0,0,0,0,0,0,0,0,0.11534722177514073,6.082191780821918
10.71441777,16.67,662,7367.0,79.8,2.0,0.0,0.0,0,0,1,0,0,0,0,0.16371111090687432,6.328881279452054
11.96400108,18.75,702,139636.0,95.6,0.0,0.0,0.0,0,0,1,0,0,0,0,0.8894012777368544,19.479566210958904
11.00429742,8.94,682,14917.0,64.3,0.0,0.0,0.0,0,0,1,0,0,0,0,0.24807091184097999,6.575456621917808
9.574983486,4.92,682,1737.0,48.2,1.0,0.0,0.0,0,0,1,0,0,0,0,0.12062499994741852,3.6987442931506846
11.1124479,11.23,687,20833.0,84.7,2.0,0.0,0.0,0,0,1,0,0,0,0,0.31094029800159506,6.082191780821918
10.6454249,13.86,757,0.0,0.0,0.0,0.0,0.0,0,0,1,0,0,0,0,0.0,15.698744293150686
11.8493977,11.25,702,21229.0,64.7,2.0,0.0,0.0,0,0,0,0,0,0,1,0.1516357145270335,15.101369863013698
9.501516334,3.14,672,709.0,22.9,0.0,0.0,0.0,0,0,0,0,0,0,0,0.05298953660498459,43.80821917808219
11.58988651,16.04,682,1405.0,23.4,1.0,0.0,0.0,0,0,0,0,1,0,0,0.013009259208605852,14.876712328767123
9.92329018,22.41,667,7986.0,81.5,1.0,0.0,1.0,1,0,1,0,0,0,0,0.39147058816964736,9.452168950684932
11.57119437,16.37,672,22792.0,76.7,2.0,0.0,0.0,0,0,1,0,0,0,0,0.21501886858984046,13.98904109589041
10.59663473,19.32,697,10602.0,60.6,2.0,0.0,0.0,1,0,1,0,0,0,0,0.2650500008206143,7.23299086849315
9.655026193,12.69,757,7633.0,28.8,0.0,1.0,0.0,0,0,1,0,0,0,0,0.48929487191114246,16.027397260273972
10.30895266,15.52,737,8458.0,28.6,1.0,0.0,0.0,0,0,1,0,0,0,0,0.28193333351498107,11.013698630136986
10.51867319,21.41,742,3276.0,11.3,1.0,0.0,0.0,0,0,0,0,0,1,0,0.08854054068453951,40.88493150684931
10.08580911,12.1,737,9107.0,63.2,1.0,0.0,0.0,0,0,1,0,0,0,0,0.37945833307912774,6.493264841095891
11.69524702,8.39,692,14927.0,39.1,0.0,0.0,0.0,0,0,1,0,0,0,0,0.12439166688611633,9.53436073150685
12.3883942,2.73,737,1260.0,7.2,0.0,0.0,1.0,1,0,0,0,0,0,0,0.005250000012201671,13.150684931506849
11.05879518,12.26,712,3221.0,74.9,2.0,0.0,0.0,0,0,1,0,0,0,0,0.050724409696393705,10.685045663013698
11.00209984,3.62,747,7610.0,34.0,0.0,0.0,0.0,0,0,1,0,0,0,0,0.12683333348607087,8.3836758
11.42954386,7.84,752,2522.0,34.5,4.0,1.0,0.0,0,0,0,0,1,0,0,0.02741304336946334,40.441210054794524
12.3883942,14.77,757,51669.0,26.7,3.0,0.0,0.0,0,0,0,0,1,0,0,0.21528750050035567,10.27408675890411
11.08214255,3.42,677,10141.0,47.4,0.0,1.0,1.0,0,0,1,0,0,0,0,0.15601538444030005,9.671347032876712
11.35040654,15.8,697,7241.0,44.7,2.0,0.0,0.0,0,0,0,0,0,0,0,0.08518823490842398,13.72614155342466
9.862665558,5.13,667,1441.0,32.0,0.0,1.0,0.0,0,0,1,0,0,0,0,0.07505208333452465,3.180821917808219
10.30895266,9.04,757,363.0,2.0,0.0,0.0,0.0,1,0,1,0,0,0,0,0.012100000007795948,22.356278539726027
10.28629797,21.4,772,2656.0,5.2,0.0,0.0,0.0,0,0,0,0,0,1,0,0.09056192035635284,12.082191780821917
10.36121362,17.77,677,8768.0,61.7,1.0,0.0,0.0,0,0,0,0,0,0,0,0.27738478788134296,4.356278539726027
11.14908203,23.17,662,24390.0,64.0,0.0,0.0,0.0,0,0,1,0,0,0,0,0.35093525234352246,19.643949772602742
10.858999,10.78,762,12356.0,52.6,1.0,0.0,0.0,0,0,1,0,0,0,0,0.23761538403644988,12.923287671232877
11.19821472,21.11,687,15421.0,67.6,0.0,0.0,0.0,0,0,0,0,0,0,0,0.21124657537003955,14.548059361643837
11.28978191,11.07,722,918.0,35.3,1.0,0.0,0.0,0,0,0,0,0,0,0,0.01147500004195281,13.150684931506849
11.00209984,14.3,732,19068.0,89.9,0.0,0.0,0.0,0,0,0,0,0,0,1,0.3178000003827069,6.496004567123288
10.81977828,8.02,737,13736.0,30.7,1.0,0.0,0.0,0,0,1,0,0,0,0,0.2747200012115931,10.356278539726027
11.14186178,0.57,687,3594.0,83.6,1.0,0.0,1.0,0,0,0,0,0,0,1,0.05208695670817904,18.739840183561643
11.15625052,7.92,782,5236.0,8.7,2.0,0.0,0.0,0,0,0,0,0,0,0,0.07480000007715587,24.0
11.36093911,10.81,702,23152.0,71.5,0.0,0.0,0.0,0,0,1,0,0,0,0,0.2695227002684024,10.27408675890411
9.655026193,15.46,762,641.0,40.1,0.0,0.0,0.0,0,0,0,0,0,0,0,0.041089743599507705,28.611073068493152
12.32385568,1.35,702,0.0,0.0,1.0,2.0,0.0,0,0,0,0,1,0,0,0.0,17.835616438356166
11.56171563,13.87,757,11179.0,3.5,0.0,0.0,0.0,0,0,1,0,0,0,0,0.10646666657506916,14.98904109589041
10.83958091,13.84,757,12375.0,76.6,0.0,0.0,0.0,0,0,1,0,0,0,0,0.24264705923759747,8.3836758
11.21721122,12.21,702,35638.0,97.7,1.0,0.0,0.0,1,0,0,0,0,0,0,0.47900537673743754,12.0
11.56171563,7.43,747,31183.0,35.1,1.0,0.0,0.0,0,0,0,1,0,0,0,0.2969809521254479,18.986301369863014
11.21721122,4.26,772,25768.0,2.2,2.0,0.0,0.0,0,0,0,0,0,0,0,0.34634408630591756,16.687785389041096
11.36674295,21.01,662,37398.0,89.3,3.0,1.0,0.0,0,0,1,0,0,0,0,0.43284722429648936,22.19178082191781
10.6454249,18.89,702,6811.0,25.7,1.0,0.0,0.0,0,0,1,0,0,0,0,0.16216666622322276,8.3836758
10.69194491,12.19,742,5737.0,29.4,0.0,0.0,0.0,0,0,1,0,0,0,0,0.130386364014536,6.821917808219178
10.42228135,22.57,712,5744.0,55.8,0.0,0.0,0.0,0,0,0,1,0,0,0,0.17095238026024523,16.027397260273972
10.54534144,22.45,672,15146.0,77.3,1.0,1.0,0.0,0,0,1,0,0,0,0,0.3985789468536656,9.22477169041096
11.22524339,7.42,752,11300.0,47.1,1.0,0.0,0.0,0,0,0,0,0,0,0,0.15066666704611287,9.53436073150685
10.6454249,21.97,707,8249.0,85.9,2.0,0.0,0.0,0,1,0,0,0,0,0,0.1964047613676941,9.287785389041096
10.51867319,14.14,677,7186.0,55.7,1.0,0.0,0.0,1,0,0,0,0,0,0,0.1942162165320821,11.142465753424657
10.91508846,2.71,767,0.0,0.0,1.0,0.0,0.0,0,0,1,0,0,0,0,0.0,10.60285388219178
10.96127785,21.96,787,6545.0,10.7,0.0,0.0,0.0,0,0,0,0,0,0,0,0.11362847184542821,30.575456630136987
9.798127037,23.53,707,12231.0,86.1,0.0,0.0,0.0,0,0,1,0,0,0,0,0.6794999999173057,5.260388128767123
10.1266311,16.56,727,402.0,1.9,1.0,0.0,0.0,0,0,0,0,0,0,0,0.01608000006191342,6.164383561643835
10.59663473,16.44,687,441.0,55.1,0.0,0.0,0.0,1,0,0,0,0,0,0,0.011025000034134211,9.780821917808218
11.38509209,15.35,732,19490.0,56.5,1.0,0.0,0.0,0,1,0,0,0,0,0,0.22147727349366003,19.23299086849315
10.93310697,9.02,777,5875.0,7.1,1.0,0.0,0.0,0,0,0,0,0,1,0,0.10491071425605451,17.846575342465755
10.8036489,4.71,797,1299.0,4.2,2.0,0.0,0.0,0,0,0,0,0,0,0,0.026402439089878823,11.506963471232877
10.91806585,0.0,807,0.0,0.0,1.0,0.0,0.0,0,0,0,0,0,0,0,0.0,10.775456621917808
11.42954386,6.89,692,23285.0,30.7,1.0,0.0,0.0,0,0,0,0,0,0,1,0.25309782508245593,14.802739726027397
11.57166596,8.37,687,13843.0,38.2,3.0,1.0,0.0,0,0,1,0,0,0,0,0.1305327675615343,15.622031964383563
11.44035477,14.37,692,17729.0,39.0,0.0,0.0,0.0,0,0,1,0,0,0,0,0.19063440900922976,22.931506849315067
11.60823564,5.47,732,11992.0,64.3,0.0,0.0,0.0,0,1,0,0,0,0,0,0.10901818233869492,8.797260273972602
9.852867716,5.24,662,1418.0,28.9,2.0,0.0,0.0,1,0,1,0,0,0,0,0.07458133464517114,9.205593608219178
11.08214255,0.78,762,1177.0,3.7,0.0,0.0,0.0,0,0,0,0,0,0,1,0.018107692287371382,9.863013698630137
11.28978191,23.08,712,46563.0,95.2,1.0,0.0,0.0,0,0,1,0,0,0,0,0.5820375021279397,21.53436073150685
11.40756495,13.75,677,12389.0,46.6,2.0,1.0,0.0,0,0,1,0,0,0,0,0.13765555546090397,11.75627853972603
11.5228758,12.93,707,12822.0,73.4,0.0,0.0,0.0,0,0,1,0,0,0,0,0.1269504945192831,25.397374430136985
10.30895266,20.2,672,10172.0,59.1,1.0,0.0,0.0,0,0,1,0,0,0,0,0.339066666885125,9.452168950684932
10.66895539,24.44,737,9274.0,20.9,1.0,0.0,0.0,0,0,1,0,0,0,0,0.21567441961307976,8.342579909589041
11.1124479,7.54,782,22556.0,23.8,0.0,0.0,0.0,0,0,1,0,0,0,0,0.3366567158702049,22.931506849315067
11.35040654,9.06,662,9523.0,75.0,0.0,0.0,0.0,0,0,1,0,0,0,0,0.11203529361040208,14.3836758
11.69524702,7.72,777,5195.0,5.4,1.0,0.0,0.0,0,0,1,0,0,0,0,0.043291666743041086,29.2631278630137
11.08214255,6.0,787,15646.0,21.7,0.0,0.0,0.0,0,0,1,0,0,0,0,0.24070769203756381,13.068493150684931
12.21106019,18.33,732,15715.0,56.3,2.0,0.0,0.0,0,0,0,0,0,0,0,0.07818407937066003,12.246689498630138
10.96819829,12.95,667,8763.0,47.9,3.0,0.0,0.0,1,0,1,0,0,0,0,0.15108620682532306,30.328881287671233
10.59663473,3.9,677,2775.0,92.5,2.0,0.0,0.0,0,0,0,0,0,0,0,0.0693750002147901,9.369977169863013
11.00209984,18.98,712,26537.0,64.9,1.0,0.0,0.0,1,0,0,0,0,0,0,0.4422833338659478,11.191780821917808
12.85839783,1.77,692,13757.0,98.3,0.0,0.0,0.0,1,0,0,0,0,0,0,0.035825520889574546,4.191780821917808
12.69158046,11.1,692,105104.0,95.4,1.0,0.0,0.0,0,0,1,0,0,0,0,0.323396923501179,18.57545662191781
11.1124479,17.89,692,13966.0,60.7,0.0,0.0,0.0,0,0,0,0,0,0,0,0.20844776085490696,23.424771690410957
9.586925781,10.95,697,3753.0,51.4,0.0,0.0,0.0,0,0,0,0,0,0,0,0.2575310504528899,6.164383561643835
10.23995979,12.13,717,12593.0,33.3,1.0,0.0,0.0,1,0,1,0,0,0,0,0.449749999621014,5.178082191780822
10.71441777,13.17,757,5623.0,20.0,0.0,0.0,0.0,0,0,1,0,0,0,0,0.124955555399668,9.205593608219178
10.51867319,20.63,702,5931.0,46.0,0.0,0.0,0.0,0,1,0,0,0,0,0,0.16029729755799874,12.328881279452055
10.89673933,10.04,672,1066.0,20.5,0.0,0.0,0.0,1,0,1,0,0,0,0,0.019740740652823587,10.027397260273972
10.08580911,14.85,807,268.0,0.7,0.0,0.0,0.0,0,0,0,0,0,1,0,0.011166666659185927,35.04383561643836
11.73606902,10.41,782,9474.0,21.0,1.0,0.0,0.0,0,0,1,0,0,0,0,0.07579199971839011,12.0
11.24504602,20.41,737,57775.0,95.8,1.0,0.0,0.0,0,0,1,0,0,0,0,0.7552287580299356,14.054794520547945
10.72326738,1.5,717,17516.0,84.6,1.0,0.0,0.0,0,0,1,0,0,0,0,0.3858149795281866,13.561757991780823
10.42228135,3.39,782,3375.0,7.8,1.0,0.0,0.0,0,0,0,0,0,0,0,0.10044642816475063,17.202739726027396
11.73606902,5.49,682,5940.0,80.3,0.0,0.0,0.0,0,0,0,0,0,1,0,0.04751999982343648,3.5343607315068493
11.15625052,2.11,767,2663.0,22.2,0.0,0.0,0.0,0,0,0,0,0,0,0,0.03804285718209818,11.342579909589043
11.49272276,8.49,697,8644.0,80.0,0.0,0.0,0.0,1,0,1,0,0,0,0,0.08820408142561247,11.34531963561644
11.35040654,8.03,787,15917.0,22.0,2.0,0.0,0.0,0,1,0,0,0,0,0,0.18725882268158878,14.3836758
11.00209984,22.57,662,4533.0,76.8,1.0,0.0,0.0,0,1,0,0,0,0,0,0.07555000009098019,6.164383561643835
10.42633028,15.26,687,14707.0,66.2,0.0,0.0,0.0,0,0,1,0,0,0,0,0.4359396641877371,10.10958904109589
11.15625052,17.5,687,2592.0,12.4,1.0,0.0,0.0,0,0,1,0,0,0,0,0.03702857146676624,9.287785389041096
9.46962297,9.17,702,2832.0,36.8,2.0,0.0,1.0,0,0,1,0,0,0,0,0.2185185184980359,12.849315068493151
10.08580911,24.7,702,4184.0,38.7,2.0,0.0,0.0,1,0,1,0,0,0,0,0.17433333321654448,9.369977169863013
11.05089001,13.75,722,8851.0,21.7,0.0,0.0,0.0,0,0,0,0,0,1,0,0.14049206284210083,16.520662101369865
11.00209984,8.92,707,7990.0,34.3,0.0,0.0,0.0,0,0,0,0,0,1,0,0.13316666682703104,6.852054794520548
10.4487146,20.94,697,5626.0,30.1,3.0,0.0,0.0,0,0,0,0,0,0,0,0.16307246426050517,5.5069634712328766
9.574983486,0.08,742,5.0,0.2,6.0,0.0,0.0,0,0,1,0,0,0,0,0.00034722222207086506,3.6192922383561643
11.17369743,9.37,672,1142.0,11.8,0.0,0.0,0.0,0,0,1,0,0,0,0,0.016032120469640285,8.054794520547945
11.19821472,19.25,727,48262.0,73.2,0.0,0.0,0.0,0,0,1,0,0,0,0,0.6611232877575286,20.383675800000002
11.33857208,15.06,677,28577.0,94.6,0.0,0.0,0.0,1,0,0,0,0,0,0,0.3402023802125939,19.15068493150685
11.00209984,15.06,677,24235.0,38.0,2.0,1.0,0.0,0,0,1,0,0,0,0,0.40391666715307856,10.27408675890411
11.98292909,4.04,747,1621.0,5.3,2.0,0.0,0.0,0,0,0,0,0,0,0,0.010131250042712977,10.767237443835617
11.32055357,12.93,672,5814.0,96.9,1.0,0.0,0.0,0,0,0,0,0,0,0,0.07047272743641941,7.068493150684931
10.59663473,16.89,687,21668.0,87.4,0.0,0.0,0.0,0,0,1,0,0,0,0,0.541700001677143,6.164383561643835
11.28978191,4.68,732,10422.0,56.0,0.0,0.0,0.0,0,0,1,0,0,0,0,0.1302750004762878,10.10958904109589
11.00209984,9.34,712,4162.0,27.6,1.0,0.0,0.0,0,0,0,0,1,0,0,0.06936666675020066,9.369977169863013
10.93310697,20.57,727,8654.0,65.8,1.0,0.0,0.0,0,1,0,0,0,0,0,0.1545357142420248,13.31518264931507
11.09741002,13.36,722,20602.0,41.5,2.0,1.0,0.0,0,0,1,0,0,0,0,0.31215151546633957,9.123287671232877
11.47210347,15.97,662,16964.0,77.8,1.0,0.0,0.0,0,0,0,0,0,1,0,0.17670833341284728,22.52066210136986
10.83958091,23.93,722,10695.0,43.8,0.0,0.0,0.0,1,0,0,1,0,0,0,0.20970588271079635,5.671347032876712
10.858999,7.04,707,7910.0,90.9,3.0,0.0,0.0,1,1,0,0,0,0,0,0.15211538424476517,37.23299087671233
10.46310334,6.62,752,8829.0,43.5,1.0,0.0,0.0,0,0,1,0,0,0,0,0.25225714297609486,14.054794520547945
10.91508846,17.5,722,15103.0,78.3,0.0,0.0,0.0,0,0,0,0,0,0,0,0.2746000011573314,9.145205479452056
10.858999,18.18,667,12532.0,57.0,2.0,0.0,0.0,0,0,0,0,0,0,0,0.24099999941281885,8.219292238356164
11.35040654,6.45,692,7983.0,43.6,0.0,0.0,0.0,0,0,1,0,0,0,0,0.09391764663360704,33.04383561643836
10.39083982,11.24,732,3619.0,10.6,1.0,0.0,1.0,0,0,0,0,1,0,0,0.11114864866159486,10.191780821917808
11.81303006,15.84,737,26215.0,94.6,0.0,0.0,0.0,0,0,1,0,0,0,0,0.19418518468429724,16.438470320547946
9.92329018,19.29,672,17012.0,91.0,1.0,1.0,0.0,1,0,1,0,0,0,0,0.8339215684876085,17.30422374520548
11.28978191,10.59,722,6490.0,4.9,3.0,0.0,0.0,1,0,0,0,1,0,0,0.08112500029659449,17.59463470410959
11.22524339,3.52,682,6228.0,68.4,0.0,0.0,0.0,0,0,1,0,0,0,0,0.08304000020913194,4.8493150684931505
10.77895629,14.57,727,7479.0,42.7,0.0,0.0,0.0,0,0,1,0,0,0,0,0.15581249998286498,6.821917808219178
11.86358234,1.27,777,7345.0,17.3,2.0,0.0,0.0,0,0,0,0,1,0,0,0.05172535193595106,15.534360731506851
9.798127037,16.33,717,7674.0,57.7,0.0,0.0,0.0,0,0,0,0,0,0,0,0.4263333332814491,11.095890410958905
10.49127422,2.33,722,377.0,47.1,0.0,0.0,0.0,0,0,0,1,0,0,0,0.010472222195394983,4.356278539726027
11.58988651,2.8,787,0.0,0.0,0.0,0.0,0.0,0,0,0,0,0,0,0,0.0,13.232990868493152
10.34817337,12.0,747,3933.0,51.7,0.0,0.0,0.0,0,1,0,0,0,0,0,0.12605769278640575,8.630251142465754
10.81977828,4.1,767,5694.0,21.2,2.0,0.0,0.0,0,1,0,0,0,0,0,0.1138800005022431,10.408333334246576
11.28978191,0.08,667,167.0,11.1,3.0,0.0,1.0,1,0,0,0,0,0,0,0.002087500007631938,9.698744293150686
10.5686467,11.2,677,4743.0,62.4,2.0,0.0,0.0,0,0,0,0,0,0,0,0.12194055902058448,6.328881279452054
11.89818787,3.47,777,4910.0,14.0,0.0,0.0,0.0,0,0,0,0,0,0,0,0.03340136040262511,12.906849315068493
11.9511804,16.56,722,120322.0,59.6,0.0,0.0,0.0,0,0,0,0,0,0,0,0.7762709645602985,12.493264841095892
11.66134547,16.99,737,32446.0,56.1,0.0,0.0,0.0,0,0,1,0,0,0,0,0.2797068965764785,21.698744293150686
9.798127037,9.8,682,0.0,0.0,0.0,0.0,0.0,0,0,0,0,0,0,1,0.0,3.3699771698630134
11.46163217,0.44,692,723.0,45.2,0.0,0.0,0.0,0,0,0,0,0,0,0,0.007610526320223961,18.57545662191781
10.51867319,17.61,732,15818.0,46.5,0.0,0.0,0.0,0,0,1,0,0,0,0,0.42751351420880523,9.158904109589042
10.66895539,17.19,702,18944.0,97.6,2.0,0.0,0.0,1,0,1,0,0,0,0,0.4405581415948009,11.098630136986301
10.03451581,10.95,677,1559.0,45.9,1.0,1.0,0.0,0,0,1,0,0,0,0,0.0683771933204126,6.493264841095891
11.69524702,14.28,742,14191.0,51.0,1.0,0.0,0.0,0,0,0,0,0,0,0,0.11825833354196268,13.068493150684931
11.04132055,4.02,677,8160.0,54.0,2.0,0.0,1.0,0,0,0,0,0,0,0,0.13076923133906018,5.835616438356165
10.68051622,22.1,682,12384.0,55.8,2.0,0.0,0.0,0,0,1,0,0,0,0,0.28468965434020216,6.3453196356164385
10.81977828,0.86,772,2232.0,6.5,0.0,0.0,0.0,0,0,0,0,0,0,0,0.04464000019687506,14.219292238356166
11.39639165,3.76,757,16001.0,38.6,0.0,0.0,0.0,1,0,0,0,1,0,0,0.17978651662277692,36.16438356164384
11.51292546,0.53,757,0.0,0.0,1.0,0.0,0.0,0,0,0,0,0,0,0,0.0,10.931506849315069
10.08580911,21.75,697,1219.0,7.2,2.0,0.0,0.0,0,0,0,0,0,0,0,0.05079166663264047,5.75353881369863
10.91508846,16.97,682,3052.0,41.8,0.0,0.0,0.0,1,0,0,0,0,0,0,0.05549090932478153,17.34257990958904
11.74403719,12.13,702,30995.0,82.6,2.0,0.0,0.0,1,0,0,0,0,0,1,0.245992062491765,12.411073060273974
10.59663473,12.0,762,15146.0,24.8,0.0,0.0,0.0,0,0,1,0,0,0,0,0.3786500011723282,19.668607306849317
11.51292546,17.52,692,9360.0,43.7,0.0,0.0,0.0,0,0,1,0,0,0,0,0.09360000046521338,13.72614155342466
10.57643203,21.55,742,4641.0,49.4,0.0,0.0,0.0,0,0,0,0,0,0,0,0.11839285664306816,6.493264841095891
11.32659589,5.94,677,14739.0,77.2,2.0,0.0,0.0,0,1,0,0,0,0,0,0.17757831268098523,13.72614155342466
11.8493977,2.47,747,14556.0,94.5,0.0,0.0,0.0,1,0,0,0,0,0,1,0.10397142873689291,24.16986301369863
11.35040654,6.23,697,2906.0,23.2,0.0,0.0,0.0,0,0,1,0,0,0,0,0.03418823513932883,10.03013698630137
10.18111929,10.14,742,6435.0,19.0,0.0,0.0,0.0,0,1,0,0,0,0,0,0.24374999978901188,14.876712328767123
11.2515607,17.56,762,33386.0,52.9,1.0,0.0,0.0,0,1,0,0,0,0,0,0.43358441594681424,12.657648402739728
10.71441777,16.77,722,17449.0,55.7,0.0,0.0,0.0,0,0,1,0,0,0,0,0.3877555550718135,19.643949772602742
10.26081229,6.17,722,4479.0,99.5,0.0,0.0,0.0,0,0,1,0,0,0,0,0.15666316820643453,6.4110730602739725
11.50791292,1.74,757,6642.0,7.9,0.0,0.0,0.0,0,0,0,0,0,0,0,0.06675376905427408,12.0
11.91839057,3.7,677,11010.0,49.8,0.0,2.0,1.0,0,0,0,0,0,0,0,0.07340000022595405,19.068493150684933
10.77895629,7.13,767,5276.0,73.3,0.0,0.0,0.0,0,0,1,0,0,0,0,0.10991666665457892,14.219178082191782
10.91508846,9.36,717,6049.0,90.3,0.0,0.0,0.0,1,0,0,0,0,0,1,0.10998181864534846,11.835616438356164
11.8277362,13.53,692,10930.0,79.8,1.0,1.0,0.0,0,0,0,0,0,0,0,0.07978102228157781,20.548059361643837
10.96127785,17.5,687,15365.0,70.2,1.0,0.0,0.0,1,0,1,0,0,0,0,0.26675347133766303,9.452168950684932
11.23056255,16.76,792,0.0,0.0,3.0,0.0,0.0,0,0,0,0,0,0,0,0.0,10.685045663013698
11.46163217,18.15,777,11783.0,19.0,0.0,0.0,0.0,0,0,1,0,0,0,0,0.1240315790196389,20.383675800000002
11.1962808,20.26,732,41170.0,61.4,0.0,0.0,0.0,0,1,0,0,0,0,0,0.5650643360314644,15.205479452054794
11.31934072,2.13,687,0.0,0.0,0.0,1.0,0.0,0,0,0,0,0,0,0,0.0,14.630251142465754
9.487972109,5.82,727,1549.0,96.8,1.0,0.0,0.0,0,0,0,0,0,0,0,0.11734848479854872,7.561757991780822
10.60658506,19.16,662,11018.0,82.2,1.0,0.0,0.0,0,0,1,0,0,0,0,0.2727227733542757,17.91780821917808
10.89673933,4.78,712,8077.0,76.9,0.0,0.0,0.0,0,0,0,0,0,0,0,0.14957407340793258,9.53436073150685
10.22557105,8.43,757,4103.0,15.5,2.0,0.0,0.0,0,0,0,0,0,0,0,0.1486594205433554,5.589155252054795
11.33857208,9.13,762,8868.0,32.4,0.0,0.0,0.0,0,0,0,0,0,0,0,0.10557142834185823,8.712442923287671
10.61643736,6.06,737,37804.0,21.4,1.0,0.0,0.0,0,0,1,0,0,0,0,0.926568627814429,24.49326484109589
11.00209984,4.94,767,2125.0,10.1,0.0,0.0,0.0,0,1,0,0,0,0,0,0.03541666670931677,7.24394977260274
11.11988288,0.52,792,35.0,0.1,1.0,0.0,0.0,0,0,0,0,0,0,0,0.0005185185168906922,41.178082191780824
11.08214255,7.09,782,613.0,4.0,1.0,0.0,0.0,0,1,0,0,0,0,0,0.009430769220185774,13.561757991780823
12.3883942,14.72,697,28813.0,44.9,3.0,0.0,0.0,1,0,0,0,1,0,0,0.1200541669456879,11.342579909589043
10.77895629,16.18,702,5029.0,58.5,0.0,0.0,0.0,0,0,1,0,0,0,0,0.10477083332181147,5.095890410958904
11.15625052,15.34,697,1837.0,31.7,3.0,0.0,0.0,0,0,0,0,0,0,1,0.026242857169926536,23.424771690410957
10.86856845,21.53,742,16285.0,41.3,0.0,0.0,0.0,0,0,1,0,0,0,0,0.3101904757499174,8.884931506849314
11.51292546,19.75,677,73999.0,86.8,1.0,0.0,0.0,1,1,0,0,0,0,0,0.7399900036779193,15.123287671232877
10.81977828,14.88,747,546.0,3.7,4.0,0.0,0.0,0,0,1,0,0,0,0,0.010920000048160296,5.104109589041096
10.67359577,12.58,777,1876.0,20.2,0.0,0.0,0.0,0,0,0,0,0,0,0,0.043425926109713194,5.917808219178082
10.23995979,20.23,747,5121.0,17.7,4.0,0.0,0.0,0,0,0,0,0,0,0,0.18289285698874078,10.931506849315069
11.00209984,12.34,732,3075.0,28.0,1.0,0.0,0.0,0,0,1,0,0,0,0,0.051250000061717205,7.561757991780822
11.00209984,14.36,702,8892.0,25.5,2.0,0.0,1.0,0,0,1,0,0,0,0,0.1482000001784681,26.71244292328767
10.93310697,13.5,727,21771.0,63.7,0.0,0.0,0.0,0,0,1,0,0,0,0,0.38876785703294686,6.986301369863014
10.58294141,16.88,662,4701.0,72.3,0.0,0.0,0.0,0,0,0,0,0,0,0,0.11914537664809147,4.375456621917808
10.6454249,19.0,702,0.0,0.0,2.0,0.0,0.0,0,0,1,0,0,0,0,0.0,11.835616438356164
10.30895266,9.48,737,4105.0,57.8,0.0,0.0,0.0,0,0,1,0,0,0,0,0.13683333342149412,10.438470320547944
11.40756495,6.19,752,24907.0,45.3,0.0,0.0,0.0,0,0,1,0,0,0,0,0.27674444425415573,9.298744293150685
11.05089001,12.34,782,8943.0,21.2,1.0,0.0,0.0,1,1,0,0,0,0,0,0.14195238029566237,38.630251150684934
11.08214255,17.28,732,23429.0,56.1,2.0,0.0,0.0,0,0,0,0,0,0,1,0.3604461534416517,10.767237443835617
10.7254676,23.26,687,14902.0,87.7,0.0,0.0,0.0,0,0,1,0,0,0,0,0.3275164851341011,18.0
10.36646657,21.3,722,4638.0,69.2,0.0,0.0,0.0,0,0,1,0,0,0,0,0.14595921404099452,5.342579909589041
11.05089001,10.7,677,5849.0,45.3,1.0,0.0,0.0,0,0,0,0,0,0,0,0.09284126941175548,5.589155252054795
12.10071213,21.03,677,57858.0,75.8,1.0,0.0,0.0,0,1,0,0,0,0,0,0.3214333332923016,12.822031964383562
10.88893114,4.84,802,120.0,2.4,1.0,0.0,0.0,1,0,0,0,0,0,0,0.0022396416642745786,21.945205479452056
11.28978191,21.04,727,20901.0,67.4,0.0,0.0,0.0,0,0,1,0,0,0,0,0.2612625009551805,11.427511416438357
11.3736634,18.33,702,15158.0,88.6,1.0,0.0,0.0,0,1,0,0,0,0,0,0.17422988464571743,10.438470320547944
11.38584181,15.72,687,31710.0,93.5,0.0,0.0,1.0,0,0,1,0,0,0,0,0.360070856795434,10.438470320547944
10.46310334,22.53,722,6580.0,88.3,0.0,0.0,0.0,0,0,1,0,0,0,0,0.18800000008865153,8.630251142465754
11.15625052,2.35,747,71.0,0.3,1.0,0.0,0.0,0,0,0,0,0,1,0,0.0010142857153319456,22.356278539726027
10.26813067,15.04,742,949.0,22.1,0.0,0.0,0.0,0,0,1,0,0,0,0,0.03295138876117055,20.548059361643837
11.72803684,11.17,692,22294.0,69.0,0.0,0.0,0.0,0,0,0,0,1,0,0,0.17979032340537468,14.054794520547945
10.76848499,0.76,662,981.0,89.2,0.0,0.0,0.0,1,0,1,0,0,0,0,0.02065263157941687,9.123287671232877
11.47110297,12.74,727,9653.0,9.7,1.0,2.0,0.0,0,0,1,0,0,0,0,0.10065273608111765,19.89041095890411
10.91508846,9.56,682,6810.0,56.7,0.0,0.0,0.0,0,0,0,0,0,0,0,0.12381818234002695,15.123287671232877
10.81977828,13.25,722,14706.0,72.4,1.0,0.0,0.0,0,0,1,0,0,0,0,0.2941200012971526,30.63299087671233
10.99851024,17.58,722,6908.0,32.0,2.0,0.0,0.0,0,0,1,0,0,0,0,0.11554735873378476,8.301484019178082
11.15625052,2.18,737,4509.0,60.1,0.0,0.0,0.0,1,0,0,1,0,0,0,0.06441428578072877,13.975342465753425
10.16585182,0.0,762,0.0,0.0,3.0,0.0,0.0,0,0,1,0,0,0,0,0.0,8.548059361643835
10.46310334,8.98,792,1357.0,4.2,1.0,0.0,0.0,0,0,1,0,0,0,0,0.03877142858971126,21.616552512328767
11.73606902,7.47,722,24344.0,65.8,0.0,0.0,0.0,0,0,1,0,0,0,0,0.1947519992763868,15.945205479452055
11.60823564,11.87,697,4254.0,64.5,0.0,0.0,0.0,0,0,0,0,0,0,0,0.03867272745737226,26.21917808219178
11.40756495,16.79,682,51605.0,97.9,1.0,0.0,0.0,0,0,1,0,0,0,0,0.5733888884946283,15.290525115068494
11.27720313,16.34,687,11889.0,54.8,1.0,0.0,1.0,0,0,1,0,0,0,0,0.15049367110416512,15.123287671232877
11.28978191,5.64,672,7472.0,97.0,0.0,0.0,1.0,0,0,0,0,1,0,0,0.09340000034147211,11.189041095890412
11.04132055,8.46,712,3088.0,14.1,1.0,0.0,0.0,0,0,0,1,0,0,0,0.049487179702820815,13.479566210958906
10.77895629,4.92,687,8398.0,76.3,0.0,0.0,0.0,0,0,0,0,0,0,0,0.1749583333140928,3.1342465753424658
11.47210347,11.13,662,14337.0,56.4,2.0,2.0,0.0,0,0,1,0,0,0,0,0.14934375006720063,11.178082191780822
11.23581399,3.31,687,3860.0,68.9,0.0,0.0,0.0,0,0,0,0,0,0,0,0.050925498523975814,12.493264841095892
11.58988651,17.63,707,15050.0,28.9,2.0,0.0,0.0,0,0,0,0,0,0,0,0.13935185130926553,29.671347041095892
10.55309029,14.98,722,7060.0,71.8,0.0,0.0,0.0,0,0,1,0,0,0,0,0.18435538213796696,4.27408675890411
10.6454249,21.77,682,7263.0,60.0,2.0,0.0,0.0,0,0,1,0,0,0,0,0.17292857095569916,14.054794520547945
10.98359637,12.0,687,15445.0,78.0,1.0,0.0,0.0,0,0,1,0,0,0,0,0.2622241085642583,11.42477169041096
11.51292546,13.52,717,28056.0,57.0,0.0,0.0,0.0,0,0,1,0,0,0,0,0.2805600013944473,8.136986301369863
10.77895629,12.95,742,20035.0,65.4,0.0,0.0,0.0,0,0,1,0,0,0,0,0.41739583328743146,12.493264841095892
11.40756495,4.64,797,2347.0,9.9,0.0,0.0,0.0,0,0,1,0,0,0,0,0.02607777775984677,26.630251142465752
10.54841566,22.54,712,13813.0,52.7,0.0,0.0,0.0,0,0,1,0,0,0,0,0.3623842364912569,16.438470320547946
10.71441777,15.17,677,6354.0,74.8,0.0,0.0,0.0,0,0,1,0,0,0,0,0.1411999998238468,8.556278539726028
11.30958454,8.71,762,8328.0,11.0,1.0,0.0,0.0,0,0,0,0,0,0,1,0.10205882362659206,8.887671232876713
11.51292546,6.72,737,4070.0,19.5,0.0,0.0,0.0,0,0,0,1,0,0,0,0.0407000002022883,8.331621005479452
10.40426284,13.56,692,13781.0,65.8,3.0,0.0,0.0,0,1,0,0,0,0,0,0.4176060607934062,5.835616438356165
10.55841352,3.05,722,3738.0,30.4,1.0,0.0,0.0,0,1,0,0,0,0,0,0.09709090911769408,4.438470320547945
10.66895539,21.43,712,11262.0,27.1,1.0,0.0,0.0,0,0,1,0,0,0,0,0.26190697796878415,10.038356164383561
11.1844214,18.87,682,33587.0,45.6,0.0,0.0,0.0,0,0,0,0,0,0,0,0.4664861101772958,14.219178082191782
10.80523301,15.54,692,11922.0,62.7,1.0,0.0,0.0,0,0,1,0,0,0,0,0.2419335207473404,11.178082191780822
11.28978191,0.38,667,234.0,3.3,2.0,1.0,0.0,0,0,0,0,0,0,0,0.0029250000106938534,22.931506849315067
11.51292546,18.35,782,6031.0,5.8,2.0,0.0,0.0,0,0,1,0,0,0,0,0.06031000029975448,15.287785389041098
10.53049493,14.13,692,1466.0,16.9,0.0,4.0,0.0,0,0,0,0,0,1,0,0.039155982929144795,37.31518265753425
11.22524339,12.59,747,8119.0,23.9,1.0,0.0,0.0,1,0,1,0,0,0,0,0.10825333360596374,16.60285388219178
12.24047407,2.24,742,105418.0,66.2,3.0,0.0,0.0,1,0,0,0,0,0,1,0.5092657016276699,14.219178082191782
10.4341158,18.07,717,7292.0,65.1,1.0,0.0,0.0,0,0,1,0,0,0,0,0.21447058900702315,6.821917808219178
10.49127422,9.17,732,0.0,,2.0,0.0,0.0,0,0,0,0,0,1,0,0.0,5.183561643835616
10.55841352,13.5,677,2542.0,29.9,2.0,0.0,0.0,0,0,1,0,0,0,0,0.06602597404418897,10.191780821917808
10.30895266,7.96,767,3067.0,11.9,0.0,0.0,0.0,0,0,1,0,0,0,0,0.10223333339920157,11.42477169041096
11.56171563,1.1,702,2883.0,31.0,0.0,0.0,0.0,0,0,1,0,0,0,0,0.027457142833520385,12.002739726027396
11.1844214,24.23,692,3290.0,50.6,1.0,0.0,0.0,0,0,1,0,0,0,0,0.04569444435297297,14.3836758
11.38509209,8.73,692,19281.0,89.7,0.0,0.0,0.0,0,0,1,0,0,0,0,0.21910227348544173,14.800114156164385
11.53272809,7.36,767,0.0,0.0,0.0,0.0,0.0,0,0,0,0,0,0,1,0.0,14.630251142465754
10.57449137,10.98,757,11305.0,52.6,3.0,0.0,0.0,0,0,0,0,0,0,0,0.28895307182367297,13.068493150684931
10.71441777,12.64,692,9123.0,50.2,2.0,0.0,0.0,0,0,1,0,0,0,0,0.20273333308041458,16.931506849315067
9.903487553,4.8,702,3713.0,77.4,0.0,0.0,0.0,0,0,0,0,1,0,0,0.1856499999138822,4.27408675890411
12.56723749,13.89,727,43922.0,65.7,2.0,0.0,0.0,0,0,1,0,0,0,0,0.15303832825180314,14.219178082191782
11.11986806,13.58,677,11189.0,65.1,0.0,0.0,1.0,1,0,1,0,0,0,0,0.16576541906787717,13.232876712328768
10.08580911,8.7,692,3374.0,63.7,0.0,0.0,0.0,0,0,1,0,0,0,0,0.14058333323915417,6.575456621917808
11.00209984,21.78,692,35819.0,95.8,0.0,0.0,0.0,0,0,1,0,0,0,0,0.5969833340522435,8.219178082191782
10.66895539,22.32,687,7115.0,76.5,0.0,0.0,0.0,0,0,1,0,0,0,0,0.1654651170527348,6.328881279452054
10.85127695,0.23,802,41.0,0.2,3.0,0.0,0.0,1,0,0,0,1,0,0,0.0007945736445786005,17.095890410958905
11.15625052,7.89,692,0.0,0.0,0.0,0.0,0.0,0,0,0,0,1,0,0,0.0,8.712442923287671
10.3859137,23.41,722,9430.0,45.3,0.0,0.0,0.0,0,1,0,0,0,0,0,0.29104938323423984,8.712442923287671
10.94316338,21.49,722,3630.0,71.2,1.0,0.0,0.0,0,1,0,0,0,0,0,0.06417282447125075,10.67408675890411
9.942708266,0.87,682,422.0,7.7,0.0,0.0,0.0,0,0,0,0,0,1,0,0.020288461532160126,5.260388128767123
10.63585545,6.61,752,3.0,0.0,0.0,0.0,0.0,0,0,0,0,1,0,0,7.211538434490543e-05,5.917808219178082
10.30253209,22.42,692,7751.0,52.7,0.0,0.0,1.0,1,1,0,0,0,0,0,0.26003086493637473,19.15068493150685
10.49127422,2.3,687,2047.0,27.7,1.0,1.0,0.0,0,0,1,0,0,0,0,0.05686111096544703,6.906849315068493
10.54534144,5.68,687,4324.0,86.5,1.0,0.0,0.0,0,0,1,0,0,0,0,0.11378947353725406,4.520662101369863
11.40756495,17.35,667,14555.0,70.0,0.0,0.0,0.0,0,0,1,0,0,0,0,0.16172222211102247,13.64394977260274
10.59663473,21.99,717,6823.0,71.1,1.0,0.0,0.0,0,0,1,0,0,0,0,0.17057500052811272,6.328881279452054
10.59663473,0.54,732,554.0,14.2,0.0,0.0,1.0,0,0,1,0,0,0,0,0.013850000042880619,10.356278539726027
11.77528973,11.13,752,40327.0,54.8,5.0,0.0,0.0,0,0,0,0,1,0,0,0.3102076921332683,12.575456621917809
11.69524702,4.7,767,4378.0,27.4,0.0,0.0,0.0,0,0,1,0,0,0,0,0.03648333339769661,15.698744293150686
11.09741002,7.69,752,8816.0,23.8,0.0,0.0,0.0,0,0,0,0,0,0,0,0.1335757577104771,14.79463470410959
11.08214255,1.83,767,4370.0,21.0,1.0,0.0,0.0,0,1,0,0,0,0,0,0.0672307691553211,13.479566210958906
11.47210347,5.65,662,12080.0,74.1,1.0,2.0,1.0,0,1,0,0,0,0,0,0.12583333338995492,12.002739726027396
11.15625052,14.09,692,17357.0,83.9,1.0,0.0,0.0,0,0,1,0,0,0,0,0.2479571431129096,14.630251142465754
10.66895539,14.99,762,5164.0,11.9,0.0,0.0,0.0,0,0,0,0,0,1,0,0.12009302381733275,21.041095890410958
11.91839057,2.37,737,10944.0,29.8,0.0,0.0,0.0,0,0,1,0,0,0,0,0.07296000022459956,11.095890410958905
10.89673933,15.56,697,4552.0,25.6,1.0,0.0,0.0,0,0,1,0,0,0,0,0.0842962959208752,21.70696347123288
10.34817337,11.23,717,1866.0,74.6,0.0,0.0,0.0,0,0,0,0,0,0,0,0.05980769253481646,7.561757991780822
11.23848862,20.42,692,12764.0,44.3,0.0,0.0,1.0,0,0,1,0,0,0,0,0.1679473682981938,11.690525115068494
10.49127422,10.37,697,8301.0,79.8,0.0,0.0,0.0,1,1,0,0,0,0,0,0.23058333274263595,26.964383561643835
12.22587527,7.21,697,28406.0,45.0,0.0,0.0,0.0,0,0,0,0,1,0,0,0.1392450984327716,13.975342465753425
10.4341158,16.41,762,6919.0,26.5,0.0,0.0,0.0,0,0,0,0,0,0,0,0.20350000073225358,8.468607306849314
11.00209984,4.96,752,12564.0,39.3,0.0,0.0,0.0,0,0,1,0,0,0,0,0.20940000025216748,15.627511416438358
10.81977828,17.04,672,4376.0,93.1,2.0,0.0,0.0,0,0,0,0,0,0,0,0.08752000038598802,10.685045663013698
11.00209984,24.8,697,17353.0,45.4,1.0,0.0,0.0,0,0,1,0,0,0,0,0.2892166670149524,36.082191780821915
11.03563132,4.8,752,8903.0,21.4,1.0,0.0,0.0,0,0,1,0,0,0,0,0.14349031427149542,10.027397260273972
11.46163217,2.93,757,6757.0,20.6,1.0,0.0,0.0,0,0,1,0,0,0,0,0.07112631583091743,10.191780821917808
10.26813067,14.25,702,179.0,59.7,2.0,0.0,0.0,0,0,1,0,0,0,0,0.006215277753687595,8.712442923287671
10.30895266,22.68,702,946.0,9.0,1.0,1.0,0.0,0,0,1,0,0,0,0,0.031533333353650043,5.098630136986301
10.30895266,20.04,697,3832.0,66.1,1.0,0.0,0.0,0,0,1,0,0,0,0,0.12773333341563106,4.520662101369863
10.858999,18.62,702,9222.0,34.7,3.0,0.0,1.0,0,0,1,0,0,0,0,0.17734615341406124,13.534360731506851
11.12726298,16.45,727,12658.0,53.4,0.0,0.0,0.0,0,0,1,0,0,0,0,0.18614705959757438,10.520662101369863
10.59663473,17.58,667,1182.0,39.4,0.0,1.0,0.0,0,0,0,0,0,0,0,0.029550000091488973,14.46586758082192
10.66895539,9.82,687,14338.0,34.2,1.0,0.0,0.0,0,0,1,0,0,0,0,0.33344186202418996,17.704223745205482
9.392661929,14.9,757,2234.0,21.6,0.0,0.0,0.0,0,0,0,0,0,0,0,0.18616666662387377,14.898630136986302
11.17043516,8.25,717,30987.0,48.4,1.0,4.0,0.0,0,0,1,0,0,0,0,0.4364366179827988,34.77271690410959
10.77895629,7.95,742,11723.0,34.5,0.0,0.0,0.0,0,0,1,0,0,0,0,0.2442291666398083,10.931506849315069
11.33260191,3.65,782,6955.0,14.6,4.0,0.0,0.0,0,0,0,0,0,0,0,0.0832934132435315,9.131506849315068
11.35040654,18.56,732,15173.0,41.6,2.0,0.0,0.0,0,1,0,0,0,0,0,0.17850588154474753,9.616552512328767
11.72803684,13.73,727,28237.0,59.7,0.0,0.0,0.0,0,0,1,0,0,0,0,0.22771774298006484,13.89041095890411
10.74720759,16.0,662,8856.0,90.0,0.0,3.0,0.0,0,1,0,0,0,0,0,0.19045161320327228,18.493264841095893
10.89673933,16.29,767,4688.0,16.4,0.0,0.0,0.0,0,0,1,0,0,0,0,0.08681481442817728,12.082191780821917
10.28192399,2.38,752,1988.0,13.3,2.0,0.0,0.0,0,0,0,0,0,0,0,0.06808219166211203,15.369977169863015
10.51867319,14.3,672,14726.0,92.6,0.0,0.0,1.0,0,1,0,0,0,0,0,0.3980000006472921,17.671347032876714
10.71441777,19.17,737,11141.0,48.0,1.0,0.0,0.0,0,0,0,0,0,1,0,0.24757777746891363,10.27408675890411
10.91508846,13.9,682,20437.0,73.5,1.0,0.0,0.0,0,0,1,0,0,0,0,0.37158181974789,11.753538813698631
11.153819,11.02,662,16478.0,84.9,0.0,0.0,0.0,0,0,0,0,0,0,0,0.23597307649223614,21.452168950684932
11.51292546,2.68,717,3194.0,5.1,3.0,0.0,0.0,0,0,0,0,0,0,0,0.0319400001587491,10.520662101369863
11.1844214,12.23,747,8185.0,46.0,2.0,0.0,0.0,0,0,1,0,0,0,0,0.11368055532798899,18.739840183561643
10.73639668,22.98,677,7719.0,55.9,0.0,0.0,0.0,0,0,0,0,0,0,0,0.16780434706613995,9.008219178082191
9.61580548,19.04,672,4285.0,62.1,0.0,0.0,0.0,0,0,0,0,0,0,0,0.2856666666907617,5.342579909589041
9.729134165,11.64,677,5166.0,86.1,0.0,1.0,0.0,1,0,0,0,0,0,0,0.3075000001203403,11.178082191780822
12.04355372,10.05,692,22215.0,90.3,0.0,0.0,0.0,0,0,0,0,0,0,0,0.13067647006976316,11.104109589041096
11.15625052,23.09,722,16559.0,31.7,1.0,0.0,0.0,0,0,0,0,0,1,0,0.23655714310115053,22.27408675890411
11.28978191,13.29,737,14462.0,36.1,1.0,0.0,0.0,0,1,0,0,0,0,0,0.1807750006609167,13.89041095890411
9.549665678,14.62,707,5905.0,64.2,1.0,0.0,0.0,0,0,1,0,0,0,0,0.420584045407317,5.75353881369863
10.6454249,19.77,737,15664.0,62.7,2.0,0.0,0.0,0,1,0,0,0,0,0,0.37295237993254465,12.328881279452055
10.30895266,21.16,717,7747.0,61.0,1.0,0.0,0.0,0,0,0,0,0,1,0,0.25823333349971134,6.2465753424657535
11.60823564,8.51,717,20418.0,74.8,0.0,0.0,0.0,0,0,1,0,0,0,0,0.18561818270442568,21.698744293150686
10.59663473,4.2,727,3276.0,42.0,1.0,0.0,0.0,0,0,0,0,0,1,0,0.08190000025356842,8.876712328767123
11.28978191,18.82,757,31503.0,60.6,3.0,0.0,0.0,0,0,0,0,0,0,0,0.3937875014396943,19.561757991780823
10.08580911,3.6,787,1574.0,10.2,1.0,0.0,0.0,0,0,0,0,0,0,0,0.06558333328939794,13.150684931506849
9.648595303,14.55,742,1932.0,24.1,4.0,0.0,0.0,0,1,0,0,0,0,0,0.12464516127877265,5.257648402739726
10.38899537,7.46,762,26110.0,40.4,2.0,0.0,0.0,0,0,0,0,0,1,0,0.8033846140331851,13.479566210958906
10.70126498,22.43,692,10337.0,61.9,0.0,0.0,0.0,0,0,1,0,0,0,0,0.23275240976479913,15.04109589041096
11.50287513,21.9,712,6809.0,42.3,3.0,0.0,0.0,0,0,1,0,0,0,0,0.06877777771702825,8.301484019178082
10.04324949,3.7,667,1103.0,36.8,1.0,0.0,0.0,0,0,0,0,0,0,0,0.04795652197465871,7.972602739726027
10.91508846,10.89,702,15537.0,81.8,0.0,0.0,0.0,0,0,1,0,0,0,0,0.2824909102814976,11.260388128767124
10.77895629,23.63,662,10586.0,63.8,0.0,2.0,0.0,0,0,1,0,0,0,0,0.22054166664241326,16.027397260273972
10.23422911,15.13,682,7886.0,98.6,0.0,0.0,0.0,0,0,0,0,0,1,0,0.28326149551292173,11.835616438356164
10.13062313,1.96,677,1713.0,24.1,0.0,0.0,0.0,0,0,0,0,0,0,0,0.06824701161913731,12.827397260273973
11.00209984,11.2,732,4978.0,99.6,0.0,0.0,0.0,0,0,1,0,0,0,0,0.0829666667665783,12.03013698630137
11.46163217,4.47,732,13855.0,42.5,0.0,0.0,0.0,0,0,1,0,0,0,0,0.1458421053481369,23.016438356164382
10.37349118,17.06,732,8153.0,62.7,1.0,0.0,0.0,0,0,0,0,0,0,0,0.25478125045398536,12.26027397260274
9.392661929,2.4,707,1088.0,51.8,1.0,0.0,0.0,0,0,0,0,0,1,0,0.09066666664582572,3.5343607315068493
11.19821472,10.25,702,8613.0,40.6,0.0,0.0,1.0,1,0,1,0,0,0,0,0.11798630138526363,9.04109589041096
10.40426284,7.49,687,4898.0,17.4,1.0,0.0,0.0,1,0,1,0,0,0,0,0.1484242424908282,5.071232876712329
10.51867319,15.73,672,15353.0,84.4,1.0,0.0,0.0,0,0,1,0,0,0,0,0.41494594662079826,5.342579909589041
11.80559508,0.13,787,6330.0,8.4,1.0,0.0,0.0,0,0,0,0,0,0,1,0.047238805919747745,21.945205479452056
10.93745465,13.93,682,7642.0,94.4,2.0,1.0,1.0,0,0,1,0,0,0,0,0.13587227050894715,11.753538813698631
11.47210347,15.1,667,19257.0,92.6,1.0,0.0,0.0,1,0,1,0,0,0,0,0.20059375009026173,12.657648402739728
10.95080655,12.74,682,21113.0,72.6,2.0,0.0,0.0,0,0,0,0,0,0,0,0.37040350759281987,9.369977169863013
10.71441777,19.29,717,12790.0,49.8,0.0,0.0,0.0,1,0,1,0,0,0,0,0.2842222218676425,8.221917808219178
11.11988288,19.47,727,10861.0,57.5,1.0,0.0,0.0,0,1,0,0,0,0,0,0.16090370319856595,14.054794520547945
11.15625052,24.12,672,18107.0,68.8,2.0,0.0,0.0,0,0,1,0,0,0,0,0.258671428838247,14.712442923287673
11.69524702,13.61,707,22061.0,91.9,1.0,0.0,0.0,0,1,0,0,0,0,0,0.18384166699099702,9.205479452054794
11.22524339,7.86,662,15350.0,84.0,3.0,1.0,0.0,0,0,1,0,0,0,0,0.20466666718210905,7.479566210958904
11.03488966,16.32,752,2526.0,26.3,0.0,0.0,0.0,0,0,0,0,0,0,0,0.040741935647948084,5.835616438356165
11.56171563,11.18,682,1392.0,13.9,1.0,0.0,0.0,0,0,1,0,0,0,0,0.01325714284573721,21.041095890410958
11.8493977,9.21,732,28651.0,92.4,0.0,1.0,0.0,1,0,0,0,0,0,1,0.2046500003256883,16.60285388219178
11.20357022,16.24,707,14153.0,95.6,1.0,0.0,0.0,1,0,0,0,0,0,0,0.19284118099020883,17.095890410958905
10.83958091,8.56,717,13402.0,23.3,1.0,0.0,0.0,0,0,1,0,0,0,0,0.26278431417392173,5.424771690410958
10.91508846,7.85,737,8799.0,47.8,0.0,0.0,0.0,0,0,1,0,0,0,0,0.15998181885607887,7.728881279452055
11.35040654,2.51,737,8497.0,73.2,1.0,0.0,0.0,0,0,0,0,0,0,0,0.0999647054297581,11.671347032876714
11.35040654,0.21,797,365.0,3.7,0.0,0.0,0.0,0,0,0,0,0,0,0,0.004294117627617007,15.205479452054794
10.30895266,4.84,772,9239.0,46.7,0.0,0.0,0.0,0,0,0,0,1,0,0,0.3079666668650875,13.808333334246576
11.49272276,8.33,752,28209.0,58.4,0.0,0.0,0.0,0,0,0,0,0,1,0,0.28784693809984985,20.136986301369863
11.45105006,5.96,802,202.0,1.3,2.0,0.0,0.0,0,0,0,0,0,0,0,0.0021489361729035367,12.493264841095892
12.20607265,0.67,807,0.0,0.0,1.0,0.0,0.0,0,0,0,0,0,1,0,0.0,12.904109589041095
11.50287513,10.04,787,17107.0,35.6,0.0,0.0,0.0,0,0,1,0,0,0,0,0.17279797964535207,18.578196347945205
11.81303006,7.91,747,15864.0,96.9,1.0,0.0,0.0,0,0,0,0,0,0,1,0.11751111080799892,17.30422374520548
10.90595598,13.59,692,19994.0,49.4,0.0,0.0,0.0,1,0,1,0,0,0,0,0.36686238556005146,11.42477169041096
11.00209984,12.8,682,7088.0,63.3,0.0,0.0,1.0,0,0,0,0,0,0,0,0.118133333475594,8.301484019178082
12.61153775,6.77,717,31244.0,20.8,3.0,0.0,0.0,0,1,0,0,0,0,0,0.10414666704558743,10.60285388219178
10.81977828,16.63,697,6873.0,41.9,0.0,0.0,1.0,0,0,0,0,0,0,1,0.1374600006062376,10.359018265753425
11.05089001,15.26,727,33274.0,97.9,2.0,0.0,0.0,0,0,0,0,0,0,1,0.5281587277152935,15.534360731506851
11.05089001,11.77,732,3427.0,16.2,1.0,0.0,0.0,0,0,1,0,0,0,0,0.05439682514516773,14.3836758
9.852194258,12.44,682,10619.0,94.0,3.0,0.0,0.0,0,0,1,0,0,0,0,0.558894736925144,9.287785389041096
12.10071213,0.07,797,0.0,0.0,0.0,0.0,0.0,0,0,0,0,1,0,0,0.0,18.739840183561643
10.96127785,14.33,682,4955.0,88.5,1.0,0.0,0.0,0,0,1,0,0,0,0,0.08602430527029745,11.095890410958905
10.49127422,3.83,697,344.0,34.4,3.0,2.0,0.0,1,0,0,0,0,0,0,0.00955555553107659,9.780936073972603
11.08214255,6.76,757,16223.0,22.9,0.0,0.0,0.0,0,0,1,0,0,0,0,0.24958461510452498,18.986301369863014
10.49127422,22.43,722,10899.0,84.5,0.0,0.0,0.0,1,0,1,0,0,0,0,0.30274999922442947,7.643949772602739
10.81977828,11.09,677,6923.0,65.9,0.0,0.0,0.0,0,0,1,0,0,0,0,0.13846000061064787,8.465867580821918
13.142166,1.3,667,10201.0,65.0,0.0,0.0,0.0,0,1,0,0,0,0,0,0.02000196087833312,5.120547945205479
11.91839057,3.45,792,42863.0,0.0,1.0,0.0,0.0,0,0,1,0,0,0,0,0.2857533342129944,22.60285388219178
11.40756495,11.6,707,35052.0,61.1,3.0,0.0,0.0,0,0,1,0,0,0,0,0.38946666639887045,13.158904109589042
10.46310334,4.22,672,0.0,0.0,1.0,0.0,0.0,0,0,1,0,0,0,0,0.0,4.191780821917808
11.69524702,19.6,747,46882.0,29.6,0.0,0.0,0.0,0,0,0,0,0,0,0,0.3906833340225702,13.972602739726028
11.35040654,4.48,762,86.0,0.2,0.0,0.0,0.0,0,0,1,0,0,0,0,0.0010117647013015414,10.27408675890411
10.40426284,1.42,727,245.0,30.6,1.0,0.0,0.0,0,0,0,0,0,1,0,0.007424242427573073,12.246575342465754
10.59663473,17.82,702,20155.0,59.6,1.0,0.0,0.0,0,0,1,0,0,0,0,0.5038750015600341,18.394634704109592
11.74403719,24.7,727,47360.0,79.9,1.0,0.0,0.0,0,0,0,0,0,0,0,0.3758730143445714,25.315182649315066
9.769773286,3.36,707,1605.0,45.9,0.0,0.0,0.0,0,0,0,0,0,0,0,0.09173105939815226,3.4521689506849316
11.1844214,10.57,687,5634.0,30.5,0.0,0.0,0.0,0,0,0,0,1,0,0,0.07824999984335858,9.219178082191782
11.19821472,21.34,692,17457.0,71.3,0.0,0.0,0.0,0,1,0,0,0,0,0,0.23913698633258415,9.452168950684932
10.08580911,10.81,702,1338.0,38.2,0.0,0.0,0.0,0,0,1,0,0,0,0,0.055749999962652126,8.465867580821918
11.02516511,19.64,692,6486.0,75.4,0.0,0.0,0.0,0,0,1,0,0,0,0,0.10563517958992068,8.301484019178082
11.51292546,20.48,667,88599.0,60.9,3.0,1.0,0.0,0,0,1,0,0,0,0,0.8859900044035728,21.947945205479453
11.04132055,18.5,702,16641.0,44.6,2.0,0.0,0.0,0,0,1,0,0,0,0,0.2666826934697672,7.561757991780822
11.98292909,8.12,772,8062.0,8.1,1.0,0.0,0.0,0,0,0,0,0,0,0,0.05038750021243185,21.123287671232877
11.46163217,16.03,712,33894.0,99.4,0.0,0.0,0.0,0,0,1,0,0,0,0,0.35677894757630835,15.452168950684932
11.91839057,23.44,672,92965.0,61.9,0.0,0.0,0.0,1,0,1,0,0,0,0,0.6197666685745521,9.945205479452055
11.09741002,18.42,682,8403.0,21.5,1.0,1.0,0.0,0,0,0,0,0,0,0,0.1273181819465902,7.972602739726027
11.09741002,2.71,682,3803.0,37.7,0.0,0.0,0.0,0,0,0,0,0,0,0,0.05762121217932673,11.178082191780822
12.20607265,3.02,767,54526.0,25.4,2.0,0.0,0.0,0,0,0,0,0,0,0,0.27262999878139144,15.287785389041098
10.49127422,14.9,762,17905.0,56.0,0.0,0.0,0.0,0,0,0,0,0,0,0,0.49736110983699516,24.334360731506848
11.05089001,12.19,742,762.0,14.1,0.0,0.0,0.0,0,0,0,0,0,1,0,0.01209523803928153,9.04109589041096
10.71441777,4.51,692,9696.0,66.4,0.0,0.0,0.0,0,0,0,0,0,0,1,0.21546666639786252,9.369977169863013
11.77528973,16.35,697,38416.0,59.4,2.0,0.0,0.0,0,0,1,0,0,0,0,0.2955076921415339,15.616552512328768
11.74403719,5.94,787,15427.0,44.7,0.0,0.0,0.0,0,0,0,0,0,1,0,0.12243650743863393,15.534360731506851
11.1078103,23.52,682,16769.0,68.7,1.0,0.0,0.0,0,0,1,0,0,0,0,0.2514469924525159,12.0
11.56171563,17.22,727,48006.0,56.8,2.0,0.0,0.0,0,0,1,0,0,0,0,0.4571999996066527,19.726141553424657
10.91508846,22.49,697,27103.0,80.7,0.0,0.0,0.0,0,0,1,0,0,0,0,0.4927818202587005,8.465867580821918
10.40426284,14.58,687,5763.0,60.7,0.0,0.0,0.0,0,0,1,0,0,0,0,0.17463636371470864,5.424771690410958
11.91839057,7.13,722,14766.0,43.9,0.0,0.0,0.0,0,1,0,0,0,0,0,0.09844000030303701,10.685045663013698
10.91474295,17.26,767,8039.0,34.4,0.0,0.0,0.0,0,1,0,0,0,0,0,0.1462141467031763,10.852054794520548
11.05633547,15.04,697,21850.0,56.2,3.0,0.0,0.0,0,0,1,0,0,0,0,0.3449419042957212,10.10958904109589
10.1266311,7.06,702,3780.0,19.4,3.0,0.0,0.0,0,1,0,0,0,0,0,0.15120000058217095,7.649429224657534
11.03488966,18.29,712,13571.0,30.7,1.0,0.0,0.0,0,0,1,0,0,0,0,0.21888709765570208,8.219178082191782
10.46310334,5.11,717,3878.0,38.8,0.0,0.0,0.0,1,0,0,0,0,0,0,0.11080000005224781,8.301484019178082
10.08580911,10.8,787,663.0,1.7,3.0,0.0,0.0,0,0,1,0,0,0,0,0.027624999981493543,15.123287671232877
10.27505111,23.88,702,5583.0,58.8,2.0,0.0,0.0,0,0,1,0,0,0,0,0.19251724118075025,5.260388128767123
11.26957921,3.6,742,221.0,44.2,5.0,0.0,0.0,0,0,0,0,1,0,0,0.0028188775406990866,22.76997716986301
10.18111929,11.91,697,6202.0,33.7,2.0,1.0,0.0,0,0,1,0,0,0,0,0.2349242422208938,13.808333334246576
11.69524702,14.2,732,19962.0,49.0,1.0,0.0,0.0,0,0,0,0,0,0,0,0.16635000029347186,36.73984019178082
11.21559702,23.54,707,5732.0,79.6,3.0,0.0,0.0,0,0,1,0,0,0,0,0.0771674740712815,10.520662101369863
11.3409502,21.72,712,33313.0,74.4,0.0,0.0,0.0,0,0,1,0,0,0,0,0.39564133025743375,14.3836758
10.77895629,3.13,697,198.0,39.6,1.0,0.0,0.0,1,0,0,0,0,1,0,0.004124999999546366,12.164383561643836
11.23445167,15.46,762,17346.0,18.6,0.0,0.0,0.0,0,0,0,0,0,0,0,0.22916008494645634,15.287785389041098
11.03838355,22.99,742,18728.0,42.1,0.0,0.0,0.0,0,0,0,0,0,0,0,0.3010109786948202,20.005479452054793
10.82087768,16.18,732,12365.0,56.2,3.0,0.0,0.0,0,0,1,0,0,0,0,0.24702826886803633,8.301484019178082
11.40756495,24.16,717,32751.0,62.5,0.0,0.0,0.0,0,0,1,0,0,0,0,0.3638999997497834,10.520662101369863
10.35774282,20.76,722,1792.0,39.8,3.0,0.0,0.0,0,0,0,0,0,0,0,0.0568888891627363,6.082191780821918
10.57131693,20.86,717,9844.0,39.1,0.0,0.0,0.0,0,0,1,0,0,0,0,0.2524102551764204,11.671347032876714
11.36210258,3.42,767,6760.0,12.5,0.0,0.0,0.0,0,0,0,0,0,0,0,0.07860465078829021,24.575456621917805
10.858999,13.64,677,10525.0,80.3,0.0,0.0,0.0,0,0,1,0,0,0,0,0.20240384566070208,7.8083333342465755
9.852194258,24.32,717,2357.0,8.8,1.0,0.0,0.0,0,0,1,0,0,0,0,0.12405263159737871,32.465867589041096
11.00209984,5.36,697,11330.0,68.3,0.0,0.0,0.0,0,0,0,0,0,0,0,0.18883333356073365,5.750799087671233
10.93310697,21.26,697,27292.0,52.7,0.0,0.0,0.0,0,0,1,0,0,0,0,0.4873571427193599,16.027397260273972
10.83958091,16.99,762,737.0,7.8,1.0,0.0,0.0,0,0,0,0,0,1,0,0.014450980416816916,15.287785389041098
11.94470788,19.25,712,143499.0,73.8,1.0,0.0,0.0,0,0,0,0,0,0,1,0.9318116896122803,20.79463470410959
10.20359214,21.56,717,8344.0,42.8,1.0,0.0,0.0,0,0,0,0,0,0,0,0.3090370385780399,6.082191780821918
11.2515607,16.04,677,25573.0,95.4,3.0,0.0,1.0,0,0,1,0,0,0,0,0.33211688339447315,16.520662101369865
11.15665044,0.34,697,218.0,14.5,2.0,0.0,0.0,0,0,0,0,0,0,0,0.0031130405013639604,5.917808219178082
11.51292546,20.5,702,26669.0,62.3,2.0,0.0,0.0,0,0,1,0,0,0,0,0.26669000132551024,10.27408675890411
10.73639581,10.74,727,8075.0,52.8,0.0,0.0,0.0,0,0,1,0,0,0,0,0.17554363018876581,7.643949772602739
10.16585182,15.83,677,9306.0,97.6,0.0,0.0,0.0,1,0,1,0,0,0,0,0.35792307585060296,4.035616438356165
10.27505111,12.58,762,6011.0,33.4,0.0,0.0,0.0,0,0,1,0,0,0,0,0.20727586185518357,11.26027397260274
11.1124479,19.9,752,8392.0,21.7,0.0,0.0,0.0,0,0,1,0,0,0,0,0.12525373113950874,11.506963471232877
10.30895266,21.68,702,15079.0,54.0,1.0,1.0,0.0,0,0,1,0,0,0,0,0.5026333336571766,9.369977169863013
10.34174248,11.26,667,5446.0,70.7,0.0,0.0,0.0,0,0,1,0,0,0,0,0.17567741996396197,4.27408675890411
10.74720759,10.3,777,1490.0,9.6,0.0,0.0,0.0,0,0,0,0,0,0,0,0.03204301080317025,12.580936073972603
10.93310697,12.19,677,9410.0,72.4,0.0,1.0,0.0,0,0,1,0,0,0,0,0.16803571423820815,8.95890410958904
10.71441777,1.92,792,1569.0,2.4,2.0,0.0,0.0,0,0,0,1,0,0,0,0.034866666623168965,17.926027397260274
10.81977828,13.15,697,8230.0,43.3,0.0,0.0,0.0,0,0,0,0,0,1,0,0.16460000072593267,9.452168950684932
10.26813067,15.5,687,9070.0,58.5,2.0,0.0,0.0,0,0,1,0,0,0,0,0.3149305543348966,5.424771690410958
11.35369524,17.58,707,2805.0,14.6,0.0,1.0,0.0,0,0,0,0,0,0,0,0.03289165101214912,16.931506849315067
10.98529272,12.85,732,3210.0,12.7,0.0,0.0,0.0,0,0,1,0,0,0,0,0.0544067798181359,9.53436073150685
10.54534144,20.18,722,21370.0,33.8,1.0,0.0,0.0,0,0,1,0,0,0,0,0.5623684203263458,13.232876712328768
11.1124479,15.17,717,8180.0,49.6,1.0,0.0,0.0,0,0,1,0,0,0,0,0.12208955204017893,23.589155252054795
10.40426284,8.25,687,5745.0,18.4,2.0,1.0,0.0,1,0,1,0,0,0,0,0.17409090916900938,18.17808219178082
10.7938449,16.5,702,20800.0,29.9,2.0,1.0,0.0,0,0,1,0,0,0,0,0.42692939346433906,12.008219178082191
11.22524339,19.65,717,51027.0,41.8,2.0,1.0,0.0,0,1,0,0,0,0,0,0.6803600017134513,19.31518264931507
11.35040654,17.92,732,28824.0,39.2,0.0,0.0,0.0,0,0,0,0,0,1,0,0.3391058808176236,12.493264841095892
11.40756495,11.11,732,7462.0,33.8,3.0,1.0,0.0,0,0,1,0,0,0,0,0.08291111105410166,13.482305936986302
11.22524339,14.64,712,31675.0,64.0,0.0,0.0,0.0,0,0,1,0,0,0,0,0.42233333439695797,12.493264841095892
10.18490001,10.6,717,7154.0,68.8,0.0,0.0,0.0,0,0,0,1,0,0,0,0.26996226468393364,10.520662101369863
11.24373798,15.41,717,18519.0,55.8,0.0,0.0,0.0,0,0,1,0,0,0,0,0.2423952867836158,8.301484019178082
11.51092346,10.16,772,21557.0,26.2,1.0,0.0,0.0,0,0,1,0,0,0,0,0.21600200450472443,12.0
10.71441777,6.64,742,5999.0,19.5,1.0,0.0,0.0,0,0,1,0,0,0,0,0.13331111094479964,6.164383561643835
11.34398597,1.73,752,2403.0,22.0,4.0,0.0,0.0,0,0,0,0,0,0,0,0.02845268535568677,10.320662101369862
11.31447453,13.07,687,28539.0,94.5,0.0,0.0,0.0,1,1,0,0,0,0,0,0.3480365840594601,11.589155252054796
11.31447453,8.25,792,16835.0,15.8,1.0,0.0,0.0,0,0,0,0,1,0,0,0.20530487727814606,23.304109589041097
10.46310334,8.71,702,6907.0,29.3,0.0,0.0,0.0,0,0,1,0,0,0,0,0.1973428572359143,12.411073060273974
11.93314361,9.0,742,7939.0,85.4,1.0,0.0,0.0,0,1,0,0,0,0,0,0.052151569178541045,11.178082191780822
11.81303006,14.09,752,28184.0,43.2,1.0,0.0,0.0,0,1,0,0,0,0,0,0.2087703698318609,27.53436073972603
11.42954386,15.47,722,23251.0,70.7,0.0,0.0,0.0,0,0,1,0,0,0,0,0.2527282598665314,15.638470320547947
12.01974307,17.76,727,72623.0,50.8,1.0,0.0,0.0,0,1,0,0,0,0,0,0.4374879506429334,22.273972602739725
10.93310697,8.61,697,9342.0,43.9,2.0,0.0,0.0,0,0,0,0,0,0,0,0.16682142852426574,5.852054794520548
11.00209984,16.06,687,15548.0,75.1,0.0,0.0,0.0,0,0,0,0,0,0,0,0.2591333336453916,3.6987442931506846
11.00209984,15.28,717,12880.0,61.7,2.0,0.0,0.0,0,0,1,0,0,0,0,0.21466666692517647,7.232876712328767
11.1844214,23.85,737,27801.0,49.4,0.0,0.0,0.0,0,1,0,0,0,0,0,0.3861249992270521,10.438470320547944
10.77895629,10.22,737,9874.0,54.9,1.0,0.0,0.0,0,0,1,0,0,0,0,0.20570833331071117,11.506963471232877
10.59663473,24.33,747,2668.0,14.1,2.0,0.0,0.0,0,0,1,0,0,0,0,0.0667000002065081,7.400114156164383
11.53272809,23.45,712,37642.0,93.9,1.0,0.0,0.0,0,0,1,0,0,0,0,0.3690392165226677,21.701484019178082
10.54534144,9.0,742,59.0,1.5,3.0,0.0,0.0,0,0,1,0,0,0,0,0.001552631576942181,4.438470320547945
10.82697234,18.35,697,12006.0,46.4,0.0,1.0,0.0,0,0,1,0,0,0,0,0.2383987621357049,10.849315068493151
10.42228135,21.23,747,9736.0,16.7,2.0,0.0,0.0,0,0,0,0,1,0,0,0.2897619035887443,12.972602739726028
11.04771035,20.96,707,16327.0,70.1,0.0,0.0,0.0,0,0,1,0,0,0,0,0.25998407707171756,12.657648402739728
10.42228135,11.04,737,1297.0,49.9,2.0,0.0,0.0,0,0,0,1,0,0,0,0.03860119031990565,7.1506849315068495
10.65225864,9.53,737,3184.0,42.5,1.0,0.0,0.0,0,0,1,0,0,0,0,0.0752932271554938,6.657648402739726
11.15625052,16.82,747,19388.0,19.8,0.0,0.0,0.0,0,0,1,0,0,0,0,0.2769714288571234,18.57545662191781
11.69524702,12.41,707,33113.0,97.4,2.0,0.0,0.0,1,0,0,0,0,0,0,0.2759416671534783,12.164383561643836
10.49127422,12.77,687,12326.0,92.7,1.0,0.0,0.0,0,1,0,0,0,0,0,0.34238888801177336,9.780936073972603
11.36789969,15.27,722,9138.0,62.2,0.0,0.0,0.0,0,0,1,0,0,0,0,0.10564161880558028,14.630251142465754
10.07005864,19.61,737,12652.0,66.2,1.0,0.0,0.0,0,1,0,0,0,0,0,0.5355355227780549,8.136986301369863
10.71441777,14.88,717,7968.0,57.7,1.0,0.0,0.0,0,0,1,0,0,0,0,0.1770666664457682,12.246575342465754
11.00209984,18.6,682,16634.0,94.5,0.0,0.0,0.0,0,0,1,0,0,0,0,0.2772333336671883,12.246575342465754
11.22524339,22.18,697,38537.0,88.0,3.0,0.0,0.0,1,0,0,0,0,0,1,0.5138266679607125,8.794634704109589
11.28978191,13.24,687,11375.0,87.2,0.0,0.0,0.0,0,0,1,0,0,0,0,0.1421875005198401,8.136986301369863
11.70354582,21.63,712,13833.0,64.9,2.0,0.0,0.0,0,0,1,0,0,0,0,0.11432231457305468,15.287785389041098
11.33857208,3.41,807,36048.0,61.1,1.0,0.0,0.0,0,0,0,0,0,0,0,0.4291428562096646,20.301484019178083
11.36789969,12.12,712,10354.0,32.0,0.0,0.0,0.0,0,0,1,0,0,0,0,0.11969942231483674,9.698744293150686
10.23995979,23.61,702,2325.0,9.0,2.0,0.0,0.0,0,1,0,0,0,0,0,0.08303571421574346,6.2465753424657535
11.00209984,17.42,697,723.0,16.4,0.0,3.0,0.0,0,0,0,0,0,0,0,0.01205000001451107,15.616552512328768
11.08214255,9.82,787,1944.0,13.6,3.0,0.0,0.0,0,0,1,0,0,0,0,0.02990769227412911,15.227397260273973
11.01862914,10.9,682,3715.0,26.5,1.0,0.0,0.0,0,1,0,0,0,0,0,0.06090163953643428,12.493264841095892
11.40756495,4.95,677,16733.0,70.0,1.0,0.0,0.0,0,0,1,0,0,0,0,0.1859222220943826,11.753538813698631
11.08214255,9.3,742,3543.0,12.8,1.0,0.0,0.0,0,0,0,0,0,0,0,0.05450769224652235,4.238356164383561
10.96819829,9.89,777,3592.0,13.2,1.0,0.0,0.0,0,0,0,0,0,0,0,0.06193103445356162,14.3836758
11.08214255,18.22,687,14878.0,50.8,2.0,0.0,0.0,0,0,1,0,0,0,0,0.22889230743543873,6.304109589041096
11.40756495,13.43,707,22853.0,58.7,1.0,0.0,0.0,0,0,0,0,0,0,0,0.253922222047626,15.369977169863015
9.903487553,20.88,677,9418.0,38.1,0.0,1.0,0.0,1,0,1,0,0,0,0,0.4708999997815628,8.465867580821918
11.19684392,3.29,662,4322.0,86.4,0.0,0.0,4.0,0,0,0,0,0,1,0,0.05928669398274287,19.068493150684933
10.83958091,10.68,727,973.0,14.1,0.0,0.0,1.0,0,0,0,0,0,0,0,0.019078431405105643,11.671347032876714
11.79244935,14.21,692,25262.0,73.7,0.0,0.0,0.0,0,0,1,0,0,0,0,0.19101701317913367,9.123287671232877
10.89673933,24.67,707,14287.0,17.9,1.0,0.0,0.0,0,1,0,0,0,0,0,0.2645740728957698,13.068493150684931
10.58405595,8.87,757,11157.0,45.0,0.0,0.0,0.0,0,1,0,0,0,0,0,0.282455696453695,11.753538813698631
10.6454249,19.63,677,4987.0,56.0,1.0,0.0,0.0,0,0,1,0,0,0,0,0.11873809491340655,17.50696347123288
11.91839057,4.05,772,8213.0,15.1,0.0,0.0,0.0,0,0,0,0,1,0,0,0.05475333350188562,12.904109589041095
10.87804719,16.53,687,9114.0,54.6,0.0,0.0,0.0,0,0,1,0,0,0,0,0.17196226458674027,3.290525115068493
11.42954386,15.69,742,14065.0,38.9,1.0,0.0,0.0,0,0,0,0,0,1,0,0.15288043417585326,13.273972602739725
11.1844214,17.15,717,23572.0,66.6,1.0,0.0,0.0,0,0,0,0,0,0,0,0.3273888882335194,10.10958904109589
10.59663473,14.79,762,1357.0,7.1,0.0,0.0,0.0,0,0,0,1,0,0,0,0.03392500010503429,7.153424657534247
11.73606902,0.0,692,0.0,0.0,0.0,0.0,0.0,1,0,0,0,0,1,0,0.0,6.164383561643835
11.03488966,20.15,682,21370.0,95.4,0.0,0.0,0.0,0,0,0,0,0,0,0,0.3446774207429337,7.068493150684931
11.73606902,12.74,732,26510.0,65.8,0.0,0.0,0.0,0,0,1,0,0,0,0,0.21207999921200354,18.328881279452055
11.14186178,0.2,762,2153.0,23.2,0.0,0.0,0.0,0,0,1,0,0,0,0,0.031202898662412208,19.89041095890411
11.26446411,12.32,757,24413.0,44.7,0.0,0.0,0.0,0,1,0,0,0,0,0,0.31298717813248594,17.671347032876714
10.95080655,22.76,677,24648.0,90.0,2.0,0.0,0.0,0,0,1,0,0,0,0,0.43242105125504776,19.19178082191781
12.10625231,9.18,692,12970.0,74.5,2.0,0.0,0.0,0,0,1,0,0,0,0,0.07165745858130426,16.126027397260273
10.51867319,3.66,742,3508.0,21.1,2.0,0.0,0.0,0,0,0,0,0,0,0,0.09481081096500751,7.479566210958904
10.91508846,21.84,722,23302.0,67.6,2.0,0.0,0.0,0,0,0,0,0,1,0,0.42367272905834186,15.123287671232877
12.27839331,0.41,752,2583.0,15.9,0.0,0.0,0.0,0,0,0,0,1,0,0,0.01201395345364936,12.602853882191782
10.71441777,18.83,692,9961.0,85.9,1.0,0.0,0.0,0,1,0,0,0,0,0,0.2213555552794048,14.219178082191782
10.81977828,24.53,727,20371.0,65.4,0.0,0.0,0.0,0,1,0,0,0,0,0,0.40742000179683774,6.657648402739726
11.35040654,22.63,682,21180.0,96.7,2.0,0.0,0.0,1,0,0,0,0,0,0,0.2491764694600773,10.027397260273972
10.59663473,15.57,742,1801.0,62.1,2.0,0.0,0.0,0,0,0,0,0,1,0,0.04502500013940071,6.4110730602739725
10.04324949,17.06,672,9707.0,46.2,3.0,0.0,0.0,0,0,1,0,0,0,0,0.4220434803336465,3.8958904109589043
11.40756495,22.75,697,42632.0,45.9,3.0,0.0,0.0,0,0,1,0,0,0,0,0.4736888885631817,13.72614155342466
10.83958091,22.38,747,24809.0,62.5,3.0,0.0,0.0,0,0,0,0,0,0,0,0.4864509812222671,28.356278547945205
10.18111929,15.45,722,2429.0,81.0,3.0,0.0,0.0,0,0,0,0,0,0,0,0.0920075756779347,7.1506849315068495
11.19134184,22.23,712,33317.0,44.6,0.0,0.0,0.0,0,0,0,0,1,0,0,0.4595448279734959,13.232876712328768
10.45791849,20.13,722,10887.0,57.3,0.0,0.0,0.0,0,0,1,0,0,0,0,0.31267411589028304,6.082191780821918
11.06663836,18.68,707,15362.0,49.9,3.0,0.0,0.0,0,0,1,0,0,0,0,0.24003125056210717,4.931506849315069
10.95080655,15.26,687,23068.0,84.8,1.0,0.0,0.0,0,0,1,0,0,0,0,0.4047017530976729,12.986301369863014
10.79712359,19.79,697,6035.0,23.9,0.0,0.0,0.0,0,0,1,0,0,0,0,0.12346563058935052,8.3836758
11.3736634,11.24,692,17354.0,38.2,1.0,0.0,0.0,0,0,1,0,0,0,0,0.19947126389640985,21.369977169863017
12.94800999,2.01,702,10572.0,56.2,1.0,0.0,0.0,0,0,1,0,0,0,0,0.02517142857796186,10.027397260273972
11.15625052,6.69,712,12529.0,67.7,0.0,0.0,0.0,0,0,1,0,0,0,0,0.1789857144703373,16.520662101369865
11.14186178,24.52,662,16491.0,99.9,1.0,1.0,0.0,1,0,1,0,0,0,0,0.23900000085547593,10.027397260273972
10.96876709,7.42,762,970.0,5.9,1.0,0.0,0.0,0,0,0,0,0,1,0,0.01671462793839537,6.2465753424657535
11.50287513,19.79,732,21459.0,52.0,0.0,0.0,0.0,0,0,1,0,0,0,0,0.21675757556611974,12.739840183561645
12.28303369,12.04,692,42465.0,63.1,0.0,0.0,0.0,0,0,1,0,0,0,0,0.1965972215668265,16.931506849315067
9.994241916,11.41,692,144.0,28.8,1.0,0.0,0.0,0,0,0,0,0,1,0,0.006575342464468552,14.35353881369863
10.1266311,11.38,677,7634.0,50.9,0.0,0.0,0.0,0,0,0,0,0,1,0,0.3053600011757389,4.027397260273973
11.03488966,16.51,732,22646.0,65.3,1.0,0.0,0.0,0,0,0,0,0,1,0,0.36525806598710703,11.753538813698631
9.472704636,17.54,732,4853.0,68.4,3.0,0.0,0.0,0,0,0,0,0,1,0,0.3733076924733193,5.5069634712328766
11.77528973,19.62,697,61165.0,91.3,0.0,0.0,0.0,0,1,0,0,0,0,0,0.47049999973544665,24.41107306027397
10.62132735,16.42,687,16591.0,15.3,0.0,1.0,0.0,0,0,1,0,0,0,0,0.4046585348398491,18.359018265753427
10.70211124,17.68,702,19484.0,46.5,0.0,0.0,0.0,0,0,1,0,0,0,0,0.43833915354655056,13.31518264931507
11.59910316,15.34,747,10705.0,24.6,2.0,0.0,0.0,0,0,1,0,0,0,0,0.098211009293273,11.26027397260274
10.89673933,21.27,727,19843.0,59.9,0.0,0.0,0.0,0,0,1,0,0,0,0,0.3674629613264338,14.136986301369863
10.54534144,11.24,717,11023.0,68.9,2.0,0.0,0.0,0,0,1,0,0,0,0,0.29007894699379083,10.60285388219178
10.66895539,24.0,697,9170.0,90.8,1.0,0.0,0.0,0,0,1,0,0,0,0,0.2132558149506083,6.4110730602739725
10.46310334,13.71,692,8896.0,54.6,2.0,0.0,0.0,0,0,0,0,0,0,0,0.2541714286912833,16.19178082191781
10.77895629,6.25,682,1730.0,41.2,0.0,1.0,0.0,0,0,0,1,0,0,0,0.036041666662703094,3.41381278630137
11.46163217,10.77,732,10949.0,29.0,0.0,0.0,0.0,0,0,0,0,0,0,0,0.11525263164610255,16.10958904109589
11.47210347,12.85,677,20027.0,44.4,1.0,1.0,0.0,0,0,1,0,0,0,0,0.20861458342720424,17.84394977260274
10.1266311,6.19,717,0.0,0.0,0.0,0.0,0.0,0,0,0,0,0,0,0,0.0,11.342579909589043
10.49127422,14.77,682,2662.0,30.6,1.0,0.0,0.0,0,0,1,0,0,0,0,0.07394444425501709,6.2465753424657535
10.71441777,20.11,712,14949.0,87.9,0.0,0.0,0.0,0,1,0,0,0,0,0,0.3321999995855659,6.4110730602739725
11.09741002,22.98,697,35229.0,95.3,0.0,0.0,0.0,0,0,1,0,0,0,0,0.5337727278110705,12.657648402739728
10.49127422,8.47,662,5618.0,65.3,2.0,0.0,0.0,0,0,0,0,0,0,0,0.15605555515577987,6.545319635616438
10.52406404,9.35,667,4598.0,57.5,0.0,0.0,0.0,1,0,0,0,1,0,0,0.1236021505699239,12.822031964383562
11.2708539,14.14,732,0.0,0.0,1.0,0.0,0.0,0,1,0,0,0,0,0,0.0,8.761757991780822
10.5865844,9.18,682,0.0,0.0,1.0,1.0,0.0,0,0,0,0,0,1,0,0.0,6.904109589041096
10.08580911,5.55,727,4296.0,20.4,0.0,0.0,0.0,1,0,0,0,0,0,0,0.17899999988008486,5.589155252054795
11.15625052,17.04,707,2578.0,25.3,2.0,0.0,0.0,0,0,0,0,1,0,0,0.03682857146655994,6.2465753424657535
11.54248427,16.9,687,66520.0,91.1,0.0,0.0,0.0,0,1,0,0,0,0,0,0.6458252409177396,20.876712328767123
11.23681617,13.36,702,6101.0,68.6,1.0,0.0,0.0,0,0,1,0,0,0,0,0.08041068618760759,13.246575342465754
10.13459927,15.43,687,1359.0,52.3,0.0,0.0,0.0,0,0,1,0,0,0,0,0.05392857161729522,8.021917808219179
11.1844214,18.05,702,35998.0,87.4,0.0,0.0,0.0,1,0,0,0,0,0,1,0.49997222122137414,26.136986301369863
10.46310334,18.65,677,22680.0,76.9,1.0,0.0,0.0,0,0,1,0,0,0,0,0.6480000003055648,10.60285388219178
11.38509209,10.34,677,30435.0,93.6,1.0,0.0,0.0,0,0,0,0,0,1,0,0.3458522739240402,10.438470320547944
11.49272276,19.0,687,14206.0,55.9,2.0,1.0,0.0,0,0,1,0,0,0,0,0.1449591833332081,14.630251142465754
10.32219789,21.0,672,6760.0,85.6,0.0,0.0,0.0,0,0,1,0,0,0,0,0.2223684204732091,4.767237443835616
12.20607265,4.18,737,5663.0,13.2,2.0,1.0,0.0,1,0,0,1,0,0,0,0.028314999873436886,17.42477169041096
9.655026193,11.38,732,5291.0,67.0,0.0,0.0,0.0,0,0,0,1,0,0,0,0.33916666674726254,26.958904109589042
10.6454249,0.44,712,3752.0,42.2,0.0,0.0,0.0,0,0,0,0,0,1,0,0.08933333308905181,11.178082191780822
10.77895629,3.95,717,0.0,0.0,2.0,0.0,0.0,1,0,0,0,0,1,0,0.0,6.657648402739726
10.57928509,21.73,662,12421.0,77.1,0.0,0.0,0.0,0,0,1,0,0,0,0,0.3159595049637739,6.986301369863014
11.88448902,11.27,722,35713.0,60.8,1.0,0.0,0.0,0,1,0,0,0,0,0,0.2462965520696209,9.780936073972603
11.00209984,8.88,687,8502.0,57.4,0.0,0.0,1.0,0,0,1,0,0,0,0,0.14170000017064055,16.356278539726027
11.27720313,4.5,692,1210.0,24.2,0.0,0.0,0.0,0,0,0,0,0,0,0,0.015316455718398502,8.961643835616439
11.22524339,4.46,697,1954.0,26.9,0.0,1.0,0.0,0,0,1,0,0,0,0,0.026053333398947304,9.123287671232877
12.02574909,7.26,757,29740.0,57.2,0.0,0.0,0.0,0,1,0,0,0,0,0,0.1780838325844495,14.301484019178083
10.08580911,10.9,722,9156.0,34.3,1.0,0.0,0.0,1,0,0,0,0,0,0,0.38149999974442667,4.356278539726027
11.69524702,2.35,667,366.0,4.3,0.0,2.0,0.0,0,0,0,0,1,0,0,0.003050000005380758,18.657648402739728
11.81303006,20.51,727,43567.0,76.8,0.0,0.0,0.0,0,0,1,0,0,0,0,0.3227185176860873,20.811073060273973
10.50278658,9.65,662,12392.0,73.8,1.0,0.0,0.0,1,0,0,0,0,0,0,0.34028213457332057,9.698744293150686
11.60823564,5.41,772,4678.0,11.0,2.0,0.0,0.0,0,0,1,0,0,0,0,0.04252727293032145,14.95890410958904
10.83958091,4.8,667,6451.0,97.7,0.0,0.0,0.0,0,0,1,0,0,0,0,0.12649019629428213,7.397374430136987
11.50791292,9.68,717,19466.0,99.3,0.0,0.0,0.0,0,0,1,0,0,0,0,0.1956381915703853,14.301484019178083
11.48246626,13.4,787,80723.0,27.1,0.0,0.0,0.0,0,0,0,0,0,0,0,0.8321958741961193,15.04109589041096
11.47833402,10.2,727,22627.0,47.7,2.0,0.0,0.0,0,0,0,0,1,0,0,0.23423395449833526,13.397374430136987
11.314133,22.82,717,18940.0,72.2,0.0,1.0,0.0,0,0,0,0,0,0,0,0.2310545074611569,10.27408675890411
10.34817337,6.15,682,681.0,52.4,0.0,0.0,0.0,0,0,0,0,0,0,0,0.021826923159812436,3.2877853890410957
11.27720313,13.96,697,26018.0,43.9,0.0,1.0,0.0,0,0,1,0,0,0,0,0.32934177262916714,26.63299086849315
11.40756495,17.6,667,16517.0,31.2,0.0,0.0,0.0,0,0,0,0,0,0,0,0.18352222209603286,19.15068493150685
9.680344001,1.88,677,981.0,65.4,0.0,0.0,0.0,0,0,1,0,0,0,0,0.06131250001360637,3.1232876712328768
10.6454249,10.83,677,5485.0,76.2,1.0,0.0,0.0,1,0,0,0,0,0,1,0.1305952377381261,12.986301369863014
10.91871823,16.13,687,6874.0,48.1,0.0,1.0,0.0,0,0,0,0,0,0,0,0.12452898578932782,18.822031964383562
10.08580911,16.15,712,6940.0,49.7,2.0,0.0,0.0,0,1,0,0,0,0,0,0.28916666647294903,6.904109589041096
10.77895629,11.68,722,303.0,43.3,0.0,1.0,0.0,1,0,0,0,0,0,1,0.006312499999305801,12.591894978082193
10.4341158,9.78,687,9261.0,95.5,0.0,0.0,0.0,0,1,0,0,0,0,0,0.27238235392128923,12.904109589041095
10.30895266,3.16,662,2761.0,83.7,0.0,0.0,0.0,0,0,0,0,0,0,0,0.09203333339262978,3.9452054794520546
10.81977828,21.07,697,11495.0,76.1,1.0,0.0,1.0,1,0,1,0,0,0,0,0.2299000010139242,5.835730594520548
10.97799019,10.14,742,16687.0,72.6,0.0,0.0,0.0,0,1,0,0,0,0,0,0.28490344720406796,9.246575342465754
11.77528973,0.6,667,3100.0,73.8,0.0,0.0,0.0,0,0,1,0,0,0,0,0.0238461538327456,16.273972602739725
10.86856845,9.62,722,12749.0,95.9,0.0,0.0,0.0,0,1,0,0,0,0,0,0.24283809489319602,17.013698630136986
11.03488966,8.65,717,1158.0,10.5,2.0,0.0,0.0,0,0,1,0,0,0,0,0.01867741943005696,9.945205479452055
10.59663473,20.04,717,12586.0,80.7,0.0,0.0,0.0,0,0,1,0,0,0,0,0.3146500009741795,13.348059361643836
11.50069093,14.32,722,31844.0,61.2,1.0,0.0,0.0,0,0,0,0,0,0,0,0.3223598954697246,20.34257990958904
11.08214255,16.82,777,9191.0,19.0,0.0,0.0,0.0,0,0,1,0,0,0,0,0.1413999998413172,10.273972602739725
10.96819829,23.96,687,12598.0,75.0,1.0,0.0,0.0,1,0,0,0,0,0,0,0.21720689644932328,11.013698630136986
10.59663473,22.86,692,2305.0,92.2,1.0,0.0,1.0,0,0,1,0,0,0,0,0.05762500017841123,14.23013698630137
10.76880073,2.32,672,2340.0,38.4,0.0,0.0,0.0,0,0,0,0,0,0,0,0.049247606001689384,3.956164383561644
10.49127422,11.9,707,12487.0,81.1,0.0,0.0,1.0,0,0,1,0,0,0,0,0.34686111022253885,30.904109589041095
10.71441777,6.51,687,5971.0,67.9,1.0,0.0,1.0,0,0,1,0,0,0,0,0.13268888872335366,12.657648402739728
11.40756495,4.93,667,3221.0,27.3,1.0,0.0,0.0,0,0,0,0,1,0,0,0.03578888886428055,4.767237443835616
10.94552949,10.48,782,0.0,0.0,0.0,0.0,0.0,0,0,0,0,0,1,0,0.0,14.79463470410959
11.66134547,18.61,707,44229.0,75.7,0.0,0.0,0.0,0,0,1,0,0,0,0,0.38128448279236477,17.835730594520548
10.30895266,17.0,707,11134.0,28.9,3.0,0.0,0.0,1,0,1,0,0,0,0,0.37113333357245204,6.4110730602739725
9.764225485,0.0,717,0.0,0.0,1.0,0.0,1.0,0,0,0,0,0,0,0,0.0,19.643949772602742
10.62132735,14.84,722,1451.0,31.5,0.0,0.0,0.0,1,0,1,0,0,0,0,0.03539024374978127,9.287785389041096
10.81977828,3.46,757,4771.0,26.8,1.0,0.0,0.0,0,0,0,0,0,0,1,0.09542000042082927,14.136986301369863
12.28303369,14.23,747,59308.0,32.9,2.0,0.0,0.0,0,1,0,0,0,0,0,0.27457407315872706,25.068493150684933
11.47210347,9.26,732,10836.0,63.0,1.0,0.0,0.0,0,0,1,0,0,0,0,0.11287500005079068,19.972602739726028
11.77528973,2.34,662,7261.0,84.4,3.0,0.0,0.0,0,0,1,0,0,0,0,0.05585384612244058,16.10958904109589
11.51292546,3.14,767,3204.0,7.6,0.0,0.0,0.0,0,0,0,0,0,1,0,0.03204000015924612,11.520662101369863
9.574983486,3.33,742,1977.0,23.8,1.0,0.0,0.0,0,0,1,0,0,0,0,0.13729166660682005,6.904109589041096
10.96819829,8.3,717,18339.0,84.2,0.0,0.0,0.0,0,0,1,0,0,0,0,0.31618965502334817,7.479566210958904
11.22765382,18.31,742,26463.0,37.6,0.0,0.0,0.0,0,0,0,0,0,0,0,0.35199052897286004,16.194520547945206
10.87804719,23.55,757,18350.0,29.9,0.0,0.0,0.0,0,0,0,0,0,0,0,0.34622641597176695,17.34257990958904
11.46163217,1.53,732,3818.0,15.6,0.0,0.0,0.0,0,0,0,0,1,0,0,0.04018947370762806,13.808333334246576
10.83170686,15.68,697,3792.0,55.8,1.0,0.0,0.0,0,0,1,0,0,0,0,0.07494071110839742,4.356278539726027
11.1844214,11.68,732,12284.0,20.8,1.0,0.0,0.0,0,0,0,0,0,1,0,0.17061111076958055,7.561757991780822
10.71205943,11.79,717,1773.0,20.9,3.0,1.0,0.0,0,0,0,0,0,0,1,0.039493028199734326,7.726141553424657
9.862665558,12.63,667,5063.0,55.0,0.0,0.0,0.0,0,0,1,0,0,0,0,0.2636979166708524,4.273972602739726
11.04132055,23.42,692,55809.0,89.3,1.0,0.0,0.0,0,0,0,0,0,0,1,0.8943750038972561,16.520662101369865
11.15625052,11.49,747,9574.0,36.0,4.0,0.0,0.0,0,0,0,0,0,0,0,0.13677142871250772,8.876712328767123
11.00209984,2.82,687,4361.0,58.9,2.0,2.0,0.0,0,0,0,0,0,1,0,0.07268333342086138,9.29326484109589
11.73606902,14.96,737,8443.0,43.7,0.0,0.0,0.0,1,0,1,0,0,0,0,0.06754399974903606,23.26027397260274
10.95080655,7.73,687,0.0,0.0,0.0,1.0,2.0,0,0,0,0,0,0,0,0.0,12.822031964383562
11.81303006,20.88,682,13018.0,68.4,0.0,0.0,1.0,0,0,0,0,0,0,0,0.09642962938089573,29.095890410958905
10.49127422,18.9,662,6968.0,60.1,0.0,0.0,1.0,0,0,0,0,0,0,0,0.19355555505971417,22.931506849315067
10.98529272,0.63,697,11279.0,19.5,1.0,1.0,0.0,0,0,1,0,0,0,0,0.19116949207749373,13.397374430136987
10.26813067,20.04,702,438.0,17.5,0.0,0.0,0.0,0,0,0,0,0,0,0,0.015208333274386405,5.671347032876712
12.10071213,13.96,687,16960.0,90.7,1.0,0.0,1.0,1,0,1,0,0,0,0,0.09422222221019454,26.30148401917808
10.1266311,0.96,702,66.0,0.5,2.0,0.0,1.0,0,0,0,1,0,0,0,0.0026400000101648897,8.794634704109589
12.36734079,7.28,672,28897.0,46.9,1.0,1.0,0.0,1,0,1,0,0,0,0,0.12296595783123648,18.0
10.59663473,9.36,697,4498.0,73.7,3.0,0.0,0.0,0,0,1,0,0,0,0,0.11245000034815346,13.482305936986302
10.46310334,12.75,712,6.0,1.5,0.0,0.0,0.0,0,0,0,0,0,0,0,0.00017142857150940867,9.452168950684932
10.35469055,11.58,737,2493.0,9.9,2.0,0.0,0.0,0,0,1,0,0,0,0,0.07938479193029985,5.674086758904109
10.71441777,7.92,757,8647.0,26.2,1.0,0.0,0.0,0,0,1,0,0,0,0,0.19215555531583306,23.67134703287671
11.3736634,22.83,737,42752.0,39.2,3.0,0.0,0.0,0,1,0,0,0,0,0,0.491402297689254,20.136986301369863
9.952277717,21.52,752,564.0,7.6,0.0,0.0,0.0,0,0,0,0,0,0,0,0.026857142849235058,4.624771690410959
11.08214255,20.05,757,4384.0,19.2,3.0,0.0,0.0,0,1,0,0,0,0,0,0.067446153770464,7.972602739726027
11.22524339,17.56,682,17233.0,91.2,0.0,0.0,0.0,0,0,0,1,0,0,0,0.22977333391200555,15.29041095890411
11.3736634,14.95,732,33403.0,40.4,2.0,0.0,0.0,0,1,0,0,0,0,0,0.3839425278282689,14.876712328767123
10.2791805,9.68,697,6659.0,80.2,0.0,0.0,1.0,0,0,1,0,0,0,0,0.22867445107783066,11.753538813698631
11.8493977,11.07,677,4954.0,82.2,1.0,0.0,1.0,0,0,1,0,0,0,0,0.03538571434202854,15.616552512328768
10.50506754,23.84,677,2207.0,45.0,1.0,0.0,0.0,0,0,1,0,0,0,0,0.06046575339869246,3.863013698630137
11.17043516,15.75,692,24322.0,95.0,1.0,0.0,0.0,1,0,1,0,0,0,0,0.34256337891947053,11.178082191780822
11.15625052,9.09,747,2205.0,24.5,3.0,0.0,0.0,1,0,0,0,0,0,0,0.03150000003249211,11.42477169041096
10.87426647,7.36,662,10973.0,87.8,0.0,1.0,0.0,1,0,0,0,1,0,0,0.20782196963344945,13.068493150684931
10.79548559,17.61,712,28261.0,70.0,3.0,0.0,0.0,0,0,1,0,0,0,0,0.5791188535253122,9.123287671232877
11.81303006,19.29,687,24341.0,87.2,1.0,0.0,1.0,0,0,1,0,0,0,0,0.18030370323862213,40.1945205479452
11.63691144,0.28,797,633.0,1.1,0.0,0.0,0.0,0,0,0,0,0,0,0,0.005591872818087648,19.232876712328768
10.80559822,16.89,727,11665.0,51.6,0.0,0.0,0.0,0,0,0,0,0,0,0,0.2366317755955286,16.19178082191781
10.51053203,21.02,732,9184.0,21.2,0.0,0.0,0.0,0,1,0,0,0,0,0,0.25024523261928616,23.679566210958903
10.60757467,22.91,687,13778.0,72.1,0.0,0.0,0.0,0,0,1,0,0,0,0,0.3407022760431718,7.238356164383561
10.95080655,8.97,757,13150.0,50.0,1.0,0.0,0.0,0,0,1,0,0,0,0,0.23070175365156922,10.356278539726027
10.37349118,11.93,767,13405.0,27.0,0.0,0.0,0.0,0,1,0,0,0,0,0,0.41890625074643373,9.863013698630137
10.71441777,17.23,707,10696.0,24.5,3.0,0.0,0.0,0,1,0,0,0,0,0,0.23768888859236156,11.753538813698631
10.79259207,6.83,722,14058.0,73.6,1.0,0.0,0.0,0,0,0,0,0,0,0,0.28890852534689887,14.391894978082194
11.65268741,6.25,777,12345.0,17.4,1.0,0.0,0.0,0,1,0,0,0,0,0,0.10734782580198955,14.136986301369863
10.71441777,8.83,727,12142.0,62.3,0.0,0.0,0.0,1,1,0,0,0,0,0,0.26982222188560717,9.471347032876713
11.03488966,6.85,757,8793.0,24.1,4.0,0.0,0.0,1,1,0,0,0,0,0,0.14182258121631333,10.526141553424658
11.22524339,5.54,722,10387.0,59.7,0.0,0.0,0.0,0,0,1,0,0,0,0,0.1384933336821216,12.252054794520548
10.91508846,6.37,687,10039.0,69.2,0.0,0.0,0.0,0,0,1,0,0,0,0,0.18252727349655368,8.95890410958904
10.80992995,11.96,752,0.0,0.0,0.0,0.0,0.0,0,0,0,0,0,0,0,0.0,16.043835616438358
10.77895629,8.4,682,9168.0,77.7,1.0,0.0,0.0,0,1,0,0,0,0,0,0.19099999997899533,10.273972602739725
13.30468493,4.61,732,12997.0,65.7,0.0,0.0,0.0,0,0,0,0,0,0,1,0.021661666757608472,20.383675800000002
10.91508846,7.77,687,10375.0,83.7,0.0,0.0,0.0,0,0,0,0,0,1,0,0.188636364431392,11.589155252054796
10.55330961,15.29,747,15631.0,24.6,0.0,0.0,0.0,0,0,1,0,0,0,0,0.40807748470993144,10.356278539726027
11.69524702,14.78,767,73708.0,25.5,0.0,0.0,0.0,0,0,0,0,0,0,0,0.6142333344169534,23.506963471232876
10.42228135,16.82,712,8169.0,64.8,0.0,0.0,0.0,0,0,1,0,0,0,0,0.24312499901565862,4.849429224657534
10.57131693,22.65,742,24455.0,52.9,2.0,0.0,0.0,1,0,1,0,0,0,0,0.6270512789861196,7.479566210958904
11.14186178,17.57,682,26364.0,57.8,0.0,0.0,0.0,0,0,1,0,0,0,0,0.38208695788938013,8.550799087671233
11.35040654,18.49,682,10979.0,86.4,3.0,0.0,0.0,1,0,1,0,0,0,0,0.12916470529755375,25.479566210958904
11.08214255,20.77,667,9710.0,58.1,2.0,0.0,0.0,0,0,0,0,0,0,1,0.14938461521697205,11.013698630136986
11.41861479,22.59,727,44808.0,65.8,0.0,0.0,0.0,0,1,0,0,0,0,0,0.49239560217932565,12.739840183561645
11.04292184,15.27,722,6485.0,37.5,2.0,0.0,0.0,0,0,1,0,0,0,0,0.10375999955637338,12.328881279452055
10.62132735,16.8,747,6238.0,14.9,1.0,0.0,0.0,0,0,0,0,0,1,0,0.15214634080712305,18.493264841095893
10.49127422,15.27,792,4249.0,21.4,0.0,0.0,0.0,0,0,0,1,0,0,0,0.11802777747541984,20.958904109589042
12.61153775,16.16,692,89620.0,76.6,0.0,0.0,0.0,0,0,1,0,0,0,0,0.29873333442022615,22.52066210136986
11.51292546,4.12,757,8361.0,12.1,0.0,0.0,0.0,0,0,1,0,0,0,0,0.0836100004155608,18.493264841095893
10.73639668,23.77,717,14685.0,89.8,0.0,0.0,0.0,0,0,1,0,0,0,0,0.31923912898902257,14.545319635616439
11.010316,13.43,762,7537.0,23.1,0.0,0.0,0.0,0,0,0,0,0,0,0,0.12458880849108085,10.10958904109589
10.85321306,17.8,772,6294.0,33.5,0.0,0.0,0.0,0,0,1,0,0,0,0,0.12174081243955708,22.849429224657534
10.53049493,14.36,702,4836.0,62.8,0.0,0.0,0.0,0,0,0,0,0,0,1,0.12916666674307245,9.698744293150686
10.16585182,1.85,757,1495.0,49.8,0.0,0.0,0.0,0,0,0,0,0,0,0,0.05749999982770808,12.657648402739728
10.62132735,24.64,722,10836.0,63.0,3.0,0.0,0.0,0,1,0,0,0,0,0,0.2642926817867883,16.273972602739725
12.1281111,11.07,727,5567.0,20.9,0.0,0.0,0.0,0,0,0,0,0,0,1,0.030091892014078876,12.180821917808219
10.75790288,20.5,702,8027.0,62.7,0.0,0.0,0.0,0,0,0,0,0,1,0,0.17078723416077143,14.054794520547945
9.574983486,6.33,687,1578.0,68.6,0.0,0.0,0.0,1,0,1,0,0,0,0,0.10958333328556501,4.191780821917808
10.81977828,6.1,742,7315.0,27.4,1.0,0.0,0.0,0,0,1,0,0,0,0,0.1463000006452245,9.205479452054794
12.20607265,7.98,712,34804.0,79.6,0.0,0.0,0.0,0,1,0,0,0,0,0,0.17401999922216094,17.34257990958904
11.00209984,6.52,682,14281.0,65.2,0.0,0.0,0.0,0,0,0,0,0,0,0,0.23801666695329543,4.602853882191781
10.59663473,5.16,757,1117.0,2.6,3.0,0.0,0.0,0,0,0,1,0,0,0,0.027925000086457853,12.342579909589043
10.49127422,24.4,742,9752.0,55.7,0.0,0.0,0.0,0,0,1,0,0,0,0,0.27088888819493867,8.548059361643835
11.55214618,11.88,687,9637.0,46.7,0.0,0.0,0.0,0,0,1,0,0,0,0,0.09266346136457952,9.945205479452055
10.79957558,17.88,737,5947.0,14.0,1.0,0.0,0.0,0,0,0,0,0,0,1,0.12136734658593185,21.041095890410958
11.22524339,0.64,677,1161.0,23.7,0.0,0.0,0.0,0,0,1,0,0,0,0,0.015480000038985578,10.438470320547944
11.08214255,13.22,757,4137.0,24.6,0.0,0.0,0.0,0,0,0,0,0,0,0,0.06364615377472846,7.397374430136987
11.9871063,5.27,707,7351.0,94.2,1.0,0.0,0.0,0,0,0,0,0,0,0,0.04575223378156858,19.726141553424657
11.47210347,2.51,697,10051.0,41.0,1.0,0.0,0.0,0,0,1,0,0,0,0,0.10469791671377789,9.293150684931506
10.3859137,0.37,807,55.0,0.2,6.0,0.0,0.0,0,0,0,0,0,0,0,0.0016975308672198507,32.136986301369866
10.86475165,3.76,742,2642.0,64.4,0.0,0.0,0.0,0,0,0,0,0,0,0,0.05051625239273542,13.64394977260274
12.4292162,4.95,757,13020.0,25.4,1.0,0.0,0.0,0,0,1,0,0,0,0,0.05207999983565545,12.706963471232879
10.71441777,17.28,692,6292.0,71.5,0.0,0.0,0.0,0,0,1,0,0,0,0,0.13982222204778785,6.575456621917808
11.13675106,12.27,722,5502.0,36.7,1.0,0.0,0.0,0,0,0,0,0,1,0,0.0801476982381511,5.917808219178082
11.09741002,4.33,782,6449.0,12.5,2.0,0.0,0.0,0,0,1,0,0,0,0,0.09771212131067003,33.863013698630134
11.28978191,23.1,722,34377.0,58.5,0.0,0.0,0.0,0,1,0,0,0,0,0,0.42971250157103674,14.548059361643837
10.69194491,17.13,697,12430.0,46.6,1.0,0.0,0.0,0,0,0,0,0,0,0,0.2825000008193625,6.2465753424657535
10.83958091,8.59,672,6907.0,92.1,0.0,2.0,0.0,1,0,0,0,0,1,0,0.13543137278012815,4.520662101369863
10.08580911,18.2,697,1060.0,42.4,3.0,0.0,0.0,0,0,1,0,0,0,0,0.04416666663707867,9.945205479452055
10.51867319,12.16,722,13871.0,70.1,0.0,0.0,0.0,0,0,1,0,0,0,0,0.3748918925016018,12.986301369863014
11.46163217,21.68,702,44135.0,54.2,0.0,0.0,0.0,0,0,1,0,0,0,0,0.46457894763912105,12.493264841095892
10.71441777,12.48,682,4719.0,77.4,1.0,0.0,0.0,0,0,1,0,0,0,0,0.1048666665358409,19.31518264931507
10.62132735,10.6,732,11250.0,17.9,2.0,1.0,0.0,0,0,0,0,0,0,0,0.27439024271884166,21.205479452054796
10.75790288,2.04,687,1319.0,44.0,1.0,1.0,0.0,0,0,1,0,0,0,0,0.028063829806659717,10.767237443835617
11.47210347,16.1,712,2595.0,32.0,0.0,0.0,0.0,0,0,1,0,0,0,0,0.02703125001216333,11.835730594520548
9.862665558,2.63,692,1586.0,61.0,1.0,0.0,0.0,0,0,0,0,0,0,0,0.08260416666797786,4.356278539726027
12.07254125,10.65,717,31973.0,74.4,0.0,0.0,0.0,0,0,1,0,0,0,0,0.18270285767372782,10.520662101369863
11.41861479,3.98,707,12797.0,30.2,3.0,0.0,0.0,0,0,0,0,0,0,0,0.14062637299341257,11.016438356164384
11.69524702,3.6,727,9466.0,27.4,1.0,0.0,0.0,0,0,0,0,0,0,1,0.07888333347249797,25.068493150684933
10.81977828,13.66,752,25444.0,42.4,1.0,0.0,0.0,0,1,0,0,0,0,0,0.5088800022443051,15.04109589041096
10.59232546,15.97,722,15142.0,62.6,0.0,0.0,0.0,0,0,1,0,0,0,0,0.38018479519016174,12.164383561643836
11.49406879,24.24,707,29618.0,78.1,0.0,0.0,0.0,0,0,0,0,0,0,0,0.30181795951934015,24.175342465753424
10.30895266,5.4,752,5270.0,24.3,0.0,0.0,0.0,0,0,0,0,0,0,0,0.17566666677984752,7.1506849315068495
12.03171926,5.39,712,20894.0,51.5,0.0,0.0,1.0,0,0,0,0,0,0,0,0.12436904741824097,15.219178082191782
10.16585182,17.12,692,14152.0,71.7,0.0,0.0,0.0,1,0,1,0,0,0,0,0.544307690676739,19.073972602739726
11.13276254,21.13,717,32628.0,61.8,2.0,0.0,0.0,0,0,0,1,0,0,0,0.4771919559927443,11.671347032876714
11.00209984,17.52,727,21070.0,32.4,0.0,0.0,0.0,0,0,1,0,0,0,0,0.35116666708955496,10.685045663013698
11.27720313,24.67,712,46373.0,76.8,0.0,0.0,0.0,0,0,1,0,0,0,0,0.587000000850656,12.0
10.46310334,11.59,717,778.0,43.2,1.0,0.0,0.0,0,0,1,0,0,0,0,0.022228571439053327,10.112328767123287
10.51867319,20.04,737,15460.0,60.6,0.0,0.0,0.0,0,1,0,0,0,0,0,0.4178378385173934,10.605593608219179
11.82217332,8.75,782,16224.0,38.3,1.0,0.0,0.0,0,0,1,0,0,0,0,0.11908396891030919,25.315182649315066
11.16194854,19.72,762,9368.0,30.2,3.0,0.0,0.0,0,0,1,0,0,0,0,0.13306818210376406,11.26849315068493
11.46163217,15.92,672,17830.0,78.9,0.0,0.0,0.0,0,0,1,0,0,0,0,0.18768421063567528,7.972602739726027
11.26446411,16.15,697,3466.0,25.1,3.0,0.0,0.0,0,0,1,0,0,0,0,0.0444358972435668,6.575456621917808
10.858999,11.15,672,8340.0,24.2,2.0,0.0,0.0,0,0,1,0,0,0,0,0.16038461499384848,15.205479452054794
10.59663473,19.83,777,12308.0,22.8,0.0,0.0,0.0,0,0,1,0,0,0,0,0.3077000009526618,31.15068493150685
11.05089001,8.57,752,2483.0,27.6,3.0,0.0,0.0,0,0,0,0,0,1,0,0.03941269823036226,15.797374430136987
10.71441777,1.79,682,1298.0,81.1,0.0,0.0,0.0,0,0,0,0,0,0,0,0.02884444440845973,3.3699771698630134
10.66895539,13.87,752,18183.0,33.2,1.0,0.0,0.0,0,1,0,0,0,0,0,0.4228604670934472,10.687785389041096
11.2708539,14.97,782,13925.0,15.7,0.0,0.0,0.0,0,0,0,0,0,0,1,0.1773885357006905,24.246575342465754
11.58988651,1.44,757,4165.0,61.2,2.0,0.0,0.0,0,0,0,0,0,0,0,0.03856481466465721,9.61381278630137
10.16585182,10.71,687,8797.0,41.9,1.0,0.0,0.0,0,0,0,0,1,0,0,0.33834615283233976,8.794634704109589
9.998797732,10.36,662,2176.0,53.1,1.0,0.0,0.0,0,0,0,0,0,0,0,0.0989090909427648,5.013698630136986
11.5242412,18.91,702,19427.0,51.1,2.0,0.0,0.0,0,1,0,0,0,0,0,0.19208408310868655,13.72614155342466
11.91839057,12.49,737,39636.0,99.0,0.0,0.0,0.0,0,0,1,0,0,0,0,0.2642400008134346,18.0
11.15910359,6.31,747,5413.0,20.0,1.0,0.0,0.0,0,0,0,0,0,0,0,0.07710826210933404,11.671347032876714
11.79810441,12.48,692,18159.0,96.6,3.0,0.0,0.0,1,0,1,0,0,0,0,0.13653383420470258,18.164383561643834
10.59663473,14.58,682,4112.0,45.2,0.0,0.0,0.0,1,0,0,0,0,0,0,0.10280000031827635,8.876826484931506
11.1844214,15.45,662,9317.0,61.7,2.0,0.0,0.0,0,0,0,0,0,0,0,0.12940277751873835,7.161643835616438
11.51292546,12.7,687,36174.0,78.0,0.0,0.0,0.0,0,1,0,0,0,0,0,0.3617400017979305,6.904109589041096
10.68464561,15.27,667,5472.0,97.7,0.0,0.0,1.0,0,0,1,0,0,0,0,0.12527472532718859,10.191780821917808
11.01862914,3.52,752,639.0,2.7,3.0,0.0,0.0,0,0,0,0,0,0,1,0.01047540986912019,8.3836758
11.28978191,6.57,752,8754.0,17.3,3.0,0.0,0.0,0,0,1,0,0,0,0,0.1094250004000598,16.438470320547946
10.858999,14.54,777,1498.0,2.7,2.0,0.0,0.0,0,0,0,1,0,0,0,0.028807692237504203,9.287671232876713
11.22390917,14.18,782,5256.0,15.6,2.0,0.0,0.0,0,0,0,0,0,0,0,0.07017356471828987,19.64668949863014
11.51292546,9.55,727,18096.0,68.3,0.0,0.0,0.0,0,1,0,0,0,0,0,0.18096000089941255,8.219178082191782
11.00209984,3.08,707,2823.0,65.7,3.0,0.0,0.0,1,0,0,0,0,0,0,0.04705000005665941,3.2054794520547945
10.84848235,15.0,712,5553.0,32.1,2.0,0.0,0.0,0,0,0,0,0,0,0,0.10791744430381416,6.986301369863014
11.41861479,9.61,792,4176.0,8.8,0.0,0.0,0.0,0,0,0,0,0,0,1,0.04589010968355794,15.616552512328768
11.22364211,19.7,777,9411.0,20.3,0.0,0.0,0.0,0,0,1,0,0,0,0,0.1256810898883082,14.46586758082192
10.81977828,15.18,737,31725.0,32.8,0.0,0.0,0.0,0,1,0,0,0,0,0,0.634500002798325,48.26301369863014
11.07906088,23.96,697,14441.0,87.0,0.0,0.0,0.0,0,0,1,0,0,0,0,0.22285493879316706,38.3013698630137
11.13225053,12.13,737,19596.0,43.8,0.0,0.0,0.0,0,0,1,0,0,0,0,0.28674275556241235,14.79463470410959
11.1983243,18.85,707,31992.0,75.5,0.0,0.0,0.0,0,0,1,0,0,0,0,0.4381985549710245,16.76723744383562
10.30895266,7.76,687,1967.0,18.2,0.0,1.0,0.0,0,0,0,0,0,1,0,0.06556666670891083,12.739840183561645
11.00209984,10.18,752,17028.0,11.7,1.0,0.0,0.0,0,0,0,0,1,0,0,0.2838000003417628,27.45216895890411
10.30895266,9.8,697,1702.0,24.3,0.0,0.0,0.0,0,1,0,0,0,0,0,0.05673333336988624,3.4631278547945206
11.30220443,7.36,797,1386.0,9.0,1.0,0.0,0.0,0,0,0,0,0,0,0,0.017111111173644968,33.38093608219178
11.58058411,16.63,687,9431.0,87.3,2.0,0.0,0.0,0,0,1,0,0,0,0,0.08814018721944644,11.42477169041096
10.22194128,5.76,707,4423.0,40.2,1.0,0.0,0.0,1,1,0,0,0,0,0,0.1608363642241664,9.945205479452055
10.36722157,23.07,672,9640.0,87.6,0.0,0.0,0.0,1,0,1,0,0,0,0,0.30314465371465743,4.079452054794521
12.46843691,12.58,687,38910.0,93.3,2.0,0.0,0.0,0,0,1,0,0,0,0,0.14965384615349675,26.465867580821918
11.2515607,2.38,772,3947.0,7.6,0.0,0.0,0.0,0,1,0,0,0,0,0,0.05125974030258419,9.616552512328767
11.54482134,14.44,727,18111.0,69.1,0.0,0.0,0.0,0,0,1,0,0,0,0,0.17542449219944703,15.698744293150686
11.33413367,19.23,677,18533.0,90.4,0.0,0.0,0.0,0,1,0,0,0,0,0,0.2216123789009791,16.19178082191781
10.858999,2.47,717,3187.0,37.1,0.0,0.0,0.0,0,1,0,0,0,0,0,0.06128846138913611,6.5288812794520545
12.04355372,24.52,687,11011.0,88.1,2.0,0.0,0.0,0,0,1,0,0,0,0,0.06477058797831024,9.531621005479453
10.7480872,8.87,677,13222.0,91.8,1.0,0.0,1.0,0,0,1,0,0,0,0,0.28409408453579466,7.726141553424657
10.75790288,4.98,747,4482.0,19.4,0.0,0.0,0.0,0,0,1,0,0,0,0,0.09536170219366857,8.054794520547945
11.3736634,10.62,712,19002.0,53.1,0.0,0.0,0.0,0,0,1,0,0,0,0,0.21841379258727553,11.589155252054796
11.1844214,17.82,712,21367.0,77.1,1.0,0.0,0.0,1,0,0,0,0,0,1,0.29676388829482475,24.986301369863014
11.56171563,4.97,792,0.0,0.0,0.0,0.0,0.0,0,0,1,0,0,0,0,0.0,17.50696347123288
10.30895266,9.0,672,7130.0,55.3,1.0,0.0,0.0,0,0,0,0,0,0,0,0.23766666681979368,3.865867580821918
10.9273763,14.78,677,14360.0,48.2,1.0,0.0,0.0,0,0,1,0,0,0,0,0.257902297563204,10.520662101369863
11.00209984,16.26,672,2276.0,73.4,0.0,0.0,0.0,0,0,1,0,0,0,0,0.037933333379014104,21.698744293150686
11.15625052,14.37,752,8976.0,20.8,1.0,0.0,0.0,0,0,1,0,0,0,0,0.12822857156083864,17.17808219178082
10.858999,11.28,722,16062.0,57.4,1.0,0.0,0.0,0,0,0,0,0,1,0,0.3088846146320377,7.3151826493150685
11.22524339,1.86,707,4372.0,48.0,0.0,0.0,0.0,0,0,0,0,0,0,0,0.058293333480142075,3.3699771698630134
10.59663473,18.33,797,982.0,1.8,0.0,0.0,0.0,0,0,0,0,0,1,0,0.024550000076008605,17.013698630136986
10.54534144,15.98,682,1446.0,13.5,1.0,1.0,0.0,0,0,1,0,0,0,0,0.03805263152980328,6.493264841095891
10.04324949,21.23,687,6867.0,41.6,0.0,0.0,0.0,0,0,1,0,0,0,0,0.29856521885764403,7.561757991780822
10.46310334,8.91,692,12509.0,37.1,2.0,1.0,0.0,1,0,0,0,0,0,0,0.3574000001685322,16.6850456630137
11.00209984,6.26,727,14373.0,88.2,0.0,0.0,0.0,0,0,0,0,0,0,1,0.23955000028847526,8.712442923287671
10.30895266,8.6,752,6268.0,22.0,0.0,0.0,0.0,0,0,0,0,0,0,0,0.20893333346794765,6.909589041095891
11.41861479,15.93,762,8226.0,18.1,0.0,0.0,0.0,0,0,1,0,0,0,0,0.09039560398873266,15.457648402739727
12.4292162,14.91,677,8847.0,36.9,1.0,0.0,0.0,0,0,0,0,0,1,0,0.03538799988832901,14.126027397260273
11.04132055,12.75,737,11757.0,42.6,0.0,0.0,0.0,0,1,0,0,0,0,0,0.18841346235947679,14.136986301369863
11.10043574,17.67,737,10033.0,21.7,1.0,0.0,0.0,0,0,1,0,0,0,0,0.1515558915304309,8.479566210958904
11.01862914,15.76,682,8076.0,79.2,1.0,0.0,0.0,1,0,0,0,0,0,0,0.13239344304071152,14.630251142465754
11.00209984,15.64,702,14636.0,71.4,0.0,0.0,0.0,0,1,0,0,0,0,0,0.24393333362708716,6.328881279452054
11.03488966,14.83,707,0.0,26.32,0.0,0.0,0.0,0,0,1,0,0,0,0,0.0,8.301369863013699
11.1844214,10.75,722,2561.0,17.3,0.0,0.0,0.0,0,0,1,0,0,0,0,0.03556944437324127,19.561757991780823
11.91839057,7.66,787,8315.0,23.7,0.0,0.0,0.0,0,0,1,0,0,0,0,0.05543333350397892,18.739840183561643
10.63364146,18.99,672,6281.0,62.8,3.0,0.0,0.0,0,0,1,0,0,0,0,0.15132022723313068,21.041095890410958
10.50506754,18.38,732,12849.0,45.6,0.0,0.0,0.0,0,1,0,0,0,0,0,0.35202739710910713,9.2986301369863
10.59763423,19.12,717,10625.0,65.6,0.0,0.0,0.0,1,0,0,0,0,0,0,0.26535964126960004,4.517922375342466
10.77895629,13.18,702,12844.0,54.0,1.0,0.0,1.0,0,0,1,0,0,0,0,0.26758333330390666,24.41107306027397
10.59663473,11.31,697,12942.0,67.1,0.0,0.0,0.0,0,1,0,0,0,0,0,0.3235500010017346,15.205479452054794
11.03135115,17.15,762,23065.0,51.1,4.0,0.0,0.0,0,1,0,0,0,0,0,0.3733348450948574,28.931506849315067
10.76848499,11.7,737,9205.0,52.0,0.0,0.0,0.0,0,0,1,0,0,0,0,0.19378947368861602,9.287671232876713
11.21182037,4.41,712,12585.0,38.8,1.0,0.0,0.0,0,0,1,0,0,0,0,0.17006756793938746,10.52340182739726
11.48246626,18.15,707,22542.0,41.7,1.0,1.0,0.0,0,0,1,0,0,0,0,0.232391751992975,18.328881279452055
10.16585182,14.4,747,16738.0,90.3,1.0,0.0,0.0,0,0,0,0,0,1,0,0.6437692288402528,11.835730594520548
11.09968017,22.75,707,26146.0,76.2,0.0,0.0,0.0,0,0,1,0,0,0,0,0.3952532122154794,10.273972602739725
10.90888746,19.39,762,18667.0,20.3,1.0,0.0,0.0,0,0,1,0,0,0,0,0.3415111597206656,34.937100465753424
12.7367009,11.99,752,5011.0,5.5,7.0,0.0,0.0,0,0,0,0,0,0,1,0.014738235243894802,14.219178082191782
10.30895266,22.29,662,1815.0,43.2,1.0,0.0,0.0,0,0,0,0,0,0,0,0.06050000003897974,4.257534246575342
11.77528973,15.98,787,4641.0,18.1,5.0,0.0,0.0,0,0,0,0,1,0,0,0.03569999997992656,34.438470328767124
11.23321156,3.68,772,11723.0,32.1,0.0,0.0,0.0,0,0,0,0,0,0,0,0.15506613790226256,14.054794520547945
10.62861778,13.8,687,14246.0,74.2,0.0,0.0,1.0,0,0,1,0,0,0,0,0.34493946694985983,11.178082191780822
10.71441777,14.19,677,3379.0,31.0,2.0,0.0,0.0,0,0,0,0,0,0,1,0.0750888887952122,10.273972602739725
12.61153775,8.6,677,38436.0,73.2,0.0,1.0,0.0,0,0,0,0,0,0,0,0.12812000046614386,19.643949772602742
10.95430918,10.85,682,4891.0,55.0,0.0,0.0,1.0,0,0,0,0,1,0,0,0.08550699278192919,11.016438356164384
11.17745273,16.38,682,8220.0,71.5,0.0,0.0,0.0,0,1,0,0,0,0,0,0.11496503481352235,5.846689498630137
10.57385217,3.1,667,4278.0,42.7,3.0,0.0,0.0,0,0,1,0,0,0,0,0.10941456305405742,3.1232876712328768
11.54790643,15.02,672,15899.0,16.6,3.0,0.0,0.0,0,0,1,0,0,0,0,0.1535245274377866,20.054794520547944
11.22524339,14.32,707,15055.0,88.0,1.0,0.0,0.0,0,0,0,1,0,0,0,0.20073333383886982,16.19178082191781
9.61580548,3.44,702,654.0,72.7,0.0,0.0,1.0,0,0,0,0,0,0,0,0.04360000000367751,16.438470320547946
10.59663473,24.66,687,17325.0,70.1,0.0,0.0,0.0,0,1,0,0,0,0,0,0.43312500134098686,14.23013698630137
10.23995979,24.6,662,11683.0,60.2,1.0,0.0,0.0,0,1,0,0,0,0,0,0.4172499996484004,15.216438356164383
10.55581274,24.5,717,14438.0,62.2,0.0,0.0,0.0,0,0,0,0,0,0,0,0.3759895827978557,12.328881279452055
11.22524339,1.36,722,4402.0,9.3,1.0,1.0,0.0,0,0,0,0,1,0,0,0.058693333481149454,20.630251142465756
11.00209984,9.8,757,2255.0,45.1,1.0,0.0,0.0,0,0,1,0,0,0,0,0.03758333337859262,16.76723744383562
10.87804719,16.69,667,5804.0,50.9,0.0,1.0,3.0,0,0,0,0,0,0,0,0.10950943423978939,12.904109589041095
11.26446411,14.74,667,3745.0,89.2,3.0,0.0,0.0,0,0,1,0,0,0,0,0.04801282030500798,7.479566210958904
10.69307155,22.39,722,17256.0,76.0,0.0,1.0,0.0,0,0,1,0,0,0,0,0.39174022040259593,15.780936073972605
11.19821472,12.13,697,5879.0,70.8,0.0,0.0,1.0,0,0,1,0,0,0,0,0.08053424658585451,12.493264841095892
10.82774645,14.83,717,7396.0,37.9,0.0,0.0,0.0,0,0,1,0,0,0,0,0.1467460323417415,12.164383561643836
11.03165864,18.64,722,58930.0,63.4,1.0,0.0,0.0,0,0,1,0,0,0,0,0.9535598738359216,11.753538813698631
10.08580911,22.8,682,5327.0,95.1,3.0,0.0,0.0,0,0,0,1,0,0,0,0.22195833318463967,15.123287671232877
10.858999,6.55,692,958.0,12.1,1.0,0.0,1.0,0,0,0,0,0,0,0,0.01842307687819027,9.616552512328767
10.83958091,13.36,737,10685.0,89.8,1.0,0.0,0.0,0,0,0,0,0,0,0,0.20950980427908922,13.397374430136987
10.87804719,13.86,722,3860.0,91.9,2.0,0.0,0.0,0,0,0,1,0,0,0,0.07283018886381583,25.068493150684933
10.23995979,0.64,742,426.0,8.9,0.0,0.0,0.0,0,0,0,0,0,0,0,0.015214285701465255,3.3699771698630134
11.69524702,16.69,692,26519.0,61.4,1.0,1.0,0.0,0,0,0,0,0,0,0,0.22099166705653642,12.246575342465754
11.23848862,11.92,697,14383.0,44.9,0.0,0.0,0.0,0,0,0,0,0,0,0,0.1892499998615576,14.876826484931508
10.18111929,16.5,737,3053.0,13.5,0.0,0.0,0.0,0,0,0,0,0,0,0,0.11564393929383888,7.569977169863013
9.655026193,21.46,777,3071.0,16.5,0.0,0.0,0.0,0,0,1,0,0,0,0,0.19685897440575376,21.12876712328767
10.57131693,12.86,762,6486.0,8.7,3.0,0.0,0.0,0,0,0,0,0,0,1,0.16630769149474428,16.60285388219178
10.71441777,9.33,672,16375.0,66.0,0.0,0.0,0.0,0,1,0,0,0,0,0,0.3638888884349215,4.849429224657534
10.89766482,23.51,707,22083.0,75.9,2.0,0.0,0.0,0,0,1,0,0,0,0,0.408566143713902,14.136986301369863
10.93761465,9.73,727,3010.0,73.4,1.0,0.0,0.0,0,0,1,0,0,0,0,0.05350825744321657,16.10958904109589
10.71441777,22.91,692,3140.0,35.7,3.0,0.0,0.0,0,0,0,0,0,0,0,0.06977777769072693,7.972602739726027
10.62132735,11.41,742,2246.0,16.9,0.0,0.0,0.0,0,0,0,0,0,0,0,0.05478048756857941,3.4521689506849316
10.75790288,12.77,747,7326.0,18.2,0.0,0.0,0.0,0,0,0,0,0,0,0,0.15587234053342613,9.369977169863013
10.91508846,20.75,672,4377.0,71.8,0.0,1.0,0.0,0,0,1,0,0,0,0,0.07958181851722437,15.945205479452055
11.71177632,24.44,702,52601.0,73.1,1.0,0.0,0.0,0,0,0,0,0,0,1,0.4311557393068312,16.10958904109589
10.37349118,11.29,722,1643.0,60.9,0.0,0.0,0.0,0,0,0,0,0,0,0,0.05134375009148755,5.342579909589041
10.858999,7.89,692,15985.0,45.2,0.0,0.0,0.0,0,0,1,0,0,0,0,0.30740384540487625,21.945205479452056
8.9226583,21.44,702,6235.0,52.0,1.0,0.0,0.0,0,0,0,0,0,0,0,0.8313333329379526,3.0465753424657533
10.858999,15.65,677,13800.0,93.2,2.0,0.0,0.0,0,0,1,0,0,0,0,0.26538461473802266,12.328881279452055
12.24135291,5.34,747,47992.0,30.5,4.0,0.0,0.0,0,0,0,0,0,1,0,0.23164174563576756,27.53436073972603
11.15625052,6.24,727,12991.0,22.6,2.0,0.0,0.0,0,0,1,0,0,0,0,0.18558571447714514,10.356278539726027
11.65268741,14.01,687,7915.0,38.4,2.0,0.0,0.0,0,0,1,0,0,0,0,0.06882608677381509,21.28767123287671
11.21182037,15.42,797,13014.0,14.7,2.0,0.0,0.0,0,0,1,0,0,0,0,0.17586486524935943,15.287671232876713
10.20507253,17.8,692,12614.0,85.2,0.0,0.0,0.0,0,0,0,0,0,0,0,0.4664940829134295,5.013698630136986
11.27973158,20.42,712,61140.0,60.5,0.0,0.0,1.0,0,0,1,0,0,0,0,0.7719696952733069,19.15068493150685
10.77895629,7.15,727,9379.0,35.7,1.0,0.0,1.0,0,0,1,0,0,0,0,0.19539583331184526,14.79463470410959
10.76806385,16.81,727,150.0,3.1,3.0,0.0,0.0,0,0,0,0,0,0,0,0.003159224932783078,11.095890410958905
10.63103616,20.06,692,13211.0,73.8,1.0,0.0,0.0,0,0,1,0,0,0,0,0.3191062801336931,6.328881279452054
10.81977828,20.52,682,22485.0,70.0,0.0,0.0,0.0,0,1,0,0,0,0,0,0.4497000019833045,11.098630136986301
11.98042596,15.2,762,50110.0,10.5,2.0,0.0,0.0,0,1,0,0,0,0,0,0.31397243233290756,15.945205479452055
10.75790288,19.86,752,10254.0,23.5,1.0,0.0,0.0,0,1,0,0,0,0,0,0.218170212916974,11.26027397260274
11.03488966,22.49,737,16472.0,47.9,0.0,0.0,0.0,0,0,1,0,0,0,0,0.2656774204247826,16.931506849315067
10.91326863,15.5,697,2754.0,40.5,2.0,0.0,1.0,0,0,0,0,1,0,0,0.050163934300700416,12.246575342465754
11.3736634,20.43,687,3438.0,51.3,3.0,0.0,0.0,0,0,0,0,0,0,0,0.039517241285920074,34.10958904109589
11.00209984,15.92,767,5527.0,17.8,0.0,0.0,0.0,0,0,0,0,1,0,0,0.09211666677759707,15.287671232876713
10.81977828,19.23,712,36705.0,82.5,2.0,0.0,0.0,0,0,0,0,1,0,0,0.7341000032375892,11.769977169863015
11.4756285,22.16,707,22434.0,57.4,1.0,0.0,0.0,0,0,1,0,0,0,0,0.23286519483351922,14.054794520547945
10.6454249,21.63,712,12970.0,66.2,2.0,0.0,0.0,0,0,1,0,0,0,0,0.3088095229650858,9.369977169863013
10.59663473,10.05,702,627.0,34.8,1.0,0.0,0.0,0,0,0,0,0,0,0,0.01567500004853095,3.3699771698630134
9.862665558,10.81,697,0.0,0.0,3.0,0.0,0.0,1,0,1,0,0,0,0,0.0,5.75353881369863
10.69194491,20.54,672,26428.0,48.2,2.0,0.0,0.0,0,1,0,0,0,0,0,0.6006363653784482,8.548059361643835
10.45322615,20.39,742,14493.0,19.5,1.0,0.0,0.0,0,0,0,0,0,0,0,0.41819598329616176,19.726141553424657
9.552226498,6.05,772,2621.0,17.0,0.0,0.0,0.0,0,0,1,0,0,0,0,0.18620346697620838,9.53436073150685
11.15625052,16.42,732,16198.0,53.8,2.0,0.0,0.0,0,0,1,0,0,0,0,0.2314000002386881,14.630251142465754
11.11460974,6.13,722,10075.0,73.0,1.0,0.0,0.0,0,0,1,0,0,0,0,0.1500484025627954,11.506963471232877
10.30895266,17.04,682,10491.0,55.5,1.0,0.0,0.0,0,0,0,0,0,0,0,0.34970000022530934,6.657648402739726
10.46310334,1.65,742,1692.0,35.2,3.0,1.0,0.0,1,0,0,0,0,0,1,0.04834285716565325,5.835730594520548
9.392661929,14.1,702,3361.0,21.1,1.0,0.0,0.0,0,0,0,0,0,0,0,0.2800833332689524,21.945205479452056
10.46310334,21.63,742,11071.0,37.4,0.0,0.0,0.0,0,0,1,0,0,0,0,0.3163142858634439,12.739840183561645
10.75234277,3.93,692,6372.0,52.2,1.0,0.0,0.0,0,0,1,0,0,0,0,0.13633037665495806,4.027397260273973
10.81977828,22.13,772,13088.0,42.6,0.0,0.0,0.0,0,0,0,0,0,1,0,0.2617600011544358,14.876826484931508
10.83368119,22.91,717,13232.0,63.9,1.0,0.0,0.0,0,0,0,0,0,1,0,0.26098619318408206,10.10958904109589
12.34583459,14.43,667,39476.0,78.3,0.0,0.0,0.0,0,0,0,0,0,0,0,0.1716347822491777,16.356278539726027
11.47435094,1.91,777,3351.0,0.4,2.0,0.0,0.0,0,0,0,0,1,0,0,0.034827887357830344,15.945205479452055
10.81977828,20.66,707,19882.0,51.2,2.0,0.0,0.0,0,0,0,0,0,0,0,0.3976400017537052,5.260273972602739
9.61580548,0.0,752,0.0,0.0,0.0,0.0,0.0,1,0,1,0,0,0,0,0.0,4.602853882191781
10.30895266,16.2,682,16626.0,91.9,2.0,0.0,0.0,1,0,1,0,0,0,0,0.5542000003570673,4.849200912328767
11.04132055,4.5,712,5009.0,49.6,0.0,0.0,0.0,1,0,0,0,0,0,0,0.08027243624722456,3.7807077616438356
10.49127422,19.53,692,5948.0,48.8,0.0,0.0,0.0,1,0,0,0,0,0,0,0.16522222179896381,4.191894978082192
9.541081934,2.24,692,984.0,98.4,0.0,2.0,0.0,1,0,0,1,0,0,0,0.07068965516452563,21.945205479452056
11.48452599,3.6,722,16930.0,22.6,0.0,0.0,0.0,1,0,0,0,0,0,1,0.17417695481063397,15.501255706849314
11.33828632,1.8,722,3109.0,15.9,2.0,0.0,0.0,1,0,0,0,0,1,0,0.03702248271461971,3.1232876712328768
11.8493977,7.25,697,47134.0,50.7,3.0,0.0,0.0,1,1,0,0,0,0,0,0.3366714291072211,10.10958904109589
9.798127037,6.33,717,1454.0,33.8,0.0,0.0,0.0,1,0,0,0,0,0,0,0.08077777776794723,3.3699771698630134
10.40426284,20.29,742,11904.0,38.3,0.0,0.0,0.0,1,0,1,0,0,0,0,0.36072727288910145,26.301255706849318
10.16585182,23.22,677,5610.0,80.1,3.0,0.0,0.0,1,0,0,0,0,0,0,0.2157692301227039,7.975342465753425
10.08580911,2.55,667,0.0,,0.0,0.0,0.0,1,0,0,0,0,0,0,0.0,9.6163242
10.71441777,11.39,662,0.0,,3.0,2.0,0.0,1,0,1,0,0,0,0,0.0,14.794520547945206
10.46310334,9.12,667,2653.0,49.1,1.0,0.0,0.0,1,0,1,0,0,0,0,0.07580000003574354,7.726141553424657
9.259130536,21.37,702,5430.0,48.9,0.0,1.0,0.0,1,0,0,1,0,0,0,0.5171428572181604,14.548059361643837
11.01205017,2.89,742,6863.0,46.7,4.0,0.0,0.0,1,0,0,0,1,0,0,0.11325082531551113,10.027397260273972
11.03488966,13.51,697,7574.0,35.6,3.0,1.0,0.0,1,0,0,0,0,0,1,0.12216129081455217,11.917808219178083
11.22524339,7.82,737,10320.0,8.9,1.0,0.0,0.0,1,0,0,0,0,0,0,0.13760000034653846,8.712214610958904
11.23848862,4.45,717,165.0,2.5,2.0,0.0,0.0,1,0,0,0,1,0,0,0.0021710526299907533,14.383447487671232
11.45952469,0.13,757,14.0,0.2,2.0,0.0,0.0,1,0,0,0,0,1,0,0.00014767932463505886,6.0
10.30895266,23.84,642,10125.0,90.4,1.0,0.0,0.0,0,0,1,0,0,0,0,0.33750000021744897,6.821917808219178
12.1521443,22.47,647,150971.0,92.3,4.0,0.0,0.0,1,0,1,0,0,0,0,0.7966807415783416,19.75890410958904
11.26446411,19.34,682,15897.0,66.0,5.0,0.0,1.0,0,0,1,0,0,0,0,0.20380769142555724,10.356278539726027
10.30895266,29.6,677,3043.0,58.5,1.0,0.0,0.0,1,0,0,1,0,0,0,0.10143333339868614,4.501369863013698
10.71441777,19.12,652,26531.0,52.6,33.0,0.0,0.0,1,0,1,0,0,0,0,0.5895777770422536,7.8
10.6454249,18.51,652,9792.0,64.0,8.0,0.0,0.0,1,0,1,0,0,0,0,0.23314285650532923,11.013698630136986
10.73639668,16.7,662,314.0,12.6,4.0,1.0,0.0,0,0,1,0,0,0,0,0.006826086925607973,11.887671232876713
11.39414193,19.34,657,38329.0,77.3,0.0,0.0,0.0,1,0,0,0,0,0,0,0.4316328824427302,11.342351597260272
11.35510138,25.32,672,38781.0,54.5,3.0,0.0,0.0,0,0,1,0,0,0,0,0.45411007015619054,11.369748857534246
12.20607265,21.31,697,152416.0,80.1,0.0,0.0,0.0,0,1,0,0,0,0,0,0.7620799965936352,16.109474884931505
10.1266311,15.55,672,10410.0,63.9,1.0,0.0,0.0,0,0,1,0,0,0,0,0.41640000160328033,2.712328767123288
10.73639668,3.03,672,5556.0,27.1,2.0,0.0,0.0,0,0,0,0,1,0,0,0.12078260814865573,2.6931506849315068
11.51292546,14.64,657,39411.0,97.8,1.0,0.0,0.0,0,0,1,0,0,0,0,0.39411000195881674,9.583561643835617
10.77895629,9.18,652,4945.0,64.2,2.0,2.0,1.0,0,0,0,0,0,0,0,0.10302083332200393,20.7013698630137
10.91871823,26.52,667,21300.0,65.5,4.0,0.0,0.0,0,0,1,0,0,0,0,0.385869566091458,7.323173515068493
11.15625052,8.81,772,0.0,,,,,0,0,0,0,0,0,0,0.0,
,4.0,742,0.0,,,,,0,0,0,0,0,0,0,,
11.69524702,4.0,742,0.0,,,,,0,0,0,0,0,0,0,0.0,
11.60823564,10.0,712,0.0,,,,,0,0,0,0,0,0,0,0.0,
11.49272276,10.0,707,0.0,,,,,0,0,0,0,0,0,0,0.0,
10.91508846,10.0,697,2447.0,65.5,4.0,0.0,0.0,1,0,0,0,0,0,0,0.044490909278420844,8.73972602739726
11.46163217,10.0,702,0.0,,,,,0,0,0,0,0,0,0,0.0,
9.392661929,10.0,697,0.0,,,,,0,0,0,0,0,0,0,0.0,
11.91839057,10.0,692,0.0,,,,,0,0,0,0,0,0,0,0.0,
12.10071213,10.0,687,0.0,,,,,0,0,0,0,0,0,0,0.0,
10.37349118,10.0,687,0.0,,,,,0,0,0,0,0,0,0,0.0,
9.903487553,10.0,712,0.0,,,,,1,0,0,0,0,0,0,0.0,
8.699514748,10.0,687,0.0,,,,,0,0,0,0,0,0,0,0.0,
10.59663473,10.0,707,0.0,,,,,1,0,0,0,0,0,0,0.0,
9.903487553,10.0,712,0.0,,,,,0,0,0,0,0,0,0,0.0,
10.46310334,10.0,717,0.0,,,,,0,0,0,0,0,0,0,0.0,
,1.0,802,0.0,,,,,0,0,0,0,0,0,0,,
,1.0,802,0.0,,,,,0,0,0,0,0,0,0,,
,1.0,802,0.0,,,,,0,0,0,0,0,0,0,,
11.00209984,19.5,742,0.0,,,,,0,0,0,0,0,0,0,0.0,
10.81977828,1.1,772,0.0,,,,,0,0,0,0,0,0,0,0.0,
8.779557456,6.46,722,0.0,,,,,1,0,0,0,0,0,0,0.0,
11.28978191,0.39,797,0.0,,,,,0,0,0,0,0,0,0,0.0,
11.10682015,10.36,787,0.0,,,,,0,0,0,0,0,0,0,0.0,
12.61153775,5.38,757,0.0,,,,,0,0,0,0,0,0,0,0.0,
10.1266311,16.27,642,0.0,,,,,0,0,0,0,0,0,0,0.0,
10.59663473,8.61,672,0.0,,,,,0,0,0,0,0,0,0,0.0,
10.23995979,3.51,672,0.0,,,,,0,0,0,0,0,0,0,0.0,
10.49127422,3.27,707,0.0,,,,,0,0,0,0,0,0,0,0.0,
10.30895266,3.72,697,3493.0,63.5,0.0,0.0,0.0,0,0,1,0,0,0,0,0.11643333340835053,2.8767123287671232
9.903487553,12.9,697,13660.0,66.0,4.0,0.0,0.0,0,0,1,0,0,0,0,0.6829999996831756,11.424543378082191
11.91839057,5.6,802,150786.0,2.2,0.0,0.0,0.0,0,0,1,0,0,0,0,1.0052400030945239,23.260159816438357
10.81977828,7.22,652,10025.0,85.0,0.0,2.0,0.0,0,0,0,1,0,0,0,0.20050000088426187,7.726027397260274
11.51292546,10.0,707,0.0,,,,,0,0,1,0,0,0,0,0.0,
8.29404964,15.0,662,0.0,,1.0,0.0,0.0,0,0,0,0,0,0,0,0.0,0.4902968035616438
9.392661929,4.4,657,5251.0,49.3,9.0,0.0,0.0,0,1,0,0,0,0,0,0.43758333323274895,2.4628995432876715
9.210340372,3.48,647,571.0,61.9,0.0,1.0,0.0,0,1,0,0,0,0,0,0.05709999999864007,3.205365295890411
11.00209984,13.16,672,5513.0,88.9,9.0,0.0,1.0,1,0,1,0,0,0,0,0.09188333344398275,16.10958904109589
11.28978191,3.11,672,7883.0,59.3,6.0,1.0,0.0,1,1,0,0,0,0,0,0.0985375003602549,9.780821917808218
10.91508846,17.96,727,6559.0,24.8,5.0,0.0,0.0,0,1,0,0,0,0,0,0.11925454595715665,8.712328767123287
11.12726298,19.62,657,1943.0,25.6,3.0,1.0,0.0,0,1,0,0,0,0,0,0.028573529530580427,5.506735158904109
10.6454249,16.91,642,4139.0,52.4,18.0,4.0,1.0,1,0,0,0,0,0,0,0.0985476187781411,15.202739726027398
9.61580548,11.52,682,3570.0,72.4,0.0,0.0,0.0,0,0,1,0,0,0,0,0.2380000000200745,2.712328767123288
11.05089001,10.42,687,7406.0,58.8,14.0,0.0,1.0,1,0,1,0,0,0,0,0.11755555501170475,17.50399543287671
10.37349118,7.91,652,9129.0,73.3,3.0,0.0,1.0,0,0,0,0,1,0,0,0.2852812505083322,15.369748857534246
11.08214255,6.37,647,2211.0,73.7,6.0,0.0,0.0,0,1,0,0,0,0,0,0.034015384577211656,5.1945205479452055
8.29404964,8.1,682,900.0,37.5,1.0,0.0,0.0,0,0,0,1,0,0,0,0.22500000002295606,1.0082191780821919
10.37349118,5.21,652,1636.0,16.7,2.0,4.0,0.0,0,1,0,0,0,0,0,0.051125000091097765,6.657420090410959
10.34174248,9.56,662,4494.0,76.2,1.0,0.0,0.0,0,0,1,0,0,0,0,0.14496774243812802,2.136986301369863
10.59663473,4.11,632,6214.0,55.0,9.0,0.0,0.0,1,0,0,1,0,0,0,0.15535000048097503,1.7232876712328766
11.36210258,20.12,652,37318.0,75.4,1.0,0.0,0.0,0,1,0,0,0,0,0,0.4339302304907417,7.8054794520547945
11.01862914,14.48,692,9442.0,51.3,15.0,0.0,0.0,1,0,0,0,0,0,0,0.1547868857343237,8.134246575342466
9.210340372,5.64,632,1269.0,105.7,1.0,0.0,0.0,0,1,0,0,0,0,0,0.12689999999697768,1.8082191780821917
9.903487553,15.66,642,5673.0,22.0,1.0,0.0,0.0,0,0,1,0,0,0,0,0.28364999986842276,14.712328767123287
10.59663473,15.57,642,17312.0,86.6,0.0,0.0,0.0,0,0,0,0,0,0,0,0.4328000013399806,0.6546803652054795
9.472704636,9.42,637,1670.0,55.6,1.0,0.0,0.0,0,0,1,0,0,0,0,0.12846153851853354,1.2301369863013698
9.169518377,8.38,612,546.0,47.6,0.0,1.0,0.0,0,0,0,1,0,0,0,0.056875000025930926,1.8054794520547945
10.80972795,7.68,662,6670.0,72.5,1.0,0.0,0.0,0,0,1,0,0,0,0,0.13474747455300484,2.791780821917808
9.757305042,20.0,652,2484.0,35.4,2.0,0.0,0.0,0,0,1,0,0,0,0,0.14375000005146912,2.882191780821918
10.59663473,9.51,682,705.0,54.2,2.0,0.0,0.0,0,0,0,1,0,0,0,0.017625000054568296,1.1123287671232878
9.210340372,14.76,667,4784.0,95.7,0.0,0.0,0.0,0,1,0,0,0,0,0,0.47839999998860616,2.8
9.392661929,19.3,667,2545.0,14.4,4.0,1.0,0.0,1,0,1,0,0,0,0,0.21208333328458312,15.531392693150684
10.71441777,8.75,647,1615.0,54.1,8.0,0.0,1.0,0,1,0,0,0,0,0,0.035888888844115924,1.1479452054794521
11.03488966,1.72,642,1437.0,95.8,13.0,0.0,0.0,1,0,0,0,0,0,0,0.02317741944817949,4.027397260273973
10.71441777,0.53,642,123.0,41.0,6.0,13.0,0.0,0,0,1,0,0,0,0,0.00273333332992338,7.7972602739726025
11.03488966,20.0,697,13748.0,50.2,4.0,0.0,1.0,0,0,1,0,0,0,0,0.22174193637687659,13.643721460273971
10.1266311,0.48,702,316.0,19.2,1.0,0.0,0.0,0,0,0,0,0,0,0,0.012640000048668259,1.6437214610958906
10.81977828,7.75,647,16246.0,83.3,1.0,0.0,0.0,1,1,0,0,0,0,0,0.3249200014329893,4.109589041095891
11.00209984,20.22,647,6755.0,99.3,1.0,0.0,0.0,1,1,0,0,0,0,0,0.11258333346891047,17.01095890410959
10.37349118,15.98,642,6703.0,79.8,1.0,0.0,0.0,1,0,0,0,0,0,0,0.2094687503732447,2.219178082191781
9.61580548,6.48,672,1464.0,83.7,12.0,0.0,0.0,0,0,0,1,0,0,0,0.09760000000823223,3.1232876712328768
11.51292546,9.79,662,1603.0,64.1,1.0,0.0,0.0,1,0,0,0,0,0,0,0.016030000079672764,1.2301369863013698
10.95080655,15.2,667,13622.0,79.7,4.0,2.0,1.0,0,0,1,0,0,0,0,0.23898245537959512,17.671118720547945
8.853665428,8.57,682,0.0,,2.0,0.0,0.0,1,0,0,0,0,0,0,0.0,0.915068493150685
13.12236338,7.47,667,168496.0,46.1,2.0,1.0,0.0,1,1,0,0,0,0,0,0.3369919991252798,9.863013698630137
12.50617724,7.33,682,107007.0,29.8,5.0,0.0,0.0,1,0,1,0,0,0,0,0.3963222214218544,13.725913241095888
9.798127037,2.2,657,668.0,66.8,0.0,0.0,0.0,0,0,0,1,0,0,0,0.037111111106594735,4.241095890410959
9.998797732,13.09,737,425.0,9.4,0.0,0.0,0.0,0,0,1,0,0,0,0,0.01931818182475875,1.6437214610958906
12.61153775,1.0,802,150786.0,17.0,0.0,0.0,0.0,0,0,1,0,0,0,0,0.5026200018287015,23.54509132328767
9.798127037,2.33,692,2937.0,43.3,1.0,0.0,0.0,1,1,0,0,0,0,0,0.1631666666468095,2.545091324109589
11.51292546,6.2,647,9501.0,64.6,10.0,0.0,0.0,0,1,0,0,0,0,0,0.09501000047222141,5.421803652054795
11.69524702,14.09,652,1100.0,6.0,0.0,1.0,0.0,0,1,0,0,0,0,0,0.009166666682838344,3.1232876712328768
11.15625052,1.35,637,2864.0,81.6,1.0,0.0,0.0,1,0,1,0,0,0,0,0.04091428575648862,2.136986301369863
10.81977828,15.14,647,36662.0,82.9,0.0,0.0,0.0,0,1,0,0,0,0,0,0.7332400032337963,9.038356164383561
11.08214255,18.22,667,3023.0,12.6,3.0,0.0,1.0,0,0,1,0,0,0,0,0.04650769225550015,2.7149543378082193
11.51292546,18.24,757,2150.0,4.2,13.0,1.0,0.0,0,0,0,0,0,0,1,0.02150000010685991,13.23013698630137
8.892886141,17.31,642,0.0,,1.0,0.0,0.0,1,0,0,0,0,0,0,0.0,9.531392693150686
10.65725935,1.21,677,1424.0,43.2,1.0,0.0,0.0,0,1,0,0,0,0,0,0.03350588251753909,1.9698630136986301
11.32900263,17.02,712,37570.0,59.5,5.0,0.0,0.0,0,1,0,0,0,0,0,0.4515624985591996,11.835616438356164
9.811372264,3.29,737,0.0,0.0,1.0,0.0,0.0,0,0,0,0,0,0,0,0.0,3.287671232876712
9.903487553,6.72,732,7021.0,27.4,9.0,0.0,0.0,0,0,0,1,0,0,0,0.35104999983715784,8.630022830136987
10.23995979,14.31,667,0.0,0.0,1.0,1.0,0.0,0,0,0,0,0,0,0,0.0,1.479337899452055
9.998797732,20.0,667,15782.0,36.2,19.0,0.0,0.0,0,0,1,0,0,0,0,0.717363636607865,7.161643835616438
11.08214255,14.25,667,8143.0,60.3,8.0,0.0,0.0,0,1,0,0,0,0,0,0.12527692293633402,8.054794520547945
10.22976514,12.9,647,2621.0,51.5,3.0,0.0,0.0,1,0,1,0,0,0,0,0.09456631574543949,10.191780821917808
10.03451581,0.53,747,416.0,10.4,5.0,0.0,0.0,1,0,0,0,0,0,0,0.018245614125267248,9.945205479452055
10.38899537,0.74,647,381.0,63.5,4.0,0.0,0.0,0,0,0,0,0,0,1,0.011723076903356703,0.6546803652054795
7.547501683,18.99,642,702.0,87.7,0.0,0.0,0.0,0,0,1,0,0,0,0,0.37025316448845297,1.2328767123287672
10.1266311,14.74,652,1055.0,39.1,1.0,0.0,0.0,0,0,1,0,0,0,0,0.04220000016248422,15.945205479452055
9.229358378,5.06,637,2925.0,97.5,1.0,0.0,0.0,0,1,0,0,0,0,0,0.28698979586439716,2.0547945205479454
9.298351249,7.14,692,0.0,0.0,1.0,0.0,0.0,0,1,0,0,0,0,0,0.0,10.860273972602739
8.862483576,2.38,642,469.0,93.8,0.0,1.0,0.0,0,0,0,1,0,0,0,0.06641178139748333,10.882191780821918
10.81977828,4.0,702,6500.0,80.0,3.0,0.0,0.0,0,0,0,0,0,0,0,0.13000000057333685,2.7286529679452056
10.20359214,13.02,647,8742.0,87.4,0.0,0.0,0.0,0,0,1,0,0,0,0,0.32377777939228486,3.0383561643835617
11.28978191,0.09,727,6.0,1.5,0.0,1.0,0.0,0,0,0,0,0,0,0,7.500000027420138e-05,18.295890410958904
10.59663473,11.76,647,12274.0,66.3,2.0,0.0,0.0,0,0,1,0,0,0,0,0.3068500009500302,2.794406391780822
9.472704636,4.62,672,0.0,0.0,0.0,0.0,0.0,0,0,0,0,0,0,0,0.0,0.9835616438356164
9.903487553,0.0,647,0.0,0.0,1.0,1.0,0.0,1,0,1,0,0,0,0,0.0,3.3698630136986303
9.652844328,0.0,682,0.0,0.0,6.0,0.0,0.0,0,0,0,1,0,0,0,0.0,3.0383561643835617
10.46310334,1.2,677,350.0,31.8,2.0,0.0,0.0,1,0,1,0,0,0,0,0.010000000004715506,1.6437214610958906
10.81977828,13.8,682,18927.0,77.9,5.0,0.0,0.0,0,0,1,0,0,0,0,0.3785400016694688,3.9452054794520546
10.04324949,15.86,632,231.0,77.0,2.0,0.0,0.0,1,0,0,0,1,0,0,0.010043478310195976,1.5615296802739727
11.26446411,10.23,642,4103.0,93.7,0.0,0.0,0.0,0,0,1,0,0,0,0,0.05260256387488592,1.6437214610958906
12.10071213,21.35,692,222702.0,30.5,0.0,0.0,0.0,0,1,0,0,0,0,0,1.2372333331753977,16.567009131506847
11.40756495,1.31,642,3864.0,56.7,2.0,2.0,0.0,0,0,1,0,0,0,0,0.04293333330381249,6.986301369863014
11.08214255,25.0,697,53670.0,57.3,0.0,0.0,0.0,0,1,0,0,0,0,0,0.8256923067656942,8.347945205479451
10.71441777,4.83,642,0.0,0.0,1.0,0.0,0.0,1,0,0,0,1,0,0,0.0,6.821803652054794
11.08214255,23.78,657,27730.0,57.8,0.0,2.0,0.0,0,1,0,0,0,0,0,0.42661538413662564,16.682077624657534
10.93310697,11.38,667,9221.0,98.1,4.0,2.0,0.0,0,0,1,0,0,0,0,0.16466071423916231,6.904109589041096
10.30895266,2.16,657,1863.0,51.0,5.0,0.0,0.0,1,0,1,0,0,0,0,0.06210000004001061,1.7259132419178083
10.16585182,10.85,677,25.0,2.5,4.0,0.0,0.0,1,0,0,0,0,0,0,0.0009615384586573257,0.7998858446575342
10.40426284,2.15,717,3461.0,18.6,10.0,0.0,0.0,0,0,0,0,0,0,0,0.10487878792583838,17.421917808219177
10.23995979,22.93,642,7985.0,89.5,4.0,0.0,0.0,0,0,1,0,0,0,0,0.28517857118826306,4.931506849315069
10.71441777,15.65,652,13784.0,61.5,1.0,1.0,0.0,0,0,1,0,0,0,0,0.30631111072897454,10.862899542465753
11.08214255,5.48,642,4982.0,73.8,6.0,0.0,1.0,1,0,0,1,0,0,0,0.07664615376013952,4.76700913150685
11.08214255,10.01,647,2469.0,94.5,0.0,0.0,0.0,1,0,0,0,0,0,0,0.037984615341988055,6.490296802739726
9.893437217,5.82,682,7276.0,35.1,4.0,0.0,0.0,0,0,1,0,0,0,0,0.36747474735812047,1.479337899452055
9.680344001,2.7,702,355.0,59.2,0.0,0.0,0.0,0,0,0,0,0,0,0,0.022187500004923814,1.0712328767123287
11.10194518,0.76,647,991.0,15.2,1.0,3.0,0.0,0,0,0,0,1,0,0,0.014947209595903298,29.753310493150682
10.19241884,13.44,627,2798.0,71.4,0.0,0.0,0.0,1,1,0,0,0,0,0,0.10479400795050851,1.1479452054794521
10.81977828,2.86,667,736.0,51.3,2.0,0.0,0.0,0,0,0,0,0,0,0,0.014720000064919374,0.4958904109589041
11.07153262,3.77,642,12331.0,78.0,3.0,0.0,0.0,0,1,0,0,0,0,0,0.19173119304792552,13.232876712328768
11.00209984,5.3,617,4333.0,95.4,4.0,0.0,0.0,1,0,1,0,0,0,0,0.07221666675363274,1.9726027397260273
11.05089001,0.82,717,0.0,0.0,2.0,0.0,0.0,0,1,0,0,0,0,0,0.0,0.947945205479452
11.28978191,4.61,647,339.0,82.7,12.0,0.0,0.0,0,0,0,1,0,0,0,0.004237500015492377,0.8218036528767123
10.68051622,3.01,647,1893.0,90.1,2.0,0.0,1.0,1,0,1,0,0,0,0,0.0435172412520997,3.452054794520548
9.61580548,9.84,727,5243.0,31.6,4.0,0.0,0.0,1,0,0,0,0,0,0,0.3495333333628153,6.082191780821918
10.91508846,8.9,647,5390.0,66.9,3.0,0.0,0.0,0,0,0,1,0,0,0,0.09800000041303161,8.219178082191782
11.47210347,25.0,707,74292.0,94.6,0.0,0.0,0.0,0,0,0,0,1,0,0,0.7738750003482227,11.5149543369863
10.54534144,18.51,652,5295.0,83.0,0.0,1.0,0.0,1,0,0,1,0,0,0,0.1393421050832008,11.832762556164383
10.46310334,19.85,657,17659.0,58.7,9.0,0.0,0.0,1,0,1,0,0,0,0,0.5045428573807746,14.95890410958904
9.903487553,0.0,652,0.0,0.0,1.0,0.0,0.0,1,0,1,0,0,0,0,0.0,0.9041095890410958
11.00209984,8.84,642,5059.0,79.0,4.0,0.0,0.0,1,0,0,0,0,0,1,0.08431666676820401,1.9726027397260273
10.81977828,0.0,687,557.0,22.3,1.0,0.0,0.0,0,0,1,0,0,0,0,0.01114000004913056,0.8218036528767123
10.30895266,21.28,652,509.0,72.7,3.0,0.0,0.0,0,0,1,0,0,0,0,0.016966666677598174,5.013698630136986
9.61580548,2.0,642,852.0,77.5,5.0,0.0,0.0,1,0,0,0,1,0,0,0.056800000004790886,0.6546803652054795
9.903487553,11.64,652,233.0,15.1,0.0,5.0,0.0,0,0,1,0,0,0,0,0.011649999994595895,7.72591324109589
9.210340372,10.68,652,2942.0,58.8,6.0,0.0,0.0,0,0,0,0,0,0,0,0.2941999999929932,1.0684931506849316
10.08580911,12.55,647,0.0,0.0,9.0,0.0,0.0,1,0,0,0,0,0,0,0.0,6.082191780821918
10.6046029,12.83,652,4157.0,96.7,12.0,0.0,1.0,1,0,1,0,0,0,0,0.1031001986957343,7.887557076712329
11.15625052,25.78,722,17844.0,31.1,0.0,0.0,0.0,0,0,0,0,0,0,0,0.2549142859772287,11.178082191780822
11.73606902,25.77,662,68438.0,96.2,0.0,1.0,1.0,0,0,1,0,0,0,0,0.5475039979657148,21.86289954246575
9.903487553,8.4,652,1421.0,71.7,3.0,0.0,0.0,0,0,1,0,0,0,0,0.07104999996704191,1.490296803561644
10.24065669,1.8,722,827.0,51.7,2.0,0.0,0.0,1,0,0,0,0,0,0,0.029515137992190965,2.4657534246575343
10.49127422,0.33,692,136.0,1.1,8.0,0.0,0.0,1,0,0,0,0,0,0,0.003777777768100047,0.9863013698630136
11.03488966,24.45,662,15783.0,74.5,4.0,0.0,0.0,0,0,0,0,0,0,0,0.25456451715422196,3.452054794520548
11.08214255,10.69,647,3028.0,9.8,10.0,1.0,0.0,0,0,0,0,0,0,0,0.046584615332336904,8.134246575342466
11.40756495,15.33,652,22158.0,80.7,10.0,2.0,1.0,0,0,1,0,0,0,0,0.24619999983071356,17.58618721369863
10.96819829,7.99,667,2303.0,32.9,4.0,2.0,0.0,0,0,0,0,0,0,0,0.03970689653300457,17.013698630136986
10.50506754,23.61,672,15123.0,54.4,2.0,0.0,0.0,0,1,0,0,0,0,0,0.4143287669453675,2.8765981726027396
10.89673933,9.98,642,18865.0,60.8,0.0,0.0,0.0,1,0,0,0,0,0,1,0.34935185029598215,9.452054794520548
9.903487553,0.6,642,77.0,11.0,18.0,1.0,0.0,0,0,1,0,0,0,0,0.0038499999982140936,3.5341324191780825
10.46310334,3.94,647,2680.0,57.0,0.0,2.0,0.0,0,1,0,0,0,0,0,0.07657142860753588,4.76700913150685
10.30895266,1.8,682,829.0,21.8,2.0,0.0,0.0,0,0,0,1,0,0,0,0.027633333351137303,1.1506849315068493
10.27505111,11.42,667,3879.0,71.8,8.0,0.0,1.0,1,0,1,0,0,0,0,0.13375862055169807,11.095890410958905
10.96819829,4.26,647,14000.0,55.8,12.0,0.0,0.0,0,0,1,0,0,0,0,0.24137931023103082,5.506735158904109
10.34174248,22.37,642,10713.0,82.4,4.0,0.0,0.0,1,0,1,0,0,0,0,0.3455806463595161,12.246575342465754
11.85863349,6.7,687,7260.0,41.7,8.0,0.0,0.0,0,0,0,1,0,0,0,0.051380406166631976,17.421917808219177
12.01370075,13.35,687,18538.0,47.3,8.0,1.0,1.0,1,0,0,0,0,0,1,0.11235151547539285,18.243835616438357
10.49127422,0.0,647,0.0,0.0,0.0,2.0,0.0,1,0,0,0,0,0,0,0.0,16.106849315068494
9.852194258,13.45,642,2422.0,105.3,3.0,0.0,0.0,0,0,1,0,0,0,0,0.12747368422946595,3.1205479452054794
9.729134165,5.36,652,2486.0,82.9,0.0,0.0,0.0,1,0,0,0,0,0,0,0.14797619053410105,0.8218036528767123
7.60090246,0.0,702,0.0,0.0,6.0,0.0,0.0,1,0,0,0,0,0,0,0.0,0.6546803652054795
10.20359214,1.42,667,938.0,47.6,4.0,0.0,0.0,0,0,0,0,0,0,0,0.034740740913974284,0.8218036528767123
9.825526011,1.3,667,258.0,86.0,2.0,0.0,0.0,1,0,1,0,0,0,0,0.013945945946872195,7.972602739726027
12.30138283,14.5,692,81330.0,77.5,4.0,0.0,0.0,0,0,0,0,0,0,1,0.36968181645706727,20.23835616438356
10.77895629,11.53,652,11134.0,77.5,6.0,0.0,0.0,1,1,0,0,0,0,0,0.23195833330782442,2.4657534246575343
9.83091686,6.97,697,4380.0,49.2,0.0,0.0,0.0,0,0,1,0,0,0,0,0.23548387089740108,1.7259132419178083
9.574983486,1.67,672,74.0,37.0,4.0,0.0,0.0,0,0,0,0,0,0,0,0.005138888886648802,3.5341324191780825
10.63585545,2.48,652,2636.0,32.9,1.0,0.0,0.0,0,1,0,0,0,0,0,0.06336538437772357,20.627283104109587
11.22524339,13.07,657,22764.0,39.7,1.0,0.0,0.0,0,0,1,0,0,0,0,0.3035200007643994,6.657420090410959
11.41861479,9.63,692,5537.0,79.1,6.0,0.0,0.0,0,0,1,0,0,0,0,0.06084615357228455,6.821803652054794
13.33100224,2.33,692,0.0,0.0,5.0,0.0,0.0,1,0,0,0,0,0,1,0.0,10.975228309589042
10.4341158,10.66,687,1521.0,27.7,12.0,0.0,0.0,1,0,0,0,1,0,0,0.044735294278617964,1.6437214610958906
10.30895266,2.2,662,2468.0,79.6,1.0,0.0,0.0,0,0,1,0,0,0,0,0.08226666671967052,1.8053652967123288
10.40426284,15.27,672,3323.0,32.6,4.0,0.0,0.0,0,0,1,0,0,0,0,0.10069696974214416,7.397260273972603
10.35774282,18.51,642,869.0,96.6,2.0,0.0,0.0,0,0,1,0,0,0,0,0.027587301720099246,9.287671232876713
9.998797732,18.55,722,63.0,4.2,2.0,0.0,0.0,0,0,0,0,1,0,0,0.002863636364611297,1.4794520547945205
11.00209984,4.22,622,2581.0,64.5,10.0,0.0,0.0,0,0,1,0,0,0,0,0.04301666671846898,1.3123287671232877
10.0604913,11.33,657,4479.0,101.8,1.0,0.0,0.0,1,0,1,0,0,0,0,0.1914102566678548,7.8902968027397264
9.998797732,3.27,667,0.0,0.0,1.0,0.0,0.0,0,0,0,1,0,0,0,0.0,1.942351598082192
10.34174248,23.34,667,3283.0,63.1,7.0,0.0,0.0,0,0,0,0,0,0,1,0.10590322617364803,6.0
10.71441777,23.65,652,81695.0,92.9,0.0,0.0,0.0,0,0,1,0,0,0,0,1.8154444421795977,7.315068493150685
9.472704636,13.38,642,5908.0,34.8,2.0,0.0,0.0,0,0,0,1,0,0,0,0.4544615386631713,2.219178082191781
10.71441777,25.63,667,35460.0,86.7,19.0,0.0,0.0,0,0,1,0,0,0,0,0.7879999990169354,7.315068493150685
11.31447453,15.13,702,43302.0,53.8,4.0,0.0,0.0,1,0,0,0,0,0,1,0.5280731687495266,31.315068493150687
11.56171563,26.55,707,78203.0,90.0,0.0,0.0,0.0,0,0,0,0,0,0,1,0.7447904755497033,18.164383561643834
11.24504602,9.98,642,15918.0,101.4,6.0,0.0,0.0,1,1,0,0,0,0,0,0.2080784313339769,12.821803652054793
9.61580548,13.36,717,2588.0,103.5,0.0,0.0,0.0,1,0,0,0,0,0,0,0.17253333334788593,8.95605022739726
11.15625052,0.26,687,1169.0,48.7,0.0,0.0,0.0,0,0,1,0,0,0,0,0.016700000017225977,0.9450913241095891
10.71441777,15.63,642,5575.0,66.4,0.0,1.0,0.0,1,0,1,0,0,0,0,0.12388888873433206,5.753310501369863
11.21182037,20.68,682,8009.0,74.2,4.0,0.0,1.0,0,1,0,0,0,0,0,0.10822972996635313,11.917694063013698
11.22524339,18.26,672,1393.0,43.5,7.0,0.0,0.0,0,0,0,0,0,0,0,0.01857333338010931,7.315068493150685
11.38509209,26.52,652,51914.0,88.5,0.0,0.0,0.0,1,0,0,0,1,0,0,0.5899318202231846,10.849200912328767
10.49127422,16.03,652,3132.0,97.9,4.0,0.0,0.0,0,0,1,0,0,0,0,0.08699999977712755,5.917694063013699
10.62132735,10.36,672,15301.0,46.8,7.0,1.0,0.0,0,0,0,0,0,0,0,0.3731951203414219,18.739611871232874
11.09741002,23.27,657,25348.0,91.6,1.0,0.0,0.0,0,0,1,0,0,0,0,0.3840606064479553,20.80536529589041
11.46163217,0.13,702,327.0,21.8,1.0,0.0,0.0,0,0,0,0,0,0,1,0.0034421052651635344,0.5753424657534246
8.517193191,0.0,682,0.0,0.0,3.0,0.0,0.0,1,0,0,0,0,0,0,0.0,0.6546803652054795
10.30895266,4.04,642,2288.0,53.2,2.0,0.0,0.0,1,0,1,0,0,0,0,0.07626666671580476,1.2328767123287672
9.903487553,5.46,677,4310.0,50.7,7.0,0.0,0.0,1,0,1,0,0,0,0,0.21549999990003563,3.452054794520548
10.30895266,0.4,672,174.0,9.2,7.0,1.0,0.0,0,0,0,1,0,0,0,0.0058000000037369,4.3561643835616435
10.98529272,23.86,677,14301.0,60.2,4.0,0.0,0.0,1,1,0,0,0,0,0,0.24238983120846155,19.887557076712326
10.73639668,13.51,642,4033.0,53.1,8.0,0.0,0.0,0,0,1,0,0,0,0,0.08767391264642342,4.682077624657534
11.60823564,15.49,707,33985.0,85.0,11.0,0.0,0.0,0,0,1,0,0,0,0,0.30895454692966534,14.465753424657533
9.798127037,19.2,657,9231.0,44.0,1.0,4.0,0.0,0,1,0,0,0,0,0,0.5128333332709222,14.054794520547945
10.49127422,21.5,642,3896.0,34.2,3.0,0.0,0.0,1,0,0,0,0,0,0,0.1082222219449837,5.013698630136986
9.903487553,2.58,652,1123.0,23.1,4.0,2.0,0.0,1,0,1,0,0,0,0,0.0561499999739536,5.013698630136986
10.93596004,5.04,662,11766.0,72.6,0.0,0.0,0.0,1,0,1,0,0,0,0,0.20950854673612165,2.8765981726027396
10.6974208,14.92,652,0.0,0.0,1.0,2.0,0.0,0,0,0,0,0,0,0,0.0,10.191780821917808
10.37349118,1.99,707,6306.0,36.7,7.0,0.0,0.0,1,0,0,0,1,0,0,0.19706250035113845,6.328767123287672
11.69524702,26.25,697,130799.0,89.4,3.0,0.0,0.0,0,0,1,0,0,0,0,1.0899916685896114,16.18904109589041
10.23995979,21.26,642,14479.0,78.3,2.0,0.0,0.0,0,0,0,0,0,0,0,0.5171071424213977,6.4082191780821915
11.22524339,8.0,677,1170.0,49.1,8.0,0.0,1.0,1,0,1,0,0,0,0,0.015600000039287791,5.999885843835616
9.903487553,13.2,652,6014.0,72.5,3.0,0.0,0.0,0,0,1,0,0,0,0,0.30069999986051377,3.041095890410959
11.04292184,12.61,652,9212.0,56.9,0.0,3.0,0.0,0,0,1,0,0,0,0,0.14739199936982444,7.147945205479452
11.00209984,1.02,652,1328.0,41.5,3.0,0.0,0.0,0,0,0,0,0,0,0,0.02213333335998714,1.4767123287671233
11.17043516,21.58,657,1992.0,18.3,3.0,6.0,0.0,0,0,1,0,0,0,0,0.028056337916601646,8.175342465753424
12.04355372,20.2,687,216959.0,45.4,4.0,0.0,0.0,0,0,0,0,0,0,1,1.2762294067011362,15.819178082191781
9.680344001,9.45,642,4467.0,93.1,0.0,0.0,0.0,0,0,1,0,0,0,0,0.27918750006195686,2.304109589041096
11.2515607,16.29,717,2.0,0.1,16.0,0.0,0.0,0,0,0,1,0,0,0,2.5974025995735592e-05,9.534246575342467
9.341368634,22.95,642,1201.0,75.1,3.0,0.0,0.0,1,0,0,0,0,0,0,0.10535087723328829,0.9039954336986301
10.91508846,9.62,612,1190.0,119.0,15.0,0.0,0.0,0,0,1,0,0,0,0,0.021636363727552434,3.3698630136986303
10.99373159,18.51,647,21899.0,69.1,4.0,2.0,0.0,0,0,0,0,0,0,0,0.3680504207325542,19.47945205479452
11.51292546,9.98,652,40238.0,63.2,10.0,0.0,0.0,0,0,0,0,0,0,1,0.4023800019999205,6.903995432876712
11.49272276,12.53,647,9568.0,97.1,1.0,0.0,3.0,0,1,0,0,0,0,0,0.0976326528320523,7.808105021917808
10.20507253,1.6,642,1202.0,92.5,1.0,0.0,0.0,0,0,0,0,0,0,0,0.0444526627288681,1.232990867671233
9.903487553,19.02,662,0.0,0.0,1.0,0.0,0.0,0,0,0,0,0,0,1,0.0,2.627397260273973
11.69524702,19.02,667,121719.0,60.0,5.0,0.0,0.0,1,0,1,0,0,0,0,1.014325001789455,17.50696347123288
9.61580548,8.72,647,5183.0,46.3,1.0,1.0,0.0,1,0,1,0,0,0,0,0.3455333333624779,4.191894978082192
11.08214255,21.93,657,254.0,36.3,6.0,1.0,0.0,1,0,0,0,0,0,1,0.003907692303306993,16.520662101369865
10.91508846,19.44,672,15973.0,31.6,8.0,3.0,0.0,1,0,0,0,0,0,1,0.2904181830421807,13.31518264931507
11.12726298,12.11,647,8174.0,76.7,12.0,0.0,1.0,0,0,0,0,0,0,0,0.12020588285278662,15.038356164383561
10.66895539,4.19,682,58.0,7.2,1.0,0.0,0.0,1,0,0,1,0,0,0,0.001348837215609082,1.726027397260274
10.71441777,2.48,707,1458.0,11.0,4.0,0.0,0.0,0,0,0,0,0,0,0,0.032399999959579574,8.167237443835615
9.969275293,18.93,642,1400.0,16.9,7.0,0.0,0.0,0,0,1,0,0,0,0,0.06554307116590742,1.5617579909589039
10.71441777,18.32,647,6367.0,80.6,0.0,0.0,0.0,0,0,0,0,0,0,0,0.14148888871237528,3.1234018273972604
11.23848862,9.49,652,16075.0,80.4,1.0,1.0,0.0,1,0,0,0,0,0,0,0.21151315774000823,7.641095890410959
11.03488966,17.03,642,15780.0,20.2,4.0,3.0,0.0,0,1,0,0,0,0,0,0.2545161300572529,25.726027397260275
9.392661929,3.0,657,884.0,55.2,1.0,0.0,0.0,0,0,0,1,0,0,0,0.0736666666497334,1.3124429224657534
10.50506754,4.64,657,4727.0,89.2,2.0,0.0,0.0,0,0,0,0,0,0,1,0.12950684925945594,20.791780821917808
10.66895539,11.58,662,2778.0,99.2,6.0,0.0,0.0,0,0,1,0,0,0,0,0.06460465146486258,17.043835616438358
8.517193191,4.8,662,228.0,19.0,3.0,0.0,0.0,0,0,0,0,0,0,0,0.04560000001898041,2.054908675890411
9.560997244,27.55,647,7400.0,77.1,3.0,0.0,0.0,1,0,1,0,0,0,0,0.521126760349381,7.723287671232876
10.27505111,3.1,632,997.0,7.3,4.0,0.0,0.0,1,0,0,0,0,0,0,0.03437931030936916,1.150799086849315
11.35040654,7.4,672,2695.0,29.9,8.0,0.0,0.0,1,0,1,0,0,0,0,0.03170588220939133,9.205593608219178
9.903487553,1.5,697,358.0,6.0,1.0,0.0,0.0,0,0,1,0,0,0,0,0.017899999991696697,1.3124429224657534
9.61580548,16.32,647,4364.0,101.5,5.0,0.0,0.0,1,1,0,0,0,0,0,0.2909333333578725,2.873972602739726
12.07254125,26.13,657,69407.0,78.6,2.0,0.0,0.0,0,0,1,0,0,0,0,0.39661142972384283,13.559018265753426
10.02127059,10.29,652,5070.0,72.4,3.0,1.0,0.0,0,0,1,0,0,0,0,0.22533333292604585,8.712328767123287
10.4341158,14.29,652,4206.0,75.1,1.0,0.0,0.0,0,0,1,0,0,0,0,0.12370588279807176,2.712328767123288
10.89673933,4.33,642,21964.0,83.5,4.0,0.0,0.0,1,0,1,0,0,0,0,0.4067407389292845,12.408333334246576
12.4292162,25.03,762,401941.0,20.7,1.0,0.0,0.0,1,0,0,0,0,0,1,1.607763994926512,23.178196347945203
9.071078305,17.52,727,9419.0,26.5,1.0,0.0,0.0,0,0,0,0,0,0,0,1.0826436777740636,11.92054794520548
11.51292546,11.4,647,37367.0,66.5,15.0,0.0,0.0,0,0,0,0,0,0,1,0.37367000185722526,20.13710045753425
10.49127422,0.33,712,89.0,1.6,0.0,0.0,0.0,1,0,1,0,0,0,0,0.002472222215889001,0.821917808219178
9.798127037,10.33,682,6646.0,100.7,1.0,0.0,0.0,1,0,0,0,0,0,0,0.36922222217728834,7.972602739726027
11.05089001,17.89,682,21154.0,96.2,8.0,0.0,1.0,0,0,0,0,0,0,0,0.33577777622435895,14.463127854794521
10.81977828,4.51,727,669.0,7.0,0.0,0.0,0.0,0,1,0,0,0,0,0,0.013380000059009595,1.643835616438356
11.53272809,2.55,707,8702.0,51.7,11.0,0.0,0.0,0,0,0,0,0,0,1,0.08531372568355172,4.356278539726027
11.28978191,8.21,687,693.0,53.3,1.0,0.0,0.0,0,0,0,0,0,0,0,0.008662500031670258,0.8191780821917808
10.83958091,0.54,687,704.0,44.0,4.0,0.0,0.0,0,0,1,0,0,0,0,0.013803921592183323,1.0877853882191781
10.91508846,12.87,642,4776.0,27.9,13.0,0.0,0.0,0,0,0,0,0,0,0,0.08683636400234489,8.882191780821918
11.74878779,1.95,657,6298.0,86.3,2.0,3.0,0.0,0,0,0,0,0,0,0,0.049747235321987035,13.972602739726028
10.87804719,15.65,647,11796.0,74.7,20.0,0.0,0.0,1,0,0,0,0,1,0,0.222566038299889,5.589155252054795
10.46310334,1.37,642,1545.0,61.8,6.0,0.0,0.0,0,0,0,0,0,0,0,0.044142857163672736,0.580936073150685
9.655026193,14.23,652,6312.0,60.7,4.0,0.0,0.0,0,0,1,0,0,0,0,0.40461538471153297,3.3699771698630134
11.1844214,9.18,667,0.0,0.0,18.0,0.0,0.0,0,0,0,0,0,1,0,0.0,11.260388128767124
11.8493977,24.04,652,128850.0,89.6,2.0,0.0,0.0,1,0,1,0,0,0,0,0.9203571443218365,17.09326484109589
10.6454249,1.71,657,0.0,0.0,2.0,0.0,0.0,1,0,1,0,0,0,0,0.0,8.630251142465754
11.1519556,13.31,687,5521.0,55.8,5.0,0.0,1.0,1,0,1,0,0,0,0,0.07921090361619942,21.78082191780822
10.61643736,20.53,652,1728.0,57.6,8.0,0.0,0.0,0,0,1,0,0,0,0,0.042352941193083624,7.890410958904109
11.09741002,0.0,742,0.0,0.0,9.0,0.0,0.0,0,0,0,0,0,0,1,0.0,4.438470320547945
11.00209984,22.44,687,23.0,1.3,5.0,2.0,0.0,1,0,0,0,0,0,1,0.00038333333379495795,13.312442923287673
10.1266311,10.22,687,6552.0,95.0,4.0,0.0,0.0,0,0,1,0,0,0,0,0.2620800010090963,7.4768264849315065
10.30895266,13.16,647,2153.0,86.1,3.0,0.0,0.0,0,0,1,0,0,0,0,0.07176666671290544,10.027397260273972
10.20359214,0.93,717,157.0,5.4,1.0,0.0,0.0,0,0,0,0,0,1,0,0.005814814843810194,0.821917808219178
10.63055295,20.56,662,18749.0,83.0,5.0,0.0,0.0,1,0,0,0,1,0,0,0.45309328236744706,5.671232876712328
10.82774645,6.69,647,10155.0,35.0,1.0,2.0,0.0,0,0,1,0,0,0,0,0.20148809605602822,33.28778539726027
12.1281111,24.59,697,245886.0,84.5,7.0,0.0,0.0,1,0,1,0,0,0,0,1.3291135189103285,17.835616438356166
11.1844214,28.4,692,60134.0,53.0,5.0,0.0,1.0,1,0,0,0,0,0,1,0.8351944427725461,12.246689498630138
11.65442503,10.33,662,0.0,0.0,4.0,0.0,0.0,0,0,1,0,0,0,0,0.0,1.8082191780821917
10.22557105,22.61,642,3395.0,97.0,0.0,0.0,0.0,0,0,0,0,0,0,0,0.12300724658656874,3.616552512328767
10.30895266,8.96,682,6893.0,15.4,27.0,0.0,0.0,0,0,0,0,0,0,1,0.22976666681470376,1.9698630136986301
9.574983486,0.0,757,0.0,0.0,0.0,0.0,0.0,1,0,0,0,0,0,0,0.0,0.821917808219178
12.48370438,8.3,677,2053.0,2.6,25.0,0.0,0.0,1,0,0,0,0,0,0,0.007776515168067094,19.39737443013699
12.01370075,18.76,732,81617.0,32.7,4.0,1.0,0.0,0,0,1,0,0,0,0,0.49464848627441677,22.767123287671232
9.929788627,26.88,742,17741.0,68.2,0.0,0.0,0.0,0,0,1,0,0,0,0,0.8640237665811372,10.849315068493151
10.1266311,5.09,652,14594.0,97.9,0.0,0.0,0.0,1,0,0,0,0,0,1,0.5837600022476727,10.024657534246575
10.83565163,19.13,647,289.0,28.9,15.0,0.0,0.0,1,0,0,0,1,0,0,0.005688976398242911,0.6576484019178083
10.49127422,23.47,657,10130.0,45.6,2.0,1.0,0.0,0,0,1,0,0,0,0,0.28138888816804025,13.032876712328767
10.59663473,16.71,642,9135.0,76.8,28.0,0.0,0.0,0,0,1,0,0,0,0,0.2283750007070658,4.928767123287671
10.55205569,11.26,652,8963.0,99.6,2.0,0.0,0.0,0,0,1,0,0,0,0,0.23429004593512462,2.712328767123288
11.26446411,13.78,652,9942.0,87.2,2.0,2.0,0.0,0,0,1,0,0,0,0,0.1274615379098503,10.931506849315069
10.6454249,3.42,657,0.0,0.0,2.0,0.0,0.0,1,0,0,0,0,1,0,0.0,8.712328767123287
11.2515607,16.54,692,18878.0,40.3,5.0,0.0,0.0,1,0,1,0,0,0,0,0.24516883137374823,13.39463470410959
10.49127422,12.27,692,12415.0,53.3,4.0,0.0,0.0,1,0,1,0,0,0,0,0.34486111022766236,4.8493150684931505
10.59663473,21.9,652,13025.0,28.4,3.0,0.0,0.0,0,0,1,0,0,0,0,0.32562500100815894,16.931506849315067
10.18111929,25.0,662,8768.0,71.9,3.0,0.0,0.0,1,0,1,0,0,0,0,0.33212121183373056,5.5069634712328766
12.67607627,22.68,732,407794.0,20.8,0.0,0.0,0.0,1,0,0,0,0,0,1,1.2743562560862105,23.260388128767122
10.59663473,0.45,667,336.0,33.6,1.0,0.0,0.0,0,0,1,0,0,0,0,0.008400000026007017,2.2192922375342463
11.31447453,21.03,672,52316.0,83.7,11.0,1.0,1.0,0,0,1,0,0,0,0,0.6379999976051969,14.137100457534247
10.21200113,14.85,662,0.0,0.0,31.0,0.0,1.0,0,0,0,0,0,0,0,0.0,7.726027397260274
10.08580911,5.0,722,4698.0,27.6,4.0,0.0,0.0,0,0,0,0,0,0,0,0.19574999986886377,5.504223745205479
10.77895629,27.6,712,16513.0,30.9,6.0,1.0,0.0,1,0,0,0,0,0,0,0.34402083329550065,15.287785389041098
10.30895266,18.52,647,4021.0,72.3,3.0,0.0,0.0,1,0,1,0,0,0,0,0.1340333334196901,3.041095890410959
11.40529571,4.78,657,7455.0,93.2,1.0,2.0,0.0,0,0,1,0,0,0,0,0.08302151542405686,10.19189497808219
10.67359577,6.36,687,1069.0,42.8,1.0,0.0,0.0,0,0,1,0,0,0,0,0.024745370475097762,1.4165525115068491
10.59663473,28.68,692,21290.0,78.0,1.0,0.0,0.0,0,1,0,0,0,0,0,0.5322500016478852,12.901369863013699
10.34817337,20.54,642,14670.0,79.3,3.0,0.0,0.0,0,0,0,0,0,0,0,0.47019230947789786,6.490525115068493
11.36210258,0.0,727,0.0,0.0,6.0,1.0,0.0,0,0,0,0,0,0,1,0.0,8.630251142465754
9.798127037,16.13,707,466.0,46.6,0.0,0.0,0.0,1,0,1,0,0,0,0,0.025888888885738245,1.3754566210958905
10.51867319,4.54,667,6232.0,60.5,0.0,0.0,0.0,0,0,0,0,0,0,0,0.16843243270636454,2.5480593608219175
10.6454249,0.94,697,179.0,17.9,3.0,0.0,0.0,1,0,0,0,0,0,1,0.004261904750250606,1.0684931506849316
8.699514748,0.0,682,0.0,0.0,1.0,0.0,0.0,0,0,1,0,0,0,0,0.0,1.3151826484931508
11.1844214,8.73,652,3193.0,59.1,3.0,2.0,0.0,1,0,0,0,0,0,0,0.04434722213344763,11.586415526027398
10.77895629,5.2,647,11587.0,67.0,11.0,0.0,0.0,0,0,0,0,1,0,0,0.24139583330678654,3.2877853890410957
10.70099475,28.73,647,6076.0,79.9,6.0,1.0,0.0,0,0,1,0,0,0,0,0.13684684663067215,12.901369863013699
12.52815614,17.87,672,275925.0,84.8,0.0,1.0,0.0,0,0,1,0,0,0,0,0.9997282655675751,19.14805936164384
12.52815614,20.06,672,275925.0,84.8,0.0,1.0,0.0,0,0,1,0,0,0,0,0.9997282655675751,19.14805936164384
11.28978191,0.62,712,1539.0,10.3,1.0,0.0,0.0,0,0,0,0,0,1,0,0.01923750007033265,1.726027397260274
10.03240833,5.7,672,3613.0,103.2,1.0,1.0,0.0,0,0,0,0,0,0,0,0.15879922685498057,8.630251142465754
11.22524339,3.42,647,296.0,74.0,3.0,0.0,1.0,0,0,0,0,0,0,0,0.003946666676606142,9.123287671232877
10.26813067,2.46,682,1999.0,99.9,3.0,0.0,0.0,0,0,0,0,0,0,0,0.06940972195319275,7.148059361643836
11.30958454,19.49,657,5191.0,48.1,14.0,0.0,0.0,1,0,1,0,0,0,0,0.0636151961390057,6.4110730602739725
10.858999,11.54,652,9603.0,96.5,5.0,0.0,0.0,0,0,1,0,0,0,0,0.18467307647313275,5.260388128767123
11.08214255,12.54,682,1367.0,6.9,9.0,0.0,0.0,1,0,1,0,0,0,0,0.02103076920716795,6.493264841095891
11.00209984,21.34,642,25254.0,53.1,24.0,0.0,0.0,0,0,0,0,0,0,0,0.4209000005068638,16.10958904109589
12.27373129,11.61,692,921.0,14.6,16.0,0.0,0.0,0,0,0,0,0,0,1,0.0043037383349891255,4.027397260273973
9.61580548,11.68,692,441.0,73.5,0.0,0.0,0.0,0,0,0,0,0,0,0,0.02940000000247979,1.3151826484931508
8.987196821,11.1,662,0.0,0.0,2.0,0.0,0.0,0,0,0,1,0,0,0,0.0,2.873972602739726
11.28978191,16.29,717,28095.0,32.8,7.0,0.0,0.0,0,1,0,0,0,0,0,0.35118750128394793,7.23299086849315
9.878169745,0.92,692,362.0,25.9,0.0,0.0,0.0,0,0,0,1,0,0,0,0.018564102555782856,0.9863013698630136
10.18111929,11.32,657,3919.0,37.7,15.0,0.0,0.0,0,0,1,0,0,0,0,0.14844696956847514,3.863013698630137
12.27373129,11.78,692,921.0,14.6,16.0,0.0,0.0,0,1,0,0,0,0,0,0.0043037383349891255,4.027397260273973
12.76568843,17.64,657,44827.0,80.4,14.0,0.0,0.0,1,0,0,0,1,0,0,0.12807714330100642,11.589155252054796
10.49127422,26.53,697,13764.0,75.2,5.0,0.0,0.0,0,0,1,0,0,0,0,0.38233333235389005,6.328881279452054
10.87426647,18.52,647,20383.0,67.9,2.0,0.0,0.0,0,0,1,0,0,0,0,0.38604166654867406,10.134246575342466
11.33857208,19.1,662,26710.0,102.7,3.0,0.0,0.0,0,0,0,1,0,0,0,0.3179761897847354,18.24668949863014
11.14186178,14.71,652,4668.0,55.6,2.0,1.0,0.0,1,0,0,0,0,0,1,0.06765217415519749,13.96986301369863
10.16585182,0.0,637,0.0,0.0,2.0,0.0,0.0,1,0,0,0,0,0,0,0.0,1.4795662101369862
10.91508846,28.43,697,38057.0,96.8,3.0,0.0,0.0,0,0,1,0,0,0,0,0.6919454574617335,11.175456621917808
9.392661929,17.1,632,7587.0,97.3,0.0,0.0,0.0,1,0,0,0,0,0,0,0.6322499998546689,3.2850456630136984
11.40756495,15.0,687,11220.0,72.4,4.0,0.0,0.0,0,1,0,0,0,0,0,0.12466666658094622,5.342579909589041
10.18111929,29.41,692,10565.0,56.8,2.0,0.0,0.0,0,0,1,0,0,0,0,0.4001893935929931,9.452168950684932
11.55214618,6.95,652,1189.0,79.3,0.0,0.0,0.0,0,0,0,0,0,0,0,0.01143269228623898,9.616552512328767
11.58988651,21.97,692,7258.0,42.7,7.0,0.0,0.0,1,0,0,0,0,0,0,0.0672037034420365,18.161757991780824
12.03171926,6.23,682,16161.0,78.1,4.0,0.0,0.0,1,0,0,0,0,0,0,0.09619642841610952,14.3836758
10.7381343,25.91,697,14554.0,52.0,3.0,0.0,0.0,0,0,0,0,0,0,0,0.3158420124264685,10.517922375342465
10.91871823,7.96,652,13614.0,70.9,3.0,0.0,0.0,0,0,1,0,0,0,0,0.24663043534127274,10.764383561643836
11.46163217,16.19,657,16027.0,64.6,5.0,0.0,0.0,0,0,0,0,0,0,0,0.16870526325619561,13.89041095890411
8.881836305,17.33,687,2469.0,29.7,1.0,0.0,0.0,1,0,0,0,0,0,0,0.34291666666808857,1.4795662101369862
11.00209984,25.08,757,53461.0,50.8,0.0,0.0,0.0,0,0,0,0,0,0,1,0.8910166677396629,25.156278539726028
10.77895629,8.3,717,0.0,0.0,1.0,0.0,0.0,0,0,0,0,0,0,0,0.0,2.383675799178082
10.30895266,12.76,657,5830.0,64.1,1.0,0.0,0.0,1,0,0,1,0,0,0,0.19433333345854098,8.95890410958904
11.1844214,15.72,712,3943.0,43.8,4.0,0.0,0.0,1,0,0,0,0,0,1,0.05476388877926214,13.561757991780823
10.37349118,27.15,652,2012.0,100.6,0.0,0.0,0.0,0,0,1,0,0,0,0,0.06287500011203466,9.452168950684932
11.00209984,2.16,662,3286.0,84.3,6.0,0.0,0.0,1,0,1,0,0,0,0,0.05476666673261878,9.205593608219178
10.55581274,21.81,657,7897.0,75.2,3.0,0.0,0.0,1,0,1,0,0,0,0,0.20565104137378212,8.712442923287671
10.49127422,26.08,682,204.0,4.6,11.0,0.0,0.0,1,0,1,0,0,0,0,0.00566666665215007,8.712442923287671
10.37098805,6.62,677,0.0,0.0,0.0,0.0,0.0,0,1,0,0,0,0,0,0.0,1.2384703197260274
10.54534144,9.76,642,8731.0,38.1,0.0,0.0,0.0,0,0,1,0,0,0,0,0.22976315759800306,10.10958904109589
10.81977828,13.9,697,4115.0,11.6,5.0,0.0,0.0,1,0,0,0,0,0,1,0.08230000036296634,16.6850456630137
10.49127422,0.6,727,596.0,29.8,0.0,0.0,0.0,0,0,0,0,0,0,1,0.016555555513144322,1.5617579909589039
10.81977828,16.92,647,4693.0,28.8,8.0,0.0,1.0,1,0,1,0,0,0,0,0.09386000041394922,15.04109589041096
10.91508846,15.53,652,19457.0,51.1,0.0,2.0,0.0,1,0,0,0,1,0,0,0.3537636378546115,23.832876712328765
9.942708266,28.42,662,1878.0,22.6,3.0,0.0,0.0,0,0,0,0,0,0,0,0.09028846151041875,3.3097031972602737
10.77058804,15.53,647,1233.0,35.2,1.0,0.0,0.0,0,0,1,0,0,0,0,0.0259033613502239,4.027397260273973
10.5865844,5.67,737,4545.0,18.9,4.0,0.0,0.0,0,0,1,0,0,0,0,0.11477272695624978,8.013698630136986
10.71441777,0.67,702,339.0,11.7,6.0,0.0,0.0,0,0,0,0,0,0,0,0.007533333323935169,8.156164383561643
10.18111929,13.55,687,40091.0,33.2,0.0,0.0,0.0,0,0,0,0,0,1,0,1.5185984835339976,11.257648402739727
12.30138283,21.28,747,270800.0,25.3,5.0,0.0,0.0,0,0,0,0,1,0,0,1.2309090851662834,23.91780821917808
9.743788174,21.75,687,5898.0,42.1,3.0,0.0,0.0,0,0,0,0,0,0,0,0.34596433591584425,0.9863013698630136
10.41774727,17.08,657,12951.0,83.0,1.0,0.0,1.0,0,0,1,0,0,0,0,0.3871980399224,14.46586758082192
10.51867319,22.25,647,276.0,92.0,6.0,0.0,1.0,0,0,1,0,0,0,0,0.007459459471591241,12.164383561643836
10.30895266,14.08,662,0.0,0.0,7.0,0.0,0.0,1,0,0,1,0,0,0,0.0,5.369977169863014
8.9226583,19.2,672,5168.0,84.1,4.0,0.0,0.0,0,0,0,0,0,0,0,0.6890666663389478,3.2877853890410957
11.12726298,5.61,682,2324.0,14.0,18.0,0.0,0.0,1,0,0,0,0,0,0,0.03417647073034941,4.027397260273973
11.05089001,14.55,672,7180.0,34.4,4.0,0.0,0.0,1,1,0,0,0,0,0,0.1139682534409992,11.753424657534246
11.09741002,5.13,687,12123.0,21.0,5.0,0.0,0.0,1,0,0,0,1,0,0,0.18368181836707284,8.545319635616439
10.4341158,19.34,657,3266.0,46.0,6.0,0.0,0.0,0,0,1,0,0,0,0,0.09605882387506001,7.641210046575343
11.00209984,21.03,662,16140.0,81.8,13.0,0.0,1.0,0,0,1,0,0,0,0,0.26900000032394006,18.08219178082192
10.59663473,9.98,672,0.0,0.0,0.0,0.0,0.0,0,0,1,0,0,0,0,0.0,1.0684931506849316
10.34174248,16.88,657,2229.0,51.8,1.0,7.0,0.0,0,0,1,0,0,0,0,0.07190322605576042,14.052054794520547
11.28978191,8.64,662,15636.0,73.4,1.0,0.0,0.0,0,0,1,0,0,0,0,0.19545000071456878,2.7151826484931507
10.36501788,13.01,702,2294.0,22.9,5.0,0.0,0.0,1,0,0,0,0,0,0,0.07229751057359571,9.942465753424658
10.49127422,12.77,662,8480.0,19.1,4.0,2.0,0.0,0,0,1,0,0,0,0,0.23555555495212058,6.657648402739726
11.29476946,26.49,692,18943.0,55.2,6.0,0.0,1.0,0,0,0,0,0,0,0,0.23560945159763166,14.136986301369863
10.19913779,10.0,652,182.0,60.7,6.0,0.0,0.0,0,0,0,0,0,0,0,0.006770833364730269,5.178082191780822
10.70324447,20.14,677,17940.0,64.5,6.0,0.0,0.0,1,1,0,0,0,0,0,0.40314606667165653,13.972602739726028
11.09741002,22.16,662,23802.0,62.8,6.0,0.0,0.0,1,0,1,0,0,0,0,0.3606363640000881,18.739840183561643
11.09741002,9.38,732,664.0,1.6,2.0,0.0,0.0,0,0,0,0,0,1,0,0.010060606070752813,2.6302511416438357
10.30895266,13.88,677,844.0,46.9,9.0,0.0,0.0,0,0,1,0,0,0,0,0.02813333335145945,8.380936073972602
9.729134165,7.07,702,0.0,0.0,6.0,0.0,0.0,0,0,0,0,0,1,0,0.0,2.136986301369863
11.15625052,13.94,672,11346.0,103.1,6.0,0.0,0.0,1,0,1,0,0,0,0,0.162085714452905,11.095890410958905
11.00967111,22.93,652,25203.0,93.0,0.0,0.0,0.0,0,1,0,0,0,0,0,0.41688169771146166,16.6850456630137
10.6454249,12.94,712,45442.0,25.8,0.0,0.0,0.0,1,0,1,0,0,0,0,1.0819523779937879,4.027397260273973
10.08580911,11.35,652,5016.0,27.7,5.0,0.0,0.0,0,0,1,0,0,0,0,0.20899999985998735,6.739840183561644
9.887358171,23.6,677,480.0,96.0,5.0,0.0,0.0,0,0,0,0,0,0,0,0.02439024389283521,4.27408675890411
8.411832676,4.0,667,333.0,37.0,4.0,0.0,0.0,0,0,0,1,0,0,0,0.07399999998212245,0.9041095890410958
11.05089001,14.51,667,12508.0,34.7,5.0,0.0,0.0,1,1,0,0,0,0,0,0.19853968162117244,7.890410958904109
11.33857208,16.67,722,6673.0,32.6,4.0,0.0,0.0,0,0,1,0,0,0,0,0.07944047601772891,12.213698630136987
10.89673933,20.2,657,18511.0,72.6,0.0,0.0,0.0,0,0,1,0,0,0,0,0.34279629476962237,9.287785389041096
11.8493977,8.39,707,16298.0,80.7,8.0,0.0,0.0,1,0,0,0,0,0,1,0.11641428589955212,14.46586758082192
11.69524702,19.33,647,5094.0,71.7,3.0,1.0,0.0,1,0,0,0,0,0,1,0.04245000007488957,14.136986301369863
11.39611071,6.78,657,0.0,0.0,0.0,2.0,0.0,0,1,0,0,0,0,0,0.0,19.23299086849315
10.59663473,5.13,657,75.0,37.5,8.0,0.0,0.0,1,0,1,0,0,0,0,0.0018750000058051378,8.709703197260273
11.00209984,28.16,672,7846.0,25.8,4.0,1.0,0.0,0,0,0,0,0,0,0,0.13076666682414087,17.753538813698633
10.43998092,10.04,682,1856.0,26.5,0.0,0.0,0.0,0,0,0,0,0,0,0,0.054269006013511485,1.9726027397260273
11.36210258,0.75,717,2718.0,19.3,8.0,1.0,0.0,0,0,0,0,0,0,1,0.03160465101221491,8.715182649315068
11.3009691,15.63,702,42619.0,2.6,4.0,0.0,0.0,0,0,1,0,0,0,0,0.5268108792316729,9.942465753424658
10.49127422,18.53,642,6970.0,76.6,4.0,1.0,0.0,1,0,1,0,0,0,0,0.1936111106151274,8.95890410958904
9.903487553,14.58,737,20245.0,50.1,1.0,0.0,0.0,1,0,1,0,0,0,0,1.0122499995304457,18.904109589041095
10.39476332,29.07,687,10503.0,51.7,1.0,0.0,0.0,0,0,1,0,0,0,0,0.3213105717417375,4.03013698630137
9.472704636,10.43,672,474.0,11.8,0.0,0.0,0.0,0,0,0,0,0,0,0,0.03646153847771551,2.6275114156164383
11.40756495,10.24,672,4162.0,68.4,14.0,0.0,1.0,1,0,0,0,0,0,1,0.04624444441264689,6.164383561643835
10.71441777,23.04,652,7091.0,89.8,0.0,1.0,0.0,0,1,0,0,0,0,0,0.15757777758119257,11.422031964383562
11.05089001,17.22,647,2347.0,24.7,1.0,1.0,0.0,1,0,0,1,0,0,0,0.0372539680816191,11.504223745205481
10.62132735,15.75,642,11638.0,73.7,4.0,1.0,0.0,0,0,1,0,0,0,0,0.28385365731216705,6.24394977260274
11.1124479,21.83,667,33295.0,90.7,4.0,0.0,1.0,1,0,1,0,0,0,0,0.49694029769899234,14.301484019178083
10.81977828,23.47,697,48792.0,80.9,0.0,0.0,0.0,0,0,1,0,0,0,0,0.9758400043037312,20.383675800000002
10.12502982,0.96,652,177.0,88.5,1.0,0.0,0.0,1,0,0,0,0,1,0,0.007091346171456548,0.4932648402739726
11.03488966,15.38,647,11214.0,70.1,0.0,0.0,0.0,0,0,1,0,0,0,0,0.18087096847034434,5.095890410958904
11.19821472,19.73,657,26066.0,98.0,13.0,0.0,1.0,1,0,1,0,0,0,0,0.35706849319729267,17.013698630136986
12.3883942,9.67,682,66919.0,61.3,5.0,0.0,0.0,0,0,0,0,0,0,0,0.2788291673147013,25.96986301369863
10.71441777,25.84,647,10147.0,89.8,0.0,0.0,0.0,1,0,0,0,1,0,0,0.2254888886075816,4.928767123287671
10.20359214,19.29,697,1364.0,34.1,2.0,0.0,0.0,0,0,0,0,0,1,0,0.05051851877042742,1.3206621005479453
10.71441777,22.77,692,22191.0,85.3,6.0,0.0,1.0,1,0,1,0,0,0,0,0.4931333327181278,15.668607306849315
11.48246626,19.6,737,40904.0,34.4,12.0,0.0,0.0,0,0,0,0,0,0,0,0.4216907205891513,33.534360739726026
11.00209984,17.28,657,11096.0,92.2,2.0,0.0,1.0,1,0,1,0,0,0,0,0.1849333335560371,14.794520547945206
11.8493977,16.9,672,45428.0,82.3,5.0,0.0,1.0,0,0,1,0,0,0,0,0.32448571480211397,12.164383561643836
10.8177362,25.4,707,11937.0,52.8,0.0,0.0,0.0,1,0,1,0,0,0,0,0.23922802535700433,17.42477169041096
9.392661929,3.9,642,1437.0,79.8,0.0,0.0,0.0,1,0,1,0,0,0,0,0.11974999997247386,1.0684931506849316
11.98292909,12.26,702,56200.0,57.4,4.0,0.0,0.0,0,1,0,0,0,0,0,0.3512500014808571,19.068493150684933
9.663007082,3.82,722,0.0,0.0,0.0,0.0,0.0,0,0,0,1,0,0,0,0.0,1.6494292238356163
11.12726298,14.45,642,29452.0,65.4,2.0,1.0,0.0,0,0,0,0,0,1,0,0.43311764885983256,12.904109589041095
8.160518247,5.14,752,506.0,5.9,0.0,0.0,0.0,0,0,0,0,0,0,0,0.14457142864046207,2.5480593608219175
11.31447453,16.27,682,33859.0,88.7,4.0,0.0,0.0,1,1,0,0,0,0,0,0.412914632596421,17.50696347123288
11.98292909,25.11,692,127093.0,76.6,2.0,0.0,0.0,0,0,1,0,0,0,0,0.7943312533488713,14.134246575342466
10.77895629,26.08,687,32005.0,70.4,1.0,0.0,0.0,0,0,0,0,0,0,0,0.6667708332600072,14.627511416438358
10.93310697,24.36,652,10402.0,81.9,3.0,0.0,0.0,1,0,1,0,0,0,0,0.18574999994748578,20.216438356164385
10.46310334,21.5,657,4473.0,106.5,7.0,0.0,1.0,1,0,1,0,0,0,0,0.12780000006026418,11.915068493150685
9.83734775,0.96,662,182.0,18.2,2.0,0.0,1.0,0,0,0,0,0,0,0,0.009722222222529286,3.0383561643835617
10.52406404,17.55,657,6370.0,87.3,2.0,0.0,0.0,0,0,1,0,0,0,0,0.1712365591845183,7.808219178082192
10.91508846,4.95,682,1963.0,56.1,4.0,1.0,0.0,0,0,0,0,0,0,0,0.035690909241332294,9.219178082191782
10.858999,11.08,732,5255.0,46.1,5.0,1.0,0.0,0,0,0,0,0,0,0,0.10105769206147168,18.82191780821918
10.59663473,2.4,642,4340.0,85.1,3.0,0.0,0.0,0,0,1,0,0,0,0,0.10850000033592397,6.821917808219178
11.12726298,26.7,657,27163.0,88.2,2.0,0.0,0.0,0,0,0,0,1,0,0,0.3994558840139764,9.123287671232877
11.15625052,9.77,657,4768.0,59.6,4.0,1.0,0.0,1,0,1,0,0,0,0,0.0681142857845453,9.61381278630137
10.73639668,3.89,657,3302.0,66.0,4.0,0.0,0.0,0,0,1,0,0,0,0,0.07178260837056537,0.4932648402739726
10.08580911,10.65,647,3257.0,59.2,0.0,0.0,0.0,0,0,1,0,0,0,0,0.13570833324242002,30.657648410958906
10.16585182,4.34,642,6345.0,77.4,8.0,0.0,0.0,0,0,1,0,0,0,0,0.24403846080722927,3.780936073972603
11.91839057,11.57,687,31629.0,101.4,2.0,0.0,0.0,1,1,0,0,0,0,0,0.21086000064910995,9.452168950684932
10.9331784,5.34,642,1697.0,60.6,2.0,1.0,0.0,0,0,0,0,0,0,0,0.030301406913203967,6.657648402739726
11.15625052,23.21,677,59023.0,79.5,5.0,0.0,0.0,0,1,0,0,0,0,0,0.8431857151554567,32.38367580821918
10.4341158,16.91,647,13128.0,25.6,10.0,0.0,0.0,0,0,1,0,0,0,0,0.38611764844818974,10.27408675890411
11.56171563,3.73,702,1554.0,9.1,2.0,0.0,1.0,1,0,0,0,0,0,1,0.014799999987266972,2.136986301369863
10.59663473,0.99,707,1676.0,64.5,1.0,0.0,0.0,0,0,0,0,0,0,0,0.04190000012972548,2.1342465753424658
11.87756858,29.96,667,212629.0,87.4,3.0,0.0,0.0,1,0,1,0,0,0,0,1.4765902756487375,38.298744301369865
11.08214255,22.01,657,16265.0,76.7,1.0,0.0,0.0,0,0,1,0,0,0,0,0.2502307689499537,6.5727168958904105
9.83734775,5.22,662,182.0,18.2,2.0,0.0,1.0,0,0,0,0,0,0,0,0.009722222222529286,3.0383561643835617
10.67821472,14.9,692,20.0,0.4,2.0,0.0,0.0,1,0,0,0,0,0,0,0.0004608294931283394,1.9726027397260273
10.83958091,15.93,642,18382.0,79.6,3.0,0.0,0.0,0,0,0,0,1,0,0,0.36043137316408214,11.506963471232877
12.01370075,13.52,657,198023.0,61.3,2.0,1.0,0.0,1,0,1,0,0,0,0,1.200139397399057,18.57545662191781
10.31692083,19.96,642,6083.0,23.9,1.0,0.0,0.0,1,0,1,0,0,0,0,0.20115740746644076,5.424771690410958
11.31447453,20.96,657,24391.0,98.4,3.0,2.0,0.0,0,0,1,0,0,0,0,0.2974512183956793,17.42477169041096
10.42228135,17.04,682,7291.0,98.5,6.0,0.0,0.0,0,0,1,0,0,0,0,0.21699404674050277,6.328881279452054
10.90411943,19.46,697,1827.0,33.2,5.0,0.0,0.0,1,0,0,0,0,0,1,0.03358455891904505,9.780936073972603
10.86283777,4.34,682,8414.0,105.2,4.0,0.0,0.0,0,0,0,0,0,0,1,0.16118774008751569,8.548059361643835
11.9511804,25.27,667,210887.0,35.5,3.0,0.0,0.0,1,0,0,0,0,0,1,1.360561284746162,22.438470320547946
10.81977828,26.86,662,18579.0,82.9,0.0,0.0,0.0,1,0,1,0,0,0,0,0.3715800016387732,9.863013698630137
10.95185862,22.17,657,6710.0,54.6,1.0,0.0,0.0,0,0,0,0,0,0,0,0.11759551405520274,13.559018265753426
10.32548196,0.39,677,397.0,39.7,1.0,0.0,0.0,0,1,0,0,0,0,0,0.013016393476407047,0.5014840183561644
11.35040654,16.28,647,2253.0,62.6,4.0,0.0,0.0,0,0,1,0,0,0,0,0.02650588223293457,4.356278539726027
11.22524339,27.2,677,14273.0,50.1,2.0,1.0,1.0,0,0,1,0,0,0,0,0.19030666714594413,10.685045663013698
10.81977828,26.52,657,18941.0,98.7,1.0,0.0,0.0,1,0,1,0,0,0,0,0.3788200016707036,20.465867580821918
11.30684796,25.91,657,41603.0,81.1,0.0,0.0,0.0,1,0,1,0,0,0,0,0.5112378173945178,6.657648402739726
10.50232405,14.34,657,11541.0,63.4,0.0,0.0,0.0,0,0,1,0,0,0,0,0.3170604407097303,6.983561643835617
10.89673933,14.82,647,8079.0,45.4,3.0,2.0,0.0,0,0,1,0,0,0,0,0.14961111044480466,16.12054794520548
10.66895539,27.99,692,14998.0,80.9,0.0,0.0,1.0,0,0,1,0,0,0,0,0.34879069930525886,12.164383561643836
10.46310334,10.94,707,10008.0,84.8,6.0,0.0,0.0,1,0,0,0,0,0,0,0.2859428572776937,9.367237443835617
11.22524339,1.06,692,821.0,6.1,4.0,2.0,0.0,0,0,0,0,0,0,0,0.01094666669423528,15.013698630136986
9.903487553,9.78,657,504.0,63.0,2.0,0.0,0.0,0,0,0,0,0,1,0,0.02519999998831043,5.339840183561644
10.54534144,5.81,647,7600.0,84.4,2.0,0.0,0.0,0,0,1,0,0,0,0,0.19999999974170465,6.8191780821917805
10.04324949,7.83,687,7846.0,56.9,4.0,0.0,1.0,0,0,1,0,0,0,0,0.3411304364579984,12.09041095890411
10.71441777,17.95,687,3092.0,14.9,6.0,0.0,2.0,0,0,0,0,0,0,0,0.06871111102539099,18.24668949863014
9.998797732,8.73,642,9930.0,55.2,0.0,1.0,0.0,0,0,1,0,0,0,0,0.45136363651730443,26.627511416438356
10.20359214,19.42,657,3959.0,100.0,2.0,2.0,0.0,0,0,0,0,0,0,1,0.14662963036079338,12.572716895890412
11.00209984,3.48,702,0.0,0.0,8.0,0.0,0.0,0,0,0,0,0,0,0,0.0,0.4932648402739726
11.91839057,19.13,687,62705.0,78.5,5.0,0.0,0.0,0,0,1,0,0,0,0,0.41803333462020426,13.972602739726028
10.29214554,22.13,657,9821.0,56.8,5.0,0.0,2.0,1,1,0,0,0,0,0,0.3329152550122853,16.356278539726027
11.65268741,21.03,652,73941.0,63.5,2.0,0.0,0.0,0,0,1,0,0,0,0,0.6429652156844804,19.561757991780823
10.20359214,11.02,652,2359.0,57.5,0.0,2.0,0.0,0,0,1,0,0,0,0,0.0873703708060398,7.210958904109589
10.30895266,8.2,662,18718.0,68.1,2.0,0.0,0.0,1,0,1,0,0,0,0,0.6239333337353293,2.791894978082192
9.83734775,0.64,682,287.0,28.7,4.0,0.0,0.0,0,0,0,0,0,1,0,0.015331196581680797,0.5727168950684932
12.20906815,11.85,732,133963.0,16.8,15.0,0.0,0.0,1,0,0,0,1,0,0,0.6678115683158992,26.791780821917808
11.51292546,29.04,692,71002.0,75.6,1.0,0.0,0.0,1,0,1,0,0,0,0,0.7100200035289617,37.06849315068493
10.55581274,12.28,687,364.0,28.0,5.0,0.0,0.0,0,0,0,0,0,0,0,0.009479166653166607,6.986301369863014
11.51292546,24.79,662,41190.0,75.2,4.0,0.0,0.0,0,1,0,0,0,0,0,0.41190000204723715,20.87945205479452
11.39639165,3.49,652,8016.0,61.7,11.0,8.0,0.0,0,0,1,0,0,0,0,0.09006741561453532,14.219178082191782
12.83201108,8.52,652,165108.0,92.3,4.0,0.0,0.0,1,0,0,0,0,0,1,0.44146523905096624,13.80559360821918
11.55214618,25.47,692,22470.0,45.9,0.0,0.0,0.0,0,0,1,0,0,0,0,0.2160576919022623,24.07945205479452
10.49127422,22.53,647,2066.0,18.1,4.0,0.0,0.0,0,0,0,0,0,0,1,0.05738888874187277,7.147945205479452
11.46163217,13.43,737,37055.0,46.5,8.0,0.0,0.0,1,0,0,0,0,0,1,0.3900526318062225,9.863013698630137
10.38899537,18.37,657,1935.0,77.4,2.0,0.0,0.0,0,0,1,0,0,0,0,0.05953846143830766,10.191780821917808
10.858999,27.05,717,11023.0,59.9,2.0,0.0,0.0,0,1,0,0,0,0,0,0.2119807687142916,7.397374430136987
10.858999,9.74,647,13665.0,49.9,3.0,0.0,0.0,1,0,0,0,1,0,0,0.2627884608981942,13.31518264931507
10.19913779,7.98,647,182.0,60.7,6.0,0.0,0.0,0,0,1,0,0,0,0,0.006770833364730269,5.175342465753425
10.51867319,17.29,672,42969.0,83.1,4.0,0.0,0.0,0,0,0,0,0,0,0,1.1613243262130581,9.2850456630137
10.25765937,17.47,642,4138.0,94.0,2.0,0.0,0.0,1,0,1,0,0,0,0,0.14519298191264543,7.96986301369863
10.89673933,21.27,677,22037.0,58.9,4.0,0.0,0.0,0,0,1,0,0,0,0,0.4080925907751158,13.23013698630137
11.15625052,15.99,642,26933.0,65.2,5.0,0.0,0.0,0,1,0,0,0,0,0,0.38475714325401816,8.221917808219178
11.22524339,8.54,657,0.0,0.0,2.0,0.0,0.0,0,1,0,0,0,0,0,0.0,25.646689498630135
11.22524339,29.47,662,22038.0,78.7,8.0,0.0,0.0,1,0,1,0,0,0,0,0.2938400007400208,10.931506849315069
10.81977828,16.68,657,11783.0,94.3,0.0,0.0,0.0,0,0,1,0,0,0,0,0.23566000103932744,9.205479452054794
11.22524339,15.97,647,64851.0,78.4,2.0,0.0,0.0,0,0,0,0,0,0,0,0.8646800021776517,17.101369863013698
10.94574111,25.5,657,13243.0,98.1,0.0,0.0,0.0,0,0,1,0,0,0,0,0.23351318887279698,9.369977169863013
10.81977828,7.9,662,1509.0,30.8,7.0,0.0,0.0,1,0,0,0,0,0,1,0.030180000133102357,1.9917808219178081
11.15625052,29.16,707,4863.0,18.1,1.0,0.0,1.0,0,0,1,0,0,0,0,0.06947142864308804,14.298744293150687
10.76587105,25.66,717,33377.0,49.0,2.0,0.0,0.0,1,0,1,0,0,0,0,0.7045128337426969,13.31518264931507
10.46310334,21.22,677,30402.0,71.5,4.0,0.0,0.0,0,0,1,0,0,0,0,0.8686285718381738,15.2850456630137
11.14965741,8.8,677,8045.0,49.7,4.0,1.0,0.0,1,0,0,0,0,0,1,0.1156888116809765,7.96986301369863
12.32385568,12.66,712,242194.0,56.0,0.0,0.0,0.0,1,0,1,0,0,0,0,1.0764177790550096,12.07945205479452
11.38053628,14.92,692,78284.0,37.6,5.0,1.0,0.0,0,0,1,0,0,0,0,0.8936529652880852,7.23013698630137
10.77895629,0.75,702,3403.0,74.0,0.0,0.0,0.0,1,0,1,0,0,0,0,0.07089583332553677,2.380936073150685
11.03488966,25.26,657,13560.0,57.2,3.0,0.0,0.0,0,0,1,0,0,0,0,0.21870967830014887,12.575456621917809
11.26446411,29.28,717,61057.0,80.7,3.0,0.0,0.0,0,0,1,0,0,0,0,0.7827820478939579,9.123287671232877
11.1844214,2.02,687,7522.0,36.0,1.0,0.0,0.0,0,0,0,0,0,0,1,0.10447222201308896,1.0328767123287672
11.03488966,20.44,657,28776.0,51.9,7.0,0.0,0.0,1,0,1,0,0,0,0,0.46412903412721856,18.9013698630137
10.37349118,21.9,702,7152.0,100.7,0.0,0.0,0.0,0,0,1,0,0,0,0,0.22350000039824647,7.561757991780822
10.4341158,27.42,647,13156.0,25.6,10.0,0.0,0.0,0,0,0,0,0,0,0,0.38694117786291776,10.27408675890411
9.980448594,22.5,692,3451.0,39.2,4.0,0.0,0.0,0,0,1,0,0,0,0,0.15976851846615533,6.161643835616438
10.77895629,0.0,697,0.0,0.0,1.0,0.0,0.0,1,0,0,0,0,0,0,0.0,2.2164383561643834
11.77528973,10.85,682,966.0,13.1,5.0,0.0,0.0,0,1,0,0,0,0,0,0.007430769226591048,13.893150684931507
10.6454249,7.86,657,7827.0,59.7,1.0,0.0,0.0,0,0,1,0,0,0,0,0.18635714234755024,9.449429224657534
11.04292184,14.65,677,6978.0,64.0,5.0,0.0,0.0,0,0,1,0,0,0,0,0.11164799952264817,6.822031964383561
11.14186178,23.62,712,92929.0,97.7,0.0,0.0,0.0,0,0,1,0,0,0,0,1.3467971062699973,20.383675800000002
11.22524339,1.01,702,3782.0,23.3,3.0,0.0,0.0,0,0,0,0,0,0,0,0.050426666793663616,2.5480593608219175
11.15625052,16.35,647,29314.0,89.9,3.0,0.0,0.0,1,0,0,0,0,0,0,0.4187714290033895,8.380936073972602
11.1611812,28.78,717,69744.0,76.1,1.0,0.0,0.0,0,1,0,0,0,0,0,0.9914423018325809,20.627511416438356
11.95761129,20.79,712,188854.0,0.0,0.0,1.0,1.0,1,0,0,0,0,0,1,1.2106025595406202,19.89041095890411
11.00209984,5.74,657,8181.0,87.0,0.0,0.0,0.0,1,0,0,0,0,0,0,0.13635000016419788,5.013698630136986
10.91871823,4.54,642,333.0,33.3,7.0,0.0,0.0,1,0,1,0,0,0,0,0.006032608709317161,14.219178082191782
10.39537498,26.12,727,10994.0,30.5,0.0,0.0,1.0,0,0,1,0,0,0,0,0.3361257168927742,16.520662101369865
10.52325726,28.66,697,22670.0,77.5,1.0,0.0,0.0,0,0,1,0,0,0,0,0.6099004593654489,15.287785389041098
11.3955486,16.64,672,59672.0,40.9,4.0,0.0,0.0,0,0,0,0,0,0,0,0.6710373889237392,13.808333334246576
10.1266311,1.87,657,1140.0,47.5,0.0,0.0,0.0,0,1,0,0,0,0,0,0.04560000017557537,2.4192922375342465
10.02127059,27.73,682,1597.0,88.7,1.0,0.0,0.0,0,0,1,0,0,0,0,0.07097777764948623,7.890410958904109
12.03750605,7.86,657,26429.0,30.9,3.0,0.0,0.0,1,0,0,0,0,0,1,0.156407753246841,13.641210046575344
9.169518377,0.0,662,0.0,0.0,5.0,0.0,0.0,0,0,0,0,0,0,0,0.0,1.4768264841095888
10.83958091,28.47,687,6277.0,64.7,0.0,0.0,0.0,0,0,1,0,0,0,0,0.12307843158257772,12.986301369863014
10.37972173,16.36,642,0.0,0.0,0.0,1.0,0.0,0,0,0,0,0,0,0,0.0,21.698744293150686
9.744022778,10.91,667,4223.0,38.3,3.0,0.0,0.0,1,0,1,0,0,0,0,0.24765423407898088,1.9726027397260273
11.2009507,0.74,657,449.0,37.4,0.0,0.0,0.0,0,0,0,0,0,0,0,0.00613387978111041,11.671347032876714
10.30895266,14.12,662,669.0,7.5,1.0,0.0,0.0,0,0,0,0,0,0,0,0.02230000001436774,1.8083333334246574
10.3859137,0.56,702,1085.0,28.6,0.0,0.0,0.0,0,0,0,0,0,1,0,0.03348765438060978,2.873972602739726
11.24255927,12.74,652,20767.0,81.1,0.0,0.0,3.0,0,0,1,0,0,0,0,0.27213995552209636,18.035616438356165
11.46163217,18.38,722,148540.0,74.0,1.0,0.0,0.0,1,0,0,0,0,0,1,1.5635789482794844,13.972602739726028
10.96819829,19.92,652,12094.0,45.1,6.0,0.0,0.0,0,0,1,0,0,0,0,0.20851724128100618,14.79463470410959
11.08214255,0.92,712,318.0,5.2,5.0,0.0,0.0,0,1,0,0,0,0,0,0.0048923076868174166,8.876712328767123
9.798127037,3.67,687,745.0,22.4,3.0,0.0,0.0,1,0,0,1,0,0,0,0.041388888883851914,1.5535388128767122
10.6454249,18.06,657,5594.0,25.3,8.0,0.0,0.0,0,0,0,0,0,0,1,0.13319047582626753,14.630251142465754
10.49127422,25.67,642,5004.0,60.3,6.0,0.0,2.0,0,0,1,0,0,0,0,0.13899999964391643,7.890410958904109
10.77895629,13.38,642,24979.0,94.6,4.0,0.0,0.0,0,0,1,0,0,0,0,0.5203958332761044,6.575456621917808
10.77895629,12.05,652,4397.0,84.6,1.0,0.0,1.0,0,0,0,0,0,1,0,0.09160416665659277,11.339840183561645
10.858999,25.55,677,6473.0,39.7,5.0,0.0,0.0,1,0,0,0,0,0,0,0.12448076892747977,6.657648402739726
10.40426284,26.15,677,9580.0,84.0,3.0,0.0,0.0,0,0,0,0,0,1,0,0.29030303043326544,9.287671232876713
10.1266311,3.94,652,2728.0,48.7,3.0,0.0,0.0,0,0,1,0,0,0,0,0.10912000042014877,6.032876712328767
11.27973158,15.06,657,42670.0,65.5,3.0,1.0,0.0,0,0,0,0,0,0,1,0.5387626250787048,7.890410958904109
9.903487553,6.3,652,9978.0,83.8,1.0,2.0,0.0,0,0,0,0,0,1,0,0.49889999976857435,5.671347032876712
10.727663,29.24,677,17419.0,94.2,0.0,0.0,0.0,0,0,0,0,0,0,0,0.3819956123170539,8.3836758
11.58988651,27.63,682,7384.0,43.4,9.0,0.0,0.0,1,0,1,0,0,0,0,0.06837037010416057,18.328881279452055
10.4487146,16.23,677,5593.0,25.4,5.0,0.0,0.0,1,0,1,0,0,0,0,0.16211594251848657,3.616552512328767
11.69524702,24.95,677,204954.0,81.4,0.0,0.0,0.0,0,1,0,0,0,0,0,1.7079500030131365,38.298630136986304
9.546812609,22.03,662,195.0,65.0,0.0,0.0,0.0,0,0,0,0,0,0,0,0.013928571422963727,2.0547945205479454
11.90158345,18.43,722,247970.0,93.6,12.0,0.0,0.0,1,0,0,0,1,0,0,1.6811525503785485,36.983561643835614
11.34568955,27.45,737,47593.0,62.4,1.0,0.0,0.0,0,1,0,0,0,0,0,0.5625650093418468,15.367237443835618
10.49127422,26.03,667,19636.0,103.9,12.0,0.0,0.0,0,0,1,0,0,0,0,0.5454444430471509,6.868607306849315
11.71888216,25.27,672,41040.0,85.3,0.0,0.0,0.0,0,0,0,0,0,0,0,0.33401155855392506,10.767237443835617
11.51292546,21.9,687,52201.0,84.3,7.0,0.0,0.0,0,1,0,0,0,0,0,0.522010002594509,11.26027397260274
11.15625052,3.82,647,10074.0,59.6,0.0,4.0,0.0,0,0,1,0,0,0,0,0.14391428586273267,11.178082191780822
10.25765937,15.87,672,4139.0,63.7,8.0,0.0,0.0,0,0,1,0,0,0,0,0.14522806963181234,4.356278539726027
10.19913779,2.37,712,1394.0,8.8,0.0,0.0,0.0,0,0,1,0,0,0,0,0.05186011928809887,1.8904109589041096
10.77895629,25.25,677,3336.0,90.2,3.0,0.0,0.0,0,0,1,0,0,0,0,0.06949999999235694,9.531621005479453
11.22524339,0.4,727,2130.0,17.9,1.0,0.0,0.0,0,0,0,0,0,1,0,0.028400000071523927,2.46586758
11.26446411,6.39,682,570.0,24.8,3.0,0.0,0.0,0,0,0,0,1,0,0,0.00730769227606263,1.0684931506849316
11.15625052,29.21,732,57143.0,52.7,2.0,0.0,0.0,1,0,0,0,0,0,1,0.8163285722706108,22.60285388219178
11.34398597,18.1,667,133.0,11.1,6.0,2.0,0.0,0,0,1,0,0,0,0,0.0015747844995032626,10.273972602739725
10.46310334,17.93,662,11569.0,64.3,1.0,0.0,0.0,1,0,1,0,0,0,0,0.33054285729872485,2.5453196347945206
11.37939407,1.49,652,2885.0,15.8,12.0,0.0,5.0,0,1,0,0,0,0,0,0.03297142864876984,10.35353881369863
11.53272809,5.93,642,16914.0,55.2,3.0,0.0,0.0,0,0,0,0,0,0,0,0.16582352978758835,6.8521689506849315
10.81977828,20.09,737,117814.0,49.4,0.0,0.0,0.0,0,0,0,0,0,0,1,2.356280010391863,13.80559360821918
11.51292546,10.85,642,15827.0,76.1,1.0,2.0,0.0,1,0,1,0,0,0,0,0.15827000078663805,11.339840183561645
12.32385568,12.05,642,120830.0,90.5,2.0,0.0,0.0,0,0,1,0,0,0,0,0.5370222228594301,17.34257990958904
10.56607243,22.05,657,8623.0,71.0,3.0,0.0,0.0,0,0,1,0,0,0,0,0.22226518142484625,8.956164383561644
11.07013225,12.07,667,7661.0,67.7,5.0,0.0,1.0,0,0,1,0,0,0,0,0.1192856255017976,10.038356164383561
11.52386541,29.7,662,35447.0,96.9,8.0,0.0,0.0,0,0,1,0,0,0,0,0.35061325245369435,15.780936073972605
11.9511804,28.17,657,28519.0,89.1,4.0,0.0,1.0,1,0,0,0,1,0,0,0.18399354763297782,20.21917808219178
9.862665558,6.94,697,0.0,0.0,0.0,0.0,0.0,0,0,0,0,0,0,0,0.0,0.8220319635616439
11.26446411,8.15,667,4476.0,59.7,6.0,1.0,0.0,1,0,0,0,0,0,0,0.05738461513623918,7.72340182739726
10.66895539,22.75,647,6970.0,62.8,0.0,2.0,0.0,1,0,0,0,0,0,0,0.1620930240137121,11.350799087671234
11.11542853,16.66,682,8712.0,72.0,5.0,0.0,0.0,1,0,1,0,0,0,0,0.12964285669056433,11.835730594520548
10.6454249,7.94,662,5316.0,48.3,13.0,0.0,0.0,0,0,0,0,1,0,0,0.12657142822531967,11.422031964383562
11.22524339,28.56,667,13393.0,28.4,8.0,0.0,0.0,0,0,1,0,0,0,0,0.178573333783061,10.359018265753425
10.6454249,25.14,717,19937.0,90.6,0.0,0.0,0.0,0,0,1,0,0,0,0,0.4746904748924376,16.356278539726027
8.699514748,3.0,637,932.0,66.6,1.0,1.0,0.0,0,0,0,1,0,0,0,0.1553333333659831,2.46586758
11.69524702,22.71,692,10388.0,60.4,4.0,0.0,0.0,1,0,0,0,0,0,0,0.08656666681938611,9.531621005479453
10.54534144,13.71,652,9955.0,58.9,2.0,0.0,0.0,0,0,1,0,0,0,0,0.2619736838721934,7.232876712328767
10.89673933,10.47,662,1298.0,12.1,4.0,1.0,0.0,0,0,0,0,1,0,0,0.024037036929985944,7.1506849315068495
10.30895266,18.8,647,4587.0,41.0,2.0,0.0,0.0,0,0,1,0,0,0,0,0.15290000009851243,5.342579909589041
10.37349118,7.76,657,4105.0,82.1,11.0,0.0,0.0,0,0,0,0,0,0,0,0.12828125022857967,5.095890410958904
11.38509209,10.73,652,12781.0,46.0,0.0,4.0,0.0,1,0,1,0,0,0,0,0.14523863686621186,11.589155252054796
10.43998092,2.63,702,2399.0,96.0,0.0,0.0,0.0,0,0,0,0,0,0,0,0.07014619904440413,12.572716895890412
10.81977828,16.22,647,36469.0,77.8,3.0,0.0,0.0,1,0,1,0,0,0,0,0.7293800032167727,18.822031964383562
11.53272809,14.8,652,52775.0,69.7,1.0,0.0,0.0,1,0,0,0,0,0,0,0.5174019619569573,11.36449771780822
11.33857208,0.21,717,39.0,0.3,11.0,0.0,0.0,0,0,0,0,0,0,0,0.00046428571327610186,4.520662101369863
10.27505111,15.48,642,8372.0,77.5,0.0,0.0,0.0,0,0,1,0,0,0,0,0.2886896548746626,4.438470320547945
8.188689124,11.33,682,3757.0,52.9,1.0,0.0,0.0,1,0,0,0,0,0,0,1.043611111574685,2.926027397260274
10.26646261,16.78,652,5880.0,52.4,1.0,0.0,0.0,1,0,1,0,0,0,0,0.20450751232113396,3.2849315068493152
11.26076496,16.72,667,80837.0,58.0,4.0,0.0,0.0,1,1,0,0,0,0,0,1.0402125845516808,28.273972602739725
10.71441777,0.0,717,0.0,0.0,4.0,0.0,0.0,1,0,0,1,0,0,0,0.0,1.1506849315068493
11.51292546,22.46,647,70533.0,79.4,6.0,0.0,0.0,0,1,0,0,0,0,0,0.7053300035056512,24.9013698630137
10.23995979,19.54,667,13542.0,56.4,5.0,1.0,0.0,1,0,0,0,0,0,0,0.483642856735311,10.849429224657534
11.51288546,0.35,732,1344.0,7.7,1.0,0.0,0.0,0,0,0,0,0,0,0,0.01344053767755469,2.136986301369863
10.1266311,22.32,657,5993.0,52.1,1.0,0.0,0.0,0,1,0,0,0,0,0,0.23972000092300277,3.5343607315068493
11.08201946,11.34,722,4945.0,2.7,5.0,0.0,0.0,0,0,0,0,0,1,0,0.07608628787634865,8.136986301369863
11.1844214,6.5,707,10935.0,27.3,1.0,0.0,0.0,0,0,1,0,0,0,0,0.1518749996959755,2.7124429224657534
10.76637751,23.01,677,7073.0,60.5,7.0,0.0,0.0,0,0,1,0,0,0,0,0.1492194089369841,26.465867580821918
13.45883561,0.81,737,200583.0,23.1,1.0,0.0,0.0,1,0,0,0,0,0,0,0.28654714401065046,9.945205479452055
11.23848862,20.02,667,7327.0,50.9,6.0,0.0,1.0,1,0,1,0,0,0,0,0.09640789466631666,10.356278539726027
11.69524702,4.94,657,5854.0,46.5,5.0,0.0,2.0,1,1,0,0,0,0,0,0.048783333419396065,11.339840183561645
11.3533434,4.36,727,8271.0,47.8,17.0,0.0,0.0,0,0,0,0,0,0,0,0.09702052738827692,12.819292238356166
10.16585182,6.46,667,5153.0,65.2,1.0,0.0,0.0,0,1,0,0,0,0,0,0.19819230709844798,2.6302511416438357
11.33857208,7.03,737,37241.0,14.8,6.0,0.0,0.0,1,0,1,0,0,0,0,0.44334523713116175,7.068493150684931
10.04324949,6.94,662,6934.0,75.4,12.0,0.0,1.0,1,0,0,0,0,0,0,0.3014782623502117,4.931506849315069
10.49127422,25.47,717,21991.0,102.8,0.0,0.0,0.0,1,0,0,0,0,0,0,0.6108611095462363,20.87682648493151
11.06663836,21.6,657,6324.0,95.8,4.0,0.0,0.0,0,0,1,0,0,0,0,0.09881250023139992,7.4768264849315065
10.66895539,18.81,657,15284.0,76.0,15.0,0.0,0.0,0,0,1,0,0,0,0,0.35544186212705536,9.53436073150685
10.81174611,27.7,672,27750.0,66.5,5.0,0.0,0.0,0,0,1,0,0,0,0,0.5594758079694815,5.33972602739726
11.58058411,15.88,687,12154.0,29.4,5.0,0.0,0.0,0,0,0,1,0,0,0,0.11358878543793363,3.449429224657534
10.59663473,15.73,662,7784.0,65.4,24.0,0.0,0.0,0,1,0,0,0,0,0,0.1946000006024959,5.2164383561643834
12.07254125,23.84,657,65626.0,99.6,3.0,0.0,0.0,1,0,0,0,0,0,0,0.3750057153753499,12.986301369863014
10.53209621,27.04,692,26221.0,78.6,5.0,0.0,0.0,0,0,1,0,0,0,0,0.6992266680361031,10.685045663013698
10.91508846,1.66,652,2097.0,17.0,4.0,1.0,0.0,1,0,0,0,0,0,0,0.03812727288796425,6.2465753424657535
10.858999,6.9,647,5272.0,78.7,0.0,0.0,0.0,0,0,1,0,0,0,0,0.10138461513759824,7.3123287671232875
11.06663836,20.83,662,11881.0,50.8,4.0,0.0,0.0,1,0,1,0,0,0,0,0.18564062543473475,8.956164383561644
12.1281111,22.72,727,226567.0,0.7,4.0,0.0,0.0,1,0,0,1,0,0,0,1.2246864914592794,15.613812786301372
10.54534144,3.85,687,6283.0,57.1,0.0,0.0,0.0,0,0,1,0,0,0,0,0.1653421050496224,2.219178082191781
11.03650127,18.03,737,80006.0,54.9,2.0,1.0,0.0,0,0,0,0,0,0,0,1.2883413821853962,11.01095890410959
11.3736634,6.74,737,17794.0,34.8,4.0,0.0,0.0,1,0,1,0,0,0,0,0.20452873514882544,11.342465753424657
11.60823564,28.21,662,88391.0,89.9,1.0,0.0,0.0,0,0,1,0,0,0,0,0.8035545492911593,24.0
11.00209984,10.08,642,2840.0,38.4,4.0,0.0,0.0,0,0,0,0,1,0,0,0.04733333339033394,12.737100457534249
11.24504602,11.15,647,6637.0,72.9,7.0,0.0,0.0,1,0,0,0,1,0,0,0.0867581699185579,5.832990868493151
10.858999,10.82,647,13967.0,68.3,8.0,0.0,0.0,0,1,0,0,0,0,0,0.26859615319173646,6.5727168958904105
10.30895266,2.84,642,1429.0,84.1,2.0,0.0,0.0,0,0,1,0,0,0,0,0.047633333364023166,3.287671232876712
10.83340541,21.24,647,13565.0,79.3,1.0,0.0,0.0,0,0,1,0,0,0,0,0.2676280368023491,5.671347032876712
11.79355271,11.68,642,35087.0,96.7,2.0,0.0,0.0,0,1,0,0,0,0,0,0.26501555952776834,11.506963471232877
11.03488966,4.88,652,3341.0,19.8,3.0,1.0,0.0,0,0,1,0,0,0,0,0.05388709699120924,17.26027397260274
11.51292546,22.25,697,115602.0,29.7,5.0,0.0,0.0,0,0,1,0,0,0,0,1.1560200057456835,17.687785389041096
10.30895266,1.92,642,1583.0,79.1,1.0,0.0,0.0,0,1,0,0,0,0,0,0.05276666670066387,7.561757991780822
11.51292546,2.94,727,5207.0,5.2,8.0,0.0,0.0,1,0,0,0,1,0,0,0.0520700002587998,9.04109589041096
11.02190247,6.31,722,7587.0,11.8,4.0,0.0,0.0,0,0,0,0,1,0,0,0.12397058804938993,11.42477169041096
10.59663473,13.5,652,1184.0,29.6,5.0,3.0,1.0,0,0,0,0,0,0,0,0.029600000091643777,17.30958904109589
10.53688473,24.71,652,12160.0,48.6,14.0,0.0,0.0,0,0,0,0,1,0,0,0.32271762165801576,9.04109589041096
10.6454249,6.69,652,6782.0,78.9,2.0,0.0,0.0,0,0,1,0,0,0,0,0.16147619003463468,5.175342465753425
11.49272276,3.12,662,7005.0,38.9,9.0,0.0,1.0,1,0,0,0,1,0,0,0.07147959166895133,12.575456621917809
11.15625052,19.46,657,12053.0,28.5,0.0,0.0,0.0,1,0,1,0,0,0,0,0.1721857144633231,5.5069634712328766
11.03495418,14.36,647,7897.0,28.7,6.0,1.0,0.0,0,0,1,0,0,0,0,0.1273627505451219,6.822031964383561
11.56741365,19.23,687,111115.0,40.8,4.0,1.0,0.0,0,0,0,0,0,1,0,1.052225379055457,13.808333334246576
11.08214255,15.73,652,21712.0,73.9,12.0,0.0,0.0,0,1,0,0,0,0,0,0.33403076885591115,7.479566210958904
10.7624881,23.53,642,10226.0,63.9,1.0,1.0,0.0,0,0,1,0,0,0,0,0.21657912510993088,11.649429224657535
11.22524339,4.22,662,1053.0,40.5,7.0,3.0,0.0,0,0,1,0,0,0,0,0.014040000035359013,12.490525115068495
10.40426284,15.38,652,4474.0,71.0,2.0,1.0,0.0,0,0,1,0,0,0,0,0.13557575763657928,11.832990868493152
10.70099475,6.92,687,13215.0,58.2,0.0,0.0,0.0,0,0,1,0,0,0,0,0.29763513466496583,2.5480593608219175
9.740968623,6.99,657,5734.0,59.1,32.0,0.0,0.0,1,1,0,0,0,0,0,0.33729411765999495,2.136986301369863
10.73639668,21.23,647,6397.0,96.9,0.0,1.0,0.0,0,1,0,0,0,0,0,0.1390652167615102,11.342465753424657
11.19821472,15.73,652,22917.0,38.6,3.0,1.0,0.0,0,0,1,0,0,0,0,0.3139315068902922,15.04109589041096
11.35040654,21.91,657,10665.0,94.4,3.0,0.0,0.0,0,0,1,0,0,0,0,0.12547058766722022,10.517922375342465
10.46310334,12.72,727,35403.0,49.9,0.0,0.0,0.0,0,0,1,0,0,0,0,1.011514286191266,12.408333334246576
9.975808214,21.04,647,2140.0,28.6,5.0,1.0,0.0,0,1,0,0,0,0,0,0.09953488373245174,3.531621005479452
9.392661929,3.0,707,447.0,7.8,1.0,0.0,0.0,1,0,0,0,0,0,0,0.03724999999143759,2.5480593608219175
12.36307639,16.84,707,220710.0,54.5,1.0,1.0,0.0,1,0,0,0,0,0,0,0.9432051322984863,20.054794520547944
10.65112292,2.22,662,689.0,68.9,0.0,0.0,0.0,1,0,0,0,0,0,0,0.01631155300388064,1.2328767123287672
11.73606902,16.94,687,167006.0,53.5,3.0,0.0,0.0,1,0,0,0,0,0,0,1.3360479950358304,11.013698630136986
10.6454249,28.29,662,28432.0,57.1,3.0,1.0,0.0,1,0,1,0,0,0,0,0.6769523791012583,11.473972602739726
10.30895266,14.09,697,1819.0,26.0,0.0,0.0,0.0,0,0,0,0,0,0,0,0.06063333337239898,2.136986301369863
10.37349118,25.99,687,4975.0,68.2,0.0,1.0,0.0,0,0,0,0,0,0,0,0.15546875027702406,21.123287671232877
10.89673933,18.96,652,15827.0,82.0,1.0,0.0,0.0,0,0,1,0,0,0,0,0.29309259128727855,16.027397260273972
11.69524702,25.33,642,37839.0,54.4,2.0,0.0,0.0,0,1,0,0,0,0,0,0.31532500055629104,25.726141553424657
11.51292546,18.89,652,66900.0,94.0,7.0,0.0,0.0,0,1,0,0,0,0,0,0.6690000033250829,6.739840183561644
10.73639668,4.2,682,7931.0,27.7,8.0,0.0,0.0,0,0,1,0,0,0,0,0.17241304269744215,8.87945205479452
9.893437217,6.06,652,3714.0,86.4,1.0,0.0,0.0,0,0,1,0,0,0,0,0.18757575751622588,2.46586758
10.95080655,3.37,652,8035.0,82.8,0.0,0.0,0.0,0,1,0,0,0,0,0,0.14096491183196644,2.0547945205479454
10.81977828,22.92,642,8132.0,71.3,3.0,1.0,0.0,0,1,0,0,0,0,0,0.1626400007172885,6.986301369863014
11.40756495,15.95,652,4682.0,72.0,0.0,1.0,0.0,0,0,0,1,0,0,0,0.05202222218645189,1.9726027397260273
12.3883942,15.27,697,161129.0,57.0,6.0,0.0,0.0,0,0,0,0,0,0,0,0.671370834893685,48.328652958904115
11.08367983,29.2,652,18545.0,86.3,1.0,0.0,0.0,1,0,1,0,0,0,0,0.2848694311299091,23.999885843835617
10.30895266,14.2,647,0.0,0.0,0.0,3.0,0.0,0,0,1,0,0,0,0,0.0,19.23276255616438
10.89673933,19.96,682,11460.0,101.4,1.0,0.0,0.0,0,0,1,0,0,0,0,0.21222222127707158,7.232762556164384
10.59653473,19.02,667,2594.0,24.9,5.0,0.0,1.0,1,0,1,0,0,0,0,0.06485648552506124,12.246461186301369
10.71441777,26.77,647,14978.0,53.1,1.0,0.0,0.0,0,0,1,0,0,0,0,0.3328444440292064,7.909589041095891
10.20359214,21.33,657,20952.0,63.3,6.0,0.0,0.0,1,0,0,1,0,0,0,0.7760000038694981,5.999885843835616
11.08214255,0.85,657,1496.0,71.2,1.0,0.0,0.0,0,0,0,0,0,0,0,0.023015384589556147,1.4794520547945205
8.101677747,0.0,747,0.0,0.0,0.0,0.0,0.0,0,0,0,1,0,0,0,0.0,1.5616438356164384
11.00209984,13.18,712,9664.0,63.2,4.0,0.0,0.0,0,0,1,0,0,0,0,0.1610666668606293,4.438356164383562
10.1266311,28.61,752,45623.0,36.8,2.0,0.0,0.0,0,0,0,0,0,0,0,1.824920007026557,19.561643835616437
10.27505111,24.08,662,5729.0,100.5,0.0,0.0,0.0,0,1,0,0,0,0,0,0.19755172393417844,10.931506849315069
10.69194491,29.95,692,26313.0,58.5,9.0,0.0,2.0,0,1,0,0,0,0,0,0.5980227290072313,7.6438356164383565
10.89673933,9.67,647,6572.0,80.1,1.0,1.0,0.0,1,0,1,0,0,0,0,0.12170370316168538,11.424657534246576
10.77895629,25.65,702,13055.0,43.5,1.0,1.0,0.0,0,0,1,0,0,0,0,0.2719791666367566,10.438356164383562
10.47107151,20.1,687,3590.0,65.3,6.0,0.0,0.0,0,0,1,0,0,0,0,0.10175736962679742,2.712328767123288
10.59021417,13.92,657,2131.0,96.9,0.0,0.0,0.0,0,0,1,0,0,0,0,0.05361815594730539,9.863013698630137
12.32385568,16.47,642,64744.0,72.0,4.0,1.0,0.0,0,0,0,0,0,0,0,0.2877511114525444,16.399885843835616
10.39513036,20.33,687,15.0,0.4,6.0,0.0,0.0,0,0,0,0,0,0,0,0.0004587155949015345,6.493150684931507
11.28978191,14.85,647,21180.0,77.9,1.0,0.0,0.0,0,1,0,0,0,0,0,0.26475000096793083,14.301255706849314
12.4292162,19.09,692,214559.0,63.5,1.0,0.0,0.0,0,0,0,0,0,0,0,0.8582359972917356,28.109474876712326
10.65960953,4.54,647,4181.0,97.2,2.0,0.0,0.0,0,0,1,0,0,0,0,0.09814554012766301,8.465753424657533
11.35040654,15.71,642,14578.0,99.2,3.0,2.0,0.0,0,0,1,0,0,0,0,0.17150588157644037,11.506849315068493
10.33136626,12.91,667,10442.0,52.2,15.0,0.0,0.0,1,0,1,0,0,0,0,0.3403520193225104,11.177968035616438
10.6454249,18.94,652,17059.0,82.4,1.0,0.0,0.0,0,0,1,0,0,0,0,0.40616666555600606,11.342351597260272
10.59663473,3.39,677,4152.0,62.9,2.0,0.0,0.0,0,0,1,0,0,0,0,0.10380000032137243,1.726027397260274
10.42228135,13.5,682,0.0,0.0,4.0,0.0,0.0,0,0,0,0,0,0,0,0.0,5.424657534246576
10.6454249,13.34,647,23544.0,94.9,3.0,0.0,0.0,0,0,1,0,0,0,0,0.560571427038549,7.232762556164384
11.12714533,18.51,672,7920.0,76.9,10.0,0.0,0.0,0,0,1,0,0,0,0,0.1164842922904669,9.123173515068494
11.4019939,16.57,647,21251.0,80.8,0.0,0.0,0.0,0,0,1,0,0,0,0,0.23744134179432252,14.054680364383561
9.210340372,13.8,642,3646.0,91.1,2.0,0.0,0.0,0,0,0,0,0,0,0,0.3645999999913165,2.4657534246575343
11.26446411,2.38,692,4361.0,42.3,5.0,1.0,0.0,0,0,0,0,0,0,0,0.05591025616826163,4.52054794520548
11.43496392,21.91,647,13446.0,94.0,3.0,0.0,1.0,0,0,1,0,0,0,0,0.14536216267100488,13.561643835616438
10.77895629,19.63,657,45076.0,56.8,6.0,0.0,0.0,1,0,0,0,0,0,0,0.9390833332300604,11.999885843835616
10.1266311,19.87,667,6156.0,50.5,0.0,0.0,0.0,0,1,0,0,0,0,0,0.24624000094810697,1.5616438356164384
11.00209984,29.3,677,2737.0,9.6,6.0,0.0,0.0,1,0,0,0,0,0,0,0.045616666721599995,21.698630136986303
10.36722157,21.28,672,7184.0,66.5,3.0,0.0,0.0,0,0,0,0,1,0,0,0.2259119494072717,2.9616438356164383
10.49127422,18.93,667,17784.0,52.0,5.0,0.0,0.0,1,0,1,0,0,0,0,0.49399999873449435,3.5561643835616437
11.05089001,22.74,647,13910.0,77.7,0.0,1.0,0.0,0,0,1,0,0,0,0,0.2207936497721865,15.123173515068492
10.77895629,27.33,642,5660.0,75.8,3.0,0.0,0.0,0,0,1,0,0,0,0,0.11791666665369914,4.706849315068493
10.66895539,10.38,647,9168.0,89.0,1.0,0.0,0.0,0,0,1,0,0,0,0,0.21320930332248386,12.082077624657533
10.23995979,5.14,677,40.0,3.3,1.0,0.0,0.0,0,0,0,1,0,0,0,0.0014285714273676296,2.238242009041096
10.52406404,16.81,652,1097.0,58.1,6.0,0.0,1.0,1,0,1,0,0,0,0,0.029489247319531644,10.684931506849315
10.08580911,2.7,672,923.0,21.5,7.0,0.0,0.0,1,0,0,0,0,0,0,0.038458333307569446,4.931506849315069
11.40756495,19.93,717,35140.0,43.3,8.0,0.0,0.0,0,0,0,0,0,0,0,0.3904444441759759,14.67123287671233
11.31007462,14.2,677,1921.0,23.7,9.0,0.0,1.0,0,0,0,0,0,1,0,0.023530132215710233,15.369748857534246
10.858999,17.03,707,15455.0,22.4,11.0,0.0,0.0,1,0,0,0,0,1,0,0.2972115377374015,7.068378994520548
11.15625052,15.51,692,8333.0,57.5,5.0,0.0,1.0,0,1,0,0,0,0,0,0.11904285726564934,18.164269405479452
10.66895539,20.76,657,9366.0,85.1,0.0,0.0,0.0,0,1,0,0,0,0,0,0.21781395450680452,9.863013698630137
10.77895629,3.8,657,4554.0,44.6,0.0,0.0,0.0,0,0,1,0,0,0,0,0.0948749999895664,9.287557076712329
10.46310334,13.89,647,15168.0,35.3,3.0,0.0,0.0,0,0,1,0,0,0,0,0.43337142877578516,6.852054794520548
11.51292546,9.28,662,33351.0,99.0,4.0,2.0,0.0,0,0,0,0,0,0,0,0.3335100016576209,19.47945205479452
10.4968144,17.87,717,12736.0,59.2,4.0,0.0,0.0,0,0,1,0,0,0,0,0.35182320365075564,13.3149543369863
9.210340372,3.6,707,814.0,10.7,1.0,0.0,0.0,0,0,0,0,0,0,0,0.08139999999806133,1.3972602739726028
10.66895539,22.55,642,11967.0,84.9,2.0,0.0,0.0,1,0,1,0,0,0,0,0.27830232688265316,3.780821917808219
11.49272276,6.73,642,23522.0,60.2,0.0,0.0,0.0,0,0,1,0,0,0,0,0.2400204075998677,9.369748857534246
10.77895629,22.13,657,22512.0,57.9,6.0,0.0,0.0,0,1,0,0,0,0,0,0.4689999999484231,22.191666665753424
11.01501607,15.1,642,4344.0,54.3,3.0,0.0,0.0,0,0,1,0,0,0,0,0.07147087832624362,7.314954336986301
11.09741002,9.13,672,6673.0,40.9,4.0,1.0,0.0,1,0,0,0,0,1,0,0.10110606070803242,7.728767123287671
11.40769827,18.96,707,17212.0,39.7,7.0,0.0,0.0,0,0,0,0,0,0,0,0.19121894930316466,6.9861872136986305
10.52406404,18.04,662,1085.0,57.5,6.0,0.0,1.0,1,0,0,0,0,1,0,0.029166666674286086,10.684931506849315
10.27505111,28.06,702,4253.0,16.3,5.0,0.0,0.0,0,0,0,0,0,0,0,0.14665517226253463,9.287557076712329
10.35421279,17.78,652,8382.0,64.5,1.0,2.0,0.0,1,1,0,0,0,0,0,0.26703622342782607,9.945205479452055
11.48246626,11.84,652,21861.0,88.1,2.0,0.0,0.0,0,0,1,0,0,0,0,0.22537113345392717,11.177968035616438
11.50287513,8.65,712,114516.0,37.1,7.0,1.0,0.0,0,0,1,0,0,0,0,1.1567272717055672,22.52054794520548
11.2515607,17.69,672,57578.0,76.9,5.0,0.0,0.0,0,1,0,0,0,0,0,0.7477662343912319,28.84931506849315
11.28978191,11.1,657,9034.0,64.5,0.0,0.0,0.0,0,1,0,0,0,0,0,0.11292500041285586,22.109474884931505
10.71441777,22.32,672,4744.0,32.1,9.0,0.0,0.0,1,0,1,0,0,0,0,0.10542222209070337,17.506849315068493
11.98292909,25.72,682,205347.0,90.3,4.0,0.0,0.0,0,0,0,0,0,0,0,1.2834187554108463,10.273858446575343
10.40426284,16.62,657,7966.0,106.2,0.0,0.0,0.0,0,0,0,0,0,0,0,0.24139393950223303,4.471232876712329
10.08580911,28.15,697,4708.0,72.4,2.0,0.0,0.0,0,1,0,0,0,0,0,0.19616666653525128,4.109474884931507
10.77895629,25.4,677,6814.0,34.9,8.0,0.0,0.0,1,0,1,0,0,0,0,0.1419583333177219,5.424657534246576
10.75577295,19.73,662,61882.0,60.6,0.0,0.0,0.0,0,0,1,0,0,0,0,1.3194456348487777,32.71232876712329
9.975994243,26.84,772,1511.0,11.4,2.0,0.0,0.0,0,0,0,0,0,0,0,0.07026599704649669,35.58904109589041
10.49127422,17.17,647,5065.0,84.4,3.0,0.0,0.0,0,1,0,0,0,0,0,0.14069444408402013,1.9724885843835618
11.41861479,12.99,657,7053.0,44.1,0.0,2.0,0.0,1,1,0,0,0,0,0,0.0775054941566413,8.399885843835616
10.59663473,25.77,652,28446.0,64.1,10.0,3.0,0.0,0,0,1,0,0,0,0,0.7111500022017727,15.369748857534246
10.59663473,3.9,662,6560.0,37.9,10.0,0.0,0.0,1,0,0,0,0,0,0,0.16400000050775607,8.95890410958904
11.007419,24.29,657,28890.0,72.0,1.0,0.0,0.0,0,0,1,0,0,0,0,0.47894562462662926,8.712328767123287
11.6351431,18.54,707,45303.0,46.0,6.0,0.0,0.0,0,1,0,0,0,0,0,0.4009115035004681,27.123173515068494
11.1844214,5.7,682,10832.0,32.0,5.0,0.0,0.0,0,0,1,0,0,0,0,0.15044444414328365,24.98618721369863
10.54534144,0.47,682,4254.0,33.2,5.0,0.0,0.0,0,0,0,0,0,1,0,0.11194736827647521,1.2327625569863014
10.4744671,7.63,657,5957.0,82.7,0.0,0.0,1.0,0,0,1,0,0,0,0,0.16827683601042243,11.835616438356164
10.54534144,9.76,652,5628.0,54.6,0.0,0.0,0.0,0,0,1,0,0,0,0,0.14810526296662024,7.150570775342466
9.903487553,13.38,667,3987.0,97.2,1.0,0.0,0.0,1,0,1,0,0,0,0,0.19934999990752716,2.4657534246575343
12.04355372,26.97,682,119451.0,95.0,0.0,0.0,0.0,0,0,1,0,0,0,0,0.7026529383886237,26.301255706849318
11.32659589,25.4,717,26938.0,75.9,0.0,0.0,0.0,1,0,1,0,0,0,0,0.32455421582199473,17.999885843835614
10.71708089,16.44,652,12700.0,92.0,3.0,0.0,0.0,0,0,1,0,0,0,0,0.28147163012818355,5.0957762547945205
10.49127422,6.13,657,9060.0,78.1,1.0,0.0,0.0,0,0,1,0,0,0,0,0.25166666602195903,37.64383561643836
10.73639668,23.22,652,19508.0,68.0,1.0,0.0,0.0,0,1,0,0,0,0,0,0.4240869546011476,8.235502282191781
11.28978191,29.72,672,25879.0,77.2,2.0,3.0,0.0,0,0,1,0,0,0,0,0.3234875011826762,23.260159816438357
11.05089001,0.29,737,76.0,7.6,1.0,0.0,0.0,0,0,0,0,0,0,0,0.0012063492007682367,0.9863013698630136
11.46163217,20.48,652,10705.0,44.6,7.0,1.0,1.0,0,0,1,0,0,0,0,0.11268421059197442,19.745205479452054
10.69618591,26.78,657,12061.0,89.3,8.0,0.0,0.0,0,1,0,0,0,0,0,0.27295358285736626,5.424657534246576
11.77528973,3.06,722,1743.0,19.4,8.0,0.0,0.0,1,0,0,0,0,0,0,0.013407692300153413,12.493150684931507
10.55581274,19.81,652,1682.0,46.7,7.0,2.0,0.0,1,0,0,1,0,0,0,0.04380208327095119,14.301255706849314
11.51292546,9.73,647,19717.0,95.7,1.0,0.0,1.0,1,1,0,0,0,0,0,0.19717000097997994,13.150570775342464
10.30895266,20.76,687,14536.0,68.9,4.0,0.0,0.0,0,0,1,0,0,0,0,0.4845333336455149,11.177968035616438
10.91508846,23.04,687,17568.0,66.0,4.0,0.0,0.0,0,1,0,0,0,0,0,0.31941818316440435,11.177968035616438
10.1266311,4.18,647,2634.0,38.2,4.0,0.0,0.0,0,0,1,0,0,0,0,0.1053600004056715,1.397146118630137
11.09741002,24.71,657,28570.0,93.7,7.0,0.0,0.0,1,1,0,0,0,0,0,0.43287878831537335,18.82191780821918
10.69194491,26.84,647,31416.0,97.6,4.0,1.0,0.0,0,0,0,0,0,0,0,0.7140000020708842,44.54794520547945
10.05057046,3.78,677,1548.0,70.4,3.0,0.0,0.0,1,0,0,1,0,0,0,0.06681341429165934,1.8082191780821917
11.05089001,25.68,677,6461.0,64.6,2.0,1.0,0.0,0,1,0,0,0,0,0,0.1025555550810997,15.287557076712327
10.3609124,3.11,657,4383.0,54.8,5.0,0.0,0.0,1,0,0,0,0,0,0,0.13870253158662152,16.109474884931505
11.23434848,10.24,652,19512.0,38.3,1.0,1.0,0.0,0,1,0,0,0,0,0,0.2578019717580499,5.177968035616439
12.3883942,12.37,652,188.0,37.6,1.0,5.0,0.0,0,0,0,0,0,0,0,0.0007833333351539002,16.030022830136986
11.28978191,12.08,702,14434.0,56.4,9.0,0.0,1.0,0,0,1,0,0,0,0,0.1804250006596371,16.684931506849313
10.0785327,26.89,642,495.0,99.0,2.0,0.0,0.0,1,0,0,0,0,0,0,0.02077562327616287,1.9726027397260273
11.98292909,28.34,682,205347.0,90.3,4.0,0.0,0.0,0,1,0,0,0,0,0,1.2834187554108463,10.273858446575343
11.1844214,21.22,702,87698.0,33.6,1.0,0.0,0.0,0,0,0,0,0,0,0,1.2180277753395208,10.109474884931506
10.81977828,27.84,692,39486.0,86.4,1.0,0.0,0.0,0,1,0,0,0,0,0,0.7897200034828892,9.452054794520548
11.40756495,25.59,687,61915.0,86.2,1.0,0.0,0.0,0,0,1,0,0,0,0,0.6879444439714157,12.821917808219178
11.51292546,7.6,717,32145.0,83.1,8.0,0.0,0.0,1,0,0,0,0,0,0,0.32145000159767995,12.493150684931507
11.38509209,20.84,687,44040.0,83.3,17.0,0.0,1.0,1,0,1,0,0,0,0,0.5004545471862898,14.219063926027395
11.09741002,11.65,647,11518.0,94.3,0.0,0.0,0.0,1,0,0,0,0,0,0,0.174515151691161,12.657534246575343
11.40756495,18.12,657,13605.0,70.9,2.0,1.0,0.0,0,0,1,0,0,0,0,0.15116666656272487,17.506849315068493
11.6351431,5.0,682,30461.0,37.0,4.0,0.0,0.0,0,0,0,0,0,0,0,0.2695663710599245,27.123173515068494
12.30138283,6.87,647,378.0,5.0,0.0,11.0,1.0,0,0,0,0,0,0,0,0.001718181810165639,11.09577625479452
11.51292546,14.02,747,56.0,5.6,1.0,0.0,0.0,0,0,0,0,0,0,0,0.000560000002783328,2.7945205479452055
10.6454249,11.14,642,14902.0,80.1,1.0,0.0,0.0,0,0,0,0,0,0,0,0.35480952283929906,3.452054794520548
10.40426284,9.2,647,5509.0,96.6,1.0,1.0,1.0,1,0,1,0,0,0,0,0.16693939401428595,13.150570775342464
10.858999,28.36,672,17905.0,92.3,1.0,0.0,1.0,0,0,1,0,0,0,0,0.3443269222379925,12.246461186301369
11.00209984,27.14,642,37962.0,85.1,1.0,0.0,0.0,0,1,0,0,0,0,0,0.6327000007619215,6.493150684931507
10.20359214,18.89,697,0.0,,0.0,0.0,0.0,0,0,1,0,0,0,0,0.0,10.443835616438356
9.61580548,11.12,707,9115.0,37.8,11.0,0.0,0.0,1,0,1,0,0,0,0,0.6076666667179212,17.013584473972603
11.46194791,27.4,747,66423.0,40.5,7.0,0.0,0.0,1,0,0,0,0,0,0,0.6989687468551061,19.068378994520547
10.08580911,29.7,727,9862.0,16.4,0.0,1.0,0.0,0,1,0,0,0,0,0,0.41091666639138663,15.452054794520548
10.59663473,14.52,657,8545.0,82.2,3.0,0.0,0.0,0,0,1,0,0,0,0,0.2136250006613987,10.438356164383562
9.454070557,25.11,717,3584.0,50.6,0.0,0.0,0.0,0,0,1,0,0,0,0,0.2808777429182784,8.712328767123287
11.60823564,11.09,657,40915.0,2.4,1.0,0.0,0.0,1,1,0,0,0,0,0,0.3719545472304622,5.835616438356165
11.08723724,17.12,727,44248.0,22.8,4.0,0.0,0.0,0,0,0,0,0,0,0,0.6772791289399408,12.493150684931507
10.54534144,25.93,707,39481.0,92.9,0.0,0.0,0.0,1,0,0,0,0,0,0,1.038973682868716,18.945205479452056
10.59663473,20.07,677,15721.0,85.4,4.0,0.0,0.0,0,0,1,0,0,0,0,0.3930250012168343,12.082077624657533
11.19821472,20.6,657,2166.0,83.3,2.0,0.0,0.0,1,0,0,0,0,0,0,0.02967123288058528,9.123173515068494
10.51867319,25.07,717,13913.0,43.0,0.0,0.0,0.0,0,1,0,0,0,0,0,0.3760270276385831,12.575342465753424
10.91828336,10.4,647,6171.0,67.1,1.0,3.0,1.0,1,0,1,0,0,0,0,0.11184210471637604,9.863013698630137
10.89951325,17.24,657,10643.0,71.9,1.0,0.0,0.0,0,0,1,0,0,0,0,0.1965466302096639,7.397146117808219
11.15625052,25.68,692,64723.0,69.9,0.0,0.0,0.0,0,0,0,0,0,0,0,0.9246142866680214,19.068378994520547
10.77895629,15.1,657,5192.0,78.7,0.0,1.0,0.0,1,0,0,0,0,0,0,0.10816666665477136,12.904109589041095
10.73639668,22.72,662,0.0,,6.0,0.0,0.0,0,0,1,0,0,0,0,0.0,5.506849315068493
10.57131693,25.48,732,13047.0,43.5,0.0,0.0,0.0,0,1,0,0,0,0,0,0.33453845990316505,9.893150684931507
11.05089001,11.39,642,11823.0,54.2,2.0,0.0,0.0,0,0,1,0,0,0,0,0.18766666579845873,11.013584473972603
10.57131693,6.77,657,4885.0,57.5,0.0,0.0,0.0,0,0,0,1,0,0,0,0.1252564096441298,1.9863013698630136
10.54534144,19.52,672,8443.0,33.2,4.0,1.0,0.0,0,0,1,0,0,0,0,0.22218421023937004,12.410844747945204
10.81977828,21.5,652,17817.0,55.5,1.0,0.0,0.0,1,1,0,0,0,0,0,0.3563400015715605,15.123173515068492
11.71993963,11.55,682,15853.0,63.4,6.0,0.0,0.0,0,1,0,0,0,0,0,0.12888617942303043,13.561643835616438
10.91508846,9.1,667,1062.0,59.0,12.0,0.0,0.0,1,0,1,0,0,0,0,0.019309090990471164,9.534246575342467
10.81977828,24.46,647,16723.0,70.6,0.0,0.0,0.0,0,0,0,0,1,0,0,0.33446000147506344,15.863013698630137
10.46310334,26.78,652,5101.0,92.7,5.0,1.0,1.0,1,0,1,0,0,0,0,0.14574285721158228,11.58904109589041
10.77895629,13.0,687,82141.0,91.8,3.0,0.0,0.0,1,0,1,0,0,0,0,1.7112708331451414,15.123173515068492
10.55841352,10.91,657,3513.0,92.4,1.0,0.0,0.0,0,0,1,0,0,0,0,0.09124675327192598,13.808219178082192
11.40756495,9.37,647,20827.0,74.4,1.0,0.0,0.0,0,0,1,0,0,0,0,0.23141111095199346,7.808219178082192
10.57131693,22.58,652,29629.0,75.8,3.0,0.0,0.0,0,0,1,0,0,0,0,0.7597179450042828,13.397146117808218
11.8493977,18.08,647,12578.0,76.7,0.0,0.0,0.0,1,0,0,0,0,0,0,0.0898428572858367,7.561643835616438
11.00209984,26.08,642,57415.0,83.1,1.0,0.0,0.0,0,0,0,0,1,0,0,0.9569166678190223,15.863013698630137
10.59663473,10.53,667,4832.0,25.0,5.0,1.0,0.0,0,0,0,0,0,0,0,0.12080000037400568,9.780821917808218
10.46310334,13.68,642,4207.0,79.4,4.0,0.0,0.0,1,0,1,0,0,0,0,0.12020000005668038,10.684931506849315
11.22524339,16.05,652,894.0,89.4,1.0,0.0,0.0,1,0,0,0,0,0,0,0.011920000030019902,8.301255706849314
11.43154186,26.24,697,150334.0,87.7,0.0,0.0,0.0,0,0,1,0,0,0,0,1.6308036080408899,9.451940638356165
10.8365174,7.27,647,6417.0,71.3,0.0,0.0,0.0,0,0,1,0,0,0,0,0.1262095823039145,12.082077624657533
10.858999,14.17,642,5355.0,43.5,1.0,2.0,0.0,0,0,0,0,1,0,0,0.10298076897986315,20.383447487671233
10.30895266,28.56,667,14951.0,82.1,5.0,1.0,0.0,0,0,1,0,0,0,0,0.49836666698776094,7.314954336986301
10.59663473,26.88,702,12531.0,71.6,0.0,0.0,0.0,1,0,1,0,0,0,0,0.31327500096992245,8.482191780821918
10.59663473,13.44,692,19372.0,73.9,4.0,0.0,0.0,0,0,1,0,0,0,0,0.48430000149942837,9.534246575342467
10.79939189,27.41,677,20582.0,96.2,0.0,0.0,0.0,0,0,1,0,0,0,0,0.42011797948964497,14.219063926027395
10.71441777,22.45,712,18933.0,60.3,9.0,0.0,0.0,1,0,0,0,0,0,0,0.42073333280845,14.054680364383561
11.91839057,27.86,652,110498.0,99.7,7.0,0.0,0.0,1,0,1,0,0,0,0,0.7366533356010418,16.438242008219177
10.79957558,18.74,667,16195.0,88.5,4.0,1.0,0.0,0,0,1,0,0,0,0,0.3305102031207611,9.698630136986301
10.59663473,24.81,657,7809.0,85.8,5.0,1.0,1.0,1,0,0,0,0,0,0,0.19522500060443096,10.602739726027398
11.22524339,25.84,702,30509.0,69.2,0.0,0.0,0.0,0,0,1,0,0,0,0,0.4067866676911378,8.898630136986302
11.22524339,10.14,647,17142.0,54.6,2.0,0.0,0.0,0,1,0,0,0,0,0,0.2285600005756165,19.89041095890411
11.26076496,18.24,687,80490.0,55.2,1.0,0.0,0.0,1,1,0,0,0,0,0,1.035747379672239,28.438242
11.15625052,12.65,642,4208.0,89.5,1.0,0.0,2.0,0,0,1,0,0,0,0,0.06011428577629334,21.616438356164384
10.40426284,22.79,657,7958.0,106.1,0.0,0.0,0.0,0,1,0,0,0,0,0,0.24115151525970005,4.52054794520548
10.71441777,12.0,657,2829.0,108.8,0.0,0.0,0.0,0,0,0,0,0,0,0,0.06286666658823774,24.493150684931507
11.253301,19.96,662,14188.0,71.3,5.0,0.0,0.0,0,1,0,0,0,0,0,0.1839393520542991,8.794520547945206
10.55581274,8.34,657,442.0,12.6,3.0,0.0,0.0,0,0,1,0,0,0,0,0.011510416650273737,4.440981734246575
10.49127422,15.87,642,2779.0,86.8,1.0,1.0,0.0,1,0,1,0,0,0,0,0.0771944442466914,5.8273972602739725
11.40756495,10.43,717,13544.0,48.9,4.0,0.0,1.0,0,0,1,0,0,0,0,0.15048888878541314,19.89041095890411
11.03488966,26.74,737,9366.0,40.7,6.0,0.0,0.0,1,0,0,0,1,0,0,0.1510645167374037,14.876712328767123
11.1526727,10.63,697,5031.0,59.2,4.0,0.0,0.0,1,0,0,0,1,0,0,0.07212903223524375,10.684931506849315
11.39075783,16.3,647,9600.0,72.7,4.0,0.0,0.0,1,0,1,0,0,0,0,0.10847457637922939,8.712328767123287
10.46310334,10.15,677,2315.0,77.2,1.0,0.0,0.0,0,0,0,0,0,0,0,0.06614285717404685,2.465639269315069
11.22524339,16.16,652,894.0,89.4,1.0,0.0,0.0,1,0,0,0,0,0,0,0.011920000030019902,8.301255706849314
10.95080655,24.17,702,30734.0,83.6,4.0,0.0,1.0,0,1,0,0,0,0,0,0.5391929807397208,23.17796803561644
11.26446411,18.37,657,18158.0,55.8,1.0,0.0,0.0,0,0,1,0,0,0,0,0.23279487078727235,6.0
11.04764666,24.59,687,29828.0,83.6,7.0,0.0,0.0,0,0,0,0,1,0,0,0.4749984057179867,8.46563926849315
11.40756495,28.3,667,42876.0,79.1,5.0,0.0,0.0,0,0,1,0,0,0,0,0.4763999996724287,21.12317351506849
11.22524339,28.66,652,24671.0,72.3,3.0,0.0,0.0,0,0,1,0,0,0,0,0.3289466674951018,16.84931506849315
10.30895266,12.2,752,70.0,2.9,0.0,0.0,0.0,0,0,0,0,0,1,0,0.002333333334836684,1.479337899452055
11.12726298,24.16,662,10498.0,100.0,1.0,0.0,0.0,1,0,0,0,0,0,0,0.15438235358313604,14.712328767123287
10.6454249,5.6,682,4713.0,61.2,6.0,0.0,0.0,1,0,0,0,0,0,0,0.11221428540743635,3.287557076712329
10.98536052,17.59,647,8135.0,79.0,3.0,0.0,0.0,1,0,1,0,0,0,0,0.1378720082913278,9.534246575342467
10.12647109,3.55,642,2387.0,88.4,3.0,0.0,0.0,0,0,0,0,0,0,0,0.09549527934485097,1.397146118630137
10.71441777,26.4,697,5132.0,41.4,2.0,0.0,0.0,0,0,1,0,0,0,0,0.11404444430216899,10.520547945205479
10.17381999,11.72,652,6962.0,31.2,2.0,1.0,0.0,0,0,1,0,0,0,0,0.2656440772549132,6.904109589041096
10.50232405,4.65,652,4684.0,80.8,1.0,1.0,0.0,0,1,0,0,0,0,0,0.12868131914776682,5.589041095890411
9.740968623,20.4,672,3368.0,42.1,6.0,0.0,0.0,0,0,0,0,0,1,0,0.19811764706642188,2.712328767123288
11.41751528,11.93,677,12965.0,96.8,4.0,0.0,0.0,1,0,0,0,0,0,0,0.1426292629499078,8.301255706849314
10.71441777,6.69,652,12862.0,66.6,1.0,0.0,0.0,1,0,0,0,0,0,0,0.28582222186564643,11.67123287671233
10.91501573,2.71,682,5815.0,49.3,1.0,0.0,0.0,0,0,0,0,0,0,0,0.10573496299708662,1.9726027397260273
10.59663473,17.43,727,33.0,0.1,4.0,0.0,1.0,1,0,0,0,1,0,0,0.0008250000025542606,12.493036528767123
9.546812609,1.29,737,100.0,1.0,2.0,0.0,0.0,0,0,0,0,0,1,0,0.007142857139981399,1.0684931506849316
9.952277717,3.94,662,3402.0,64.2,1.0,0.0,0.0,1,0,1,0,0,0,0,0.16199999995230083,1.9726027397260273
11.39075783,19.75,647,9976.0,75.6,3.0,0.0,0.0,1,1,0,0,0,0,0,0.11272316395408254,8.794520547945206
11.28978191,28.35,682,61422.0,85.1,0.0,0.0,0.0,0,0,0,0,0,0,0,0.7677750028069994,9.04109589041096
11.8313792,28.26,642,205016.0,88.3,3.0,0.0,0.0,0,0,0,0,0,0,0,1.4910254487136998,10.438242008219179
11.00209984,21.86,647,47253.0,89.2,3.0,0.0,0.0,0,0,1,0,0,0,0,0.7875500009483978,7.6438356164383565
11.22524339,20.67,707,75661.0,58.6,2.0,0.0,0.0,0,0,1,0,0,0,0,1.0088133358739775,11.58904109589041
10.71441777,17.63,657,12514.0,53.0,1.0,0.0,0.0,0,0,0,1,0,0,0,0.2780888885419608,2.8767123287671232
10.6454249,0.29,727,305.0,8.0,2.0,0.0,0.0,0,0,0,0,1,0,0,0.007261904742047121,1.5616438356164384
11.05089001,17.5,682,2535.0,19.1,6.0,0.0,0.0,0,0,1,0,0,0,0,0.04023809505194053,9.698630136986301
9.740968623,1.62,662,984.0,98.4,1.0,0.0,0.0,0,0,0,0,0,1,0,0.057882352943396415,1.479337899452055
9.392661929,20.4,697,440.0,11.9,3.0,0.0,0.0,1,0,0,0,0,0,0,0.03666666665823834,2.712328767123288
10.818177,18.87,672,5559.0,54.5,5.0,2.0,0.0,0,0,1,0,0,0,0,0.1113581734158204,12.493036528767123
10.79957558,17.85,642,1690.0,4.3,1.0,2.0,0.0,0,0,1,0,0,0,0,0.03448979581809733,12.575342465753424
11.56171563,21.34,687,20947.0,51.8,7.0,0.0,0.0,1,0,0,1,0,0,0,0.1994952379236044,11.58904109589041
11.17043516,24.73,672,34872.0,75.7,4.0,0.0,0.0,0,0,0,0,0,0,0,0.49115492762436375,16.10958904109589
12.01370075,20.95,672,14289.0,34.3,5.0,1.0,0.0,0,0,0,0,0,0,0,0.08660000024964334,17.506735158904107
9.903487553,0.9,732,37.0,1.5,3.0,0.0,0.0,0,0,0,0,0,0,0,0.0018499999991418371,1.5616438356164384
10.59663473,10.35,642,11606.0,77.9,1.0,0.0,0.0,1,1,0,0,0,0,0,0.2901500008983257,4.356050227397261
10.34174248,21.65,667,11806.0,42.9,8.0,0.0,0.0,1,0,0,0,0,0,0,0.3808387109978948,2.8767123287671232
12.07254125,14.78,667,84355.0,95.9,4.0,0.0,0.0,0,0,1,0,0,0,0,0.48202857282917805,20.63013698630137
10.59663473,10.53,722,17755.0,30.7,4.0,0.0,0.0,0,0,1,0,0,0,0,0.4438750013742696,8.876712328767123
10.59663473,3.09,677,3127.0,104.2,0.0,0.0,0.0,0,0,0,0,0,0,0,0.07817500024203554,3.539611871232877
10.46321762,2.37,647,2161.0,61.7,2.0,0.0,0.0,0,0,0,0,0,0,0,0.061735801601417395,9.945205479452055
10.1266311,2.21,732,1568.0,9.1,4.0,0.0,0.0,0,0,0,0,0,0,0,0.06272000024149313,5.5670091315068495
10.30895266,10.8,657,5710.0,48.8,0.0,1.0,0.0,0,0,0,0,0,0,0,0.19033333345596382,6.369748857534247
12.08953883,15.69,712,161337.0,62.9,3.0,0.0,0.0,0,0,0,0,0,0,0,0.9063876397916018,12.082191780821917
11.22021745,24.01,657,8772.0,52.5,4.0,0.0,0.0,0,0,1,0,0,0,0,0.11754931392540474,4.356050227397261
10.81977828,0.6,737,973.0,8.3,0.0,0.0,0.0,0,0,0,0,0,0,0,0.01946000008582412,1.6684931506849314
11.69524702,19.46,752,190486.0,80.8,1.0,0.0,0.0,1,0,0,0,0,0,0,1.5873833361337681,29.50673515068493
11.1844214,25.78,742,52964.0,71.1,3.0,0.0,0.0,0,1,0,0,0,0,0,0.7356111096385594,33.47659816438356
11.06657586,9.17,722,4764.0,58.1,8.0,0.0,0.0,0,0,0,0,1,0,0,0.07444215266346804,15.863013698630137
11.48242502,12.15,657,8918.0,70.2,3.0,0.0,0.0,1,0,1,0,0,0,0,0.09194193570596522,8.87945205479452
11.26446411,8.86,647,5376.0,71.7,8.0,1.0,0.0,1,0,0,0,0,0,0,0.06892307662475912,7.972602739726027
10.858999,10.99,652,11587.0,54.0,3.0,0.0,1.0,1,0,1,0,0,0,0,0.22282692253401948,19.15068493150685
10.96819829,16.04,652,939.0,11.7,1.0,0.0,1.0,1,1,0,0,0,0,0,0.01618965516478128,9.627397260273973
11.72964845,28.29,642,73943.0,98.1,0.0,0.0,0.0,0,0,0,0,0,0,0,0.5953542664067533,17.42454337808219
11.81303006,21.32,712,76428.0,68.8,14.0,0.0,1.0,1,0,1,0,0,0,0,0.5661333318730296,34.10958904109589
10.6454249,17.37,657,8312.0,85.7,0.0,1.0,0.0,0,1,0,0,0,0,0,0.19790476136359236,4.684931506849315
11.3083583,10.95,657,4037.0,21.1,0.0,0.0,0.0,0,1,0,0,0,0,0,0.049533742293095546,12.657534246575343
10.34817337,10.85,652,162.0,54.0,1.0,0.0,0.0,0,0,0,0,0,0,0,0.0051923077120258655,3.205365295890411
10.91508846,14.64,667,20749.0,89.1,6.0,1.0,0.0,1,0,0,0,0,0,0,0.3772545470445256,11.588926939726026
10.73639668,0.65,732,309.0,9.1,1.0,0.0,0.0,0,0,0,0,0,0,0,0.006717391273926318,2.2190639268493153
10.75248397,7.29,707,0.0,,0.0,0.0,0.0,0,0,0,0,0,1,0,0.0,2.712328767123288
10.59663473,4.89,642,4030.0,62.0,0.0,0.0,0.0,0,0,1,0,0,0,0,0.1007500003119294,12.821917808219178
8.9226583,4.96,687,1954.0,43.4,1.0,0.0,0.0,0,1,0,0,0,0,0,0.2605333332094241,1.643835616438356
11.15625052,25.51,662,7461.0,90.5,8.0,0.0,0.0,1,0,0,0,0,0,0,0.10658571439565699,14.219063926027395
11.56171563,13.37,712,5495.0,13.1,6.0,0.0,0.0,0,0,1,0,0,0,0,0.052333333288308886,14.465639268493149
10.23995979,7.64,662,2391.0,99.6,0.0,0.0,0.0,0,0,0,0,0,0,0,0.08539285707090005,2.7945205479452055
10.6454249,9.71,682,29116.0,78.1,5.0,0.0,0.0,0,0,1,0,0,0,0,0.6932380933424394,9.862899542465753
10.35964577,7.49,647,7884.0,63.1,1.0,0.0,0.0,0,0,1,0,0,0,0,0.2498098871705686,6.4930365287671234
9.903687533,9.9,677,5111.0,104.3,4.0,0.0,0.0,0,0,1,0,0,0,0,0.2554989001021186,4.03013698630137
9.472396897,5.45,702,1470.0,21.6,0.0,0.0,0.0,1,0,1,0,0,0,0,0.11311172666126636,1.8082191780821917
9.903487553,7.66,732,814.0,9.5,0.0,0.0,0.0,0,0,0,0,0,0,0,0.04069999998112042,2.958904109589041
9.68009397,1.73,707,758.0,47.4,1.0,0.0,0.0,0,0,0,0,0,1,0,0.04738684671010038,2.0684931506849313
11.05089001,26.46,662,14343.0,42.1,2.0,0.0,0.0,0,0,1,0,0,0,0,0.2276666656134055,6.328652967123288
10.96812932,28.7,692,9662.0,50.9,5.0,0.0,0.0,0,0,1,0,0,0,0,0.1665976966649229,10.602625569863013
11.22524339,17.76,647,12902.0,70.1,0.0,0.0,0.0,0,0,0,0,1,0,0,0.1720266670999069,16.027397260273972
10.30895266,23.44,687,3451.0,30.3,2.0,0.0,0.0,0,1,0,0,0,0,0,0.11503333340744853,2.712328767123288
10.91508846,15.1,662,17599.0,41.7,11.0,0.0,0.0,0,0,0,0,1,0,0,0.3199818195304162,10.684931506849315
10.6454249,14.46,692,3083.0,16.3,4.0,1.0,0.0,0,0,1,0,0,0,0,0.07340476170403697,11.260159816438355
10.26813067,0.42,782,449.0,15.0,1.0,0.0,0.0,0,0,0,0,0,0,0,0.015590277717350448,7.068493150684931
10.9331784,8.98,652,1254.0,96.5,2.0,0.0,0.0,0,0,0,0,0,0,0,0.022391257671866692,9.945205479452055
11.88448902,18.16,682,105863.0,49.3,8.0,0.0,0.0,1,0,1,0,0,0,0,0.7300896561965188,18.328652967123286
9.903687533,25.07,667,5411.0,35.6,3.0,0.0,0.0,0,0,1,0,0,0,0,0.27049590069508195,3.6163242
10.83958091,9.22,657,3024.0,65.7,1.0,0.0,2.0,0,0,0,0,0,0,0,0.059294117748241996,13.561529679452054
10.81627215,22.2,652,12759.0,78.8,2.0,0.0,0.0,0,0,0,0,0,0,0,0.2560762656746297,8.219063926027397
10.17198681,22.94,662,558.0,22.3,4.0,0.0,0.0,0,0,0,0,0,0,0,0.02133027513488889,1.3149543378082191
11.66838957,11.74,667,210.0,70.0,11.0,1.0,0.0,0,0,0,0,0,0,0,0.0017976373865331535,9.205365295890411
9.998797732,14.7,687,6720.0,101.8,2.0,0.0,0.0,1,0,0,0,0,0,0,0.30545454555853835,8.547831049315068
11.09741002,6.38,692,23192.0,85.6,4.0,0.0,0.0,0,1,0,0,0,0,0,0.35139393974834227,9.945205479452055
11.42954386,2.78,682,32776.0,65.0,4.0,0.0,0.0,0,1,0,0,0,0,0,0.35626086815128094,10.602625569863013
10.37349118,6.94,652,2324.0,12.9,1.0,2.0,2.0,0,0,1,0,0,0,0,0.07262500012940783,8.712328767123287
10.46321762,26.36,667,6644.0,35.9,12.0,0.0,0.0,0,0,0,0,0,0,0,0.18980687914845776,19.068493150684933
10.00784757,23.02,702,2740.0,21.1,6.0,0.0,0.0,0,0,1,0,0,0,0,0.12342342315934317,2.8767123287671232
11.231623,9.14,657,3453.0,53.1,0.0,0.0,0.0,0,0,0,0,0,0,0,0.04574721778236649,8.712328767123287
11.15625052,12.86,692,6469.0,8.7,15.0,0.0,0.0,1,0,0,0,0,1,0,0.09241428580961066,10.520433789041096
10.77895629,15.38,677,4956.0,40.0,4.0,0.0,0.0,0,0,1,0,0,0,0,0.1032499999886454,11.588926939726026
11.15625052,25.03,657,43878.0,94.8,0.0,0.0,0.0,0,0,0,0,1,0,0,0.6268285720751424,21.78082191780822
11.9511804,17.69,662,32135.0,91.1,11.0,0.0,0.0,0,0,0,1,0,0,0,0.20732257979542557,12.082191780821917
10.95080655,11.22,652,4334.0,98.5,4.0,0.0,0.0,0,0,0,0,0,0,0,0.07603508747725483,13.479337898630137
10.81977828,8.5,642,4151.0,45.6,2.0,0.0,0.0,0,0,1,0,0,0,0,0.08302000036614174,10.520433789041096
10.42228135,8.93,667,5528.0,87.7,4.0,0.0,0.0,1,0,1,0,0,0,0,0.16452380885770118,4.7095890410958905
10.77895629,19.4,652,21093.0,85.1,3.0,1.0,0.0,1,0,0,0,0,0,0,0.4394374999516742,12.657420090410957
10.16600565,1.43,767,1057.0,23.5,0.0,0.0,0.0,0,0,0,0,0,0,0,0.040647592731881524,2.5478310501369865
10.73630972,18.91,652,12634.0,76.6,0.0,0.0,0.0,0,0,0,0,0,1,0,0.2746760574606386,7.479337898630137
11.60827201,11.62,677,15038.0,93.3,4.0,0.0,0.0,0,0,1,0,0,0,0,0.13670411954257233,11.753424657534246
11.91839057,26.27,697,91148.0,95.4,2.0,0.0,0.0,0,0,1,0,0,0,0,0.6076533352039292,13.89041095890411
10.91501573,10.04,657,3729.0,70.4,3.0,0.0,0.0,0,0,1,0,0,0,0,0.06780493155909476,13.972602739726028
9.798127037,4.67,652,1157.0,0.0,1.0,0.0,0.0,1,0,0,1,0,0,0,0.06427777776995526,2.3834474884931507
10.71441777,11.41,687,5148.0,12.7,7.0,0.0,0.0,0,1,0,0,0,0,0,0.11439999985728097,13.232876712328768
9.998797732,15.44,647,7872.0,66.2,1.0,2.0,0.0,1,0,1,0,0,0,0,0.3578181819400021,4.109589041095891
11.06676335,10.63,687,5260.0,24.2,10.0,0.0,0.0,1,0,0,0,0,0,0,0.0821772282187787,8.630022830136987
10.66895539,11.72,667,1.0,0.0,0.0,0.0,0.0,0,0,1,0,0,0,0,2.325581406222555e-05,2.7945205479452055
10.25765937,10.21,647,1485.0,74.2,5.0,0.0,1.0,0,0,0,0,0,0,0,0.05210526296285125,10.027397260273972
10.91508846,24.94,667,41705.0,95.2,8.0,0.0,0.0,1,1,0,0,0,0,0,0.7582727304685498,14.219178082191782
11.73606902,18.85,737,276911.0,23.9,1.0,0.0,0.0,0,0,0,0,0,0,0,2.2152879917689594,18.0
10.46321762,25.09,687,5748.0,25.4,0.0,0.0,0.0,0,1,0,0,0,0,0,0.16420980453722683,5.419063926027397
10.15393494,20.88,687,8883.0,78.6,4.0,0.0,0.0,0,0,1,0,0,0,0,0.34574964913548834,16.767123287671232
11.00209984,28.41,657,18242.0,70.2,0.0,0.0,0.0,0,0,0,0,0,0,0,0.3040333336994619,4.767123287671233
11.09741002,12.11,677,5319.0,106.4,0.0,0.0,0.0,0,1,0,0,0,0,0,0.08059090917219008,13.89041095890411
11.69524702,14.84,652,21881.0,82.5,2.0,4.0,0.0,1,0,0,0,0,0,0,0.18234166698835075,19.89041095890411
10.43399815,0.71,717,372.0,7.4,0.0,0.0,0.0,0,0,0,0,0,0,0,0.010942463815098481,1.6437214610958906
10.30895266,17.88,657,2229.0,34.8,2.0,0.0,0.0,0,0,0,0,0,0,0,0.07430000004787099,1.397146118630137
9.85198371,24.51,687,0.0,0.0,0.0,0.0,0.0,1,0,0,0,0,0,0,0.0,2.5478310501369865
10.46310334,17.47,642,1085.0,77.5,3.0,0.0,0.0,0,0,0,0,0,0,0,0.03100000001461807,10.027397260273972
10.83958091,9.01,657,4050.0,34.6,4.0,3.0,0.0,1,0,0,0,0,0,0,0.07941176484139553,14.301255706849314
10.71441777,22.83,652,15056.0,99.1,1.0,0.0,0.0,0,1,0,0,0,0,0,0.3345777773603773,9.698515980821918
10.04324949,24.47,667,4374.0,52.7,4.0,0.0,0.0,0,0,0,0,0,0,0,0.19017391397747707,6.824657534246575
10.81977828,20.93,642,15831.0,56.3,3.0,0.0,0.0,0,0,0,0,1,0,0,0.316620001396384,13.810958904109588
11.17043516,6.24,657,8558.0,80.7,3.0,0.0,0.0,0,1,0,0,0,0,0,0.12053521078829162,6.821917808219178
10.59663473,2.07,702,599.0,3.2,8.0,1.0,1.0,1,1,0,0,0,0,0,0.0149750000463637,32.136986301369866
10.42797937,7.24,717,2208.0,15.7,3.0,0.0,0.0,0,0,0,0,0,0,0,0.06534090889919456,2.8767123287671232
10.91508846,10.89,662,20578.0,29.7,11.0,0.0,0.0,0,1,0,0,0,0,0,0.3741454561223311,15.780821917808218
11.46163217,7.79,657,10978.0,98.9,4.0,0.0,0.0,0,1,0,0,0,0,0,0.11555789480417517,5.383447487671233
11.05673006,13.9,687,22954.0,66.0,4.0,0.0,0.0,0,1,0,0,0,0,0,0.36222758829376783,6.410844747945205
10.4487146,7.86,647,7424.0,73.7,1.0,0.0,0.0,0,0,1,0,0,0,0,0.2151884064468522,14.465639268493149
10.30895266,24.12,662,12814.0,69.6,4.0,0.0,0.0,0,0,1,0,0,0,0,0.42713333360853245,4.8493150684931505
11.60827201,8.44,672,390.0,32.5,4.0,0.0,0.0,0,0,0,0,0,0,0,0.0035453256165449668,11.671118720547945
10.4487146,8.7,647,16690.0,91.2,4.0,0.0,0.0,1,0,1,0,0,0,0,0.4837681174027429,14.465639268493149
12.12269104,12.76,647,49303.0,99.2,0.0,0.0,0.0,1,1,0,0,0,0,0,0.2679510860431095,6.0
11.08214255,19.66,702,24985.0,49.6,5.0,0.0,0.0,0,0,0,0,1,0,0,0.3843846149532489,5.342351597260274
10.86856845,29.9,662,15473.0,65.3,0.0,1.0,0.0,0,0,0,0,0,0,0,0.29472380910521784,8.547831049315068
9.547098282,4.2,687,1032.0,9.5,4.0,0.0,0.0,0,0,0,0,0,0,0,0.0736932305110641,8.794520547945206
10.71441777,18.8,652,11577.0,60.9,1.0,0.0,0.0,0,0,0,0,0,0,0,0.2572666663457152,6.912328767123288
10.77895629,15.65,652,901.0,42.9,1.0,0.0,1.0,0,0,0,0,0,0,0,0.01877083333126907,11.013698630136986
10.68051622,10.18,742,0.0,,3.0,0.0,0.0,0,1,0,0,0,0,0,0.0,6.575228309589042
11.31447453,27.26,652,22515.0,95.8,3.0,0.0,0.0,0,0,1,0,0,0,0,0.27457316970106677,9.709474884931508
10.87039535,21.38,652,20032.0,72.1,1.0,0.0,0.0,0,0,1,0,0,0,0,0.38086546513314307,12.73972602739726
10.65608219,23.89,662,5361.0,42.2,12.0,0.0,0.0,1,0,0,1,0,0,0,0.12628975286985694,5.835616438356165
11.1844214,1.57,652,3842.0,27.4,3.0,2.0,0.0,0,0,0,0,0,0,0,0.053361111004292444,4.520433789041096
11.40756495,5.93,657,50545.0,54.6,0.0,0.0,0.0,0,1,0,0,0,0,0,0.5616111107249488,7.72591324109589
12.56024446,4.33,682,20205.0,1.2,6.0,0.0,0.0,1,0,0,0,0,0,0,0.07089473678899005,6.164383561643835
10.30895266,15.6,697,1085.0,11.4,11.0,1.0,0.0,0,0,0,0,0,0,0,0.0361666666899686,17.506735158904107
10.46310334,26.19,707,10975.0,57.2,4.0,0.0,0.0,0,0,0,0,0,0,0,0.3135714287192934,5.7534246575342465
11.2553328,12.37,657,11162.0,40.0,3.0,0.0,0.0,0,1,0,0,0,0,0,0.14441526155752257,8.383447487671233
10.6454249,8.11,652,5057.0,26.6,2.0,1.0,0.0,1,0,0,1,0,0,0,0.12040476157551572,7.808219178082192
11.91839057,8.6,697,21293.0,3.4,7.0,0.0,0.0,1,1,0,0,0,0,0,0.1419533337703215,21.698515980821917
10.9455436,27.6,667,41478.0,99.2,3.0,0.0,0.0,0,1,0,0,0,0,0,0.7315240694490802,11.671118720547945
10.86856845,17.44,652,5070.0,64.2,1.0,3.0,0.0,0,0,0,0,0,1,0,0.09657142843426965,10.767123287671232
10.7045021,8.0,687,9387.0,50.2,4.0,0.0,0.0,0,0,1,0,0,0,0,0.21067869730721378,14.547831049315068
10.2327913,12.52,702,3999.0,21.5,4.0,0.0,0.0,0,0,0,0,0,0,0,0.14384892081709472,4.6848173506849315
10.7342204,17.73,652,6131.0,68.9,1.0,0.0,0.0,0,0,1,0,0,0,0,0.13357298422165995,13.703995432876711
10.46310334,11.28,667,832.0,27.7,4.0,1.0,0.0,0,0,1,0,0,0,0,0.023771428582638005,9.624543378082192
11.00209984,9.94,642,5770.0,69.5,1.0,2.0,0.0,0,0,0,0,0,0,0,0.09616666678247424,18.328767123287673
10.6454249,11.83,667,0.0,0.0,4.0,0.0,0.0,0,0,0,0,0,1,0,0.0,7.643721460273973
10.69194491,26.68,647,20685.0,89.5,2.0,0.0,0.0,0,0,0,1,0,0,0,0.4701136377271531,26.958904109589042
10.59663473,19.5,672,3780.0,16.2,4.0,0.0,0.0,0,0,1,0,0,0,0,0.09450000029257895,10.273858446575343
10.87804719,16.78,702,31412.0,52.8,5.0,0.0,0.0,0,0,1,0,0,0,0,0.5926792467850214,14.136986301369863
10.71441777,10.19,657,9771.0,86.4,4.0,0.0,0.0,0,0,0,0,0,0,0,0.21713333306244997,8.794520547945206
10.89673933,27.47,672,23618.0,62.3,6.0,1.0,0.0,1,1,0,0,0,0,0,0.4373703684225023,10.191780821917808
10.59182318,18.27,652,9408.0,93.1,3.0,0.0,0.0,0,0,1,0,0,0,0,0.23633440422271876,9.156164383561643
11.2515607,14.01,657,22458.0,66.4,2.0,0.0,0.0,0,1,0,0,0,0,0,0.29166233790611495,7.890410958904109
11.51292546,19.58,642,25366.0,77.1,0.0,2.0,0.0,1,0,1,0,0,0,0,0.25366000126074817,15.123287671232877
10.20359214,26.62,792,8220.0,10.1,0.0,0.0,0.0,0,1,0,0,0,0,0,0.3044444459625465,16.577968035616436
9.852194258,3.85,682,1279.0,85.3,0.0,0.0,0.0,0,0,0,1,0,0,0,0.06731578948368577,2.630022830958904
10.08580911,11.5,657,8686.0,90.5,0.0,1.0,0.0,0,0,0,0,0,0,0,0.36191666642421255,22.10958904109589
11.86709728,22.32,652,63685.0,82.1,1.0,1.0,0.0,0,0,0,0,1,0,0,0.446912280116676,18.65742009041096
10.71441777,25.76,647,31939.0,82.7,4.0,0.0,0.0,0,1,0,0,0,0,0,0.7097555546701043,9.698515980821918
11.55214618,16.97,652,31140.0,52.6,1.0,1.0,0.0,0,0,1,0,0,0,0,0.2994230763612126,10.76700913150685
11.28978191,19.89,642,16012.0,44.2,6.0,1.0,0.0,0,0,1,0,0,0,0,0.20015000073175207,12.739611871232876
11.8473957,10.85,687,79395.0,73.8,6.0,0.0,0.0,1,0,0,0,1,0,0,0.5682436295041111,12.657420090410957
10.818177,17.67,657,10221.0,70.0,1.0,0.0,1.0,0,1,0,0,0,0,0,0.20474759677695634,10.10958904109589
11.01862914,13.79,677,25457.0,70.7,5.0,0.0,0.0,0,1,0,0,0,0,0,0.4173278701693156,7.4
11.00209984,21.82,712,32573.0,65.0,4.0,0.0,0.0,1,1,0,0,0,0,0,0.5428833339870942,8.96986301369863
11.56171563,1.03,677,3607.0,44.0,4.0,0.0,0.0,1,0,0,0,0,0,0,0.034352380922826234,10.027397260273972
10.37349118,28.76,727,11285.0,46.6,0.0,0.0,0.0,0,0,1,0,0,0,0,0.35265625062838524,8.876712328767123
11.19547123,21.1,642,55147.0,91.9,3.0,0.0,0.0,1,0,0,0,0,0,0,0.7575137394337621,17.095890410958905
10.34174248,25.63,677,9267.0,16.0,0.0,3.0,0.0,0,0,0,0,0,0,0,0.2989354849074615,19.643721460273973
10.71441777,16.67,677,21022.0,93.0,4.0,0.0,0.0,0,0,1,0,0,0,0,0.46715555497275846,12.32876712328767
10.57544174,21.66,647,3975.0,81.1,4.0,0.0,0.0,0,0,0,0,0,0,0,0.10150352897160234,9.6163242
11.15625052,21.02,642,14157.0,60.2,1.0,0.0,0.0,0,0,1,0,0,0,0,0.20224285735146977,6.164383561643835
11.00209984,23.28,642,18641.0,70.6,2.0,1.0,1.0,0,0,0,0,0,0,0,0.3106833337074701,25.89041095890411
11.10721033,2.45,647,1601.0,50.0,3.0,0.0,0.0,0,0,1,0,0,0,0,0.024021005145785083,1.9726027397260273
11.49272276,12.33,677,26390.0,43.0,4.0,0.0,0.0,0,0,1,0,0,0,0,0.2692857136536225,16.438242008219177
10.84801583,24.8,657,30177.0,63.7,0.0,0.0,0.0,0,0,1,0,0,0,0,0.5867358818227193,13.402739726027397
11.28978191,20.37,662,27954.0,66.9,4.0,2.0,0.0,1,0,0,0,0,0,0,0.3494250012775042,22.684817350684934
12.15477935,17.92,667,149621.0,64.3,8.0,0.0,0.0,0,1,0,0,0,0,0,0.7874789482682127,19.068493150684933
10.57131693,5.23,652,2060.0,12.7,0.0,4.0,0.0,0,0,0,0,0,0,0,0.05282051256231471,4.931506849315069
11.38509209,16.83,647,46670.0,87.8,1.0,0.0,0.0,0,1,0,0,0,0,0,0.5303409109260705,4.76700913150685
9.035986985,10.0,652,1764.0,53.5,2.0,1.0,0.0,0,0,0,1,0,0,0,0.20999999996459523,2.794406391780822
11.1844214,5.48,662,2199.0,56.4,2.0,0.0,0.0,0,1,0,0,0,0,0,0.030541666605528133,2.958904109589041
11.40756495,18.2,652,55753.0,79.8,1.0,0.0,0.0,0,0,1,0,0,0,0,0.6194777773518265,7.8902968027397264
10.71441777,8.21,697,397.0,3.1,6.0,1.0,0.0,0,1,0,0,0,0,0,0.008822222211216112,6.2465753424657535
11.51292546,27.18,697,53440.0,88.2,3.0,0.0,0.0,1,0,0,0,0,0,0,0.5344000026560901,11.095890410958905
10.81977828,6.5,682,9797.0,54.4,4.0,0.0,0.0,0,1,0,0,0,0,0,0.19594000086415098,7.232876712328767
11.14836235,27.21,667,7087.0,74.8,2.0,1.0,0.0,0,0,0,0,0,0,0,0.10204463624361858,9.945205479452055
11.56171563,17.7,657,30734.0,55.7,1.0,1.0,0.0,0,0,1,0,0,0,0,0.29270476165293635,10.931392693150684
10.75907241,29.74,662,2663.0,20.3,0.0,1.0,0.0,0,0,0,1,0,0,0,0.0565933481695242,12.32876712328767
10.27505111,23.34,667,6020.0,65.4,9.0,0.0,1.0,1,0,0,1,0,0,0,0.20758620668244968,5.5889269397260275
11.51292546,15.88,692,24868.0,60.7,5.0,0.0,0.0,1,0,0,0,0,0,0,0.24868000123599643,12.739611871232876
11.91839057,25.47,667,152189.0,66.3,7.0,0.0,0.0,0,0,1,0,0,0,0,1.0145933364566504,19.153424657534245
11.91839057,14.8,672,88223.0,89.4,4.0,0.0,0.0,1,1,0,0,0,0,0,0.5881533351439004,17.840981734246576
10.34174248,21.45,652,11157.0,54.7,2.0,0.0,0.0,0,0,1,0,0,0,0,0.3599032270543378,7.158904109589041
11.00209984,15.92,692,8968.0,31.6,6.0,2.0,0.0,0,0,1,0,0,0,0,0.14946666684666013,25.725913241095892
10.93221371,7.29,707,6178.0,25.8,5.0,0.0,0.0,1,0,0,0,1,0,0,0.11042001828607982,7.315068493150685
11.49272276,15.75,717,106366.0,56.7,3.0,0.0,0.0,0,0,0,0,0,0,1,1.0853673443911032,19.315068493150687
11.08220409,4.19,667,2368.0,21.5,4.0,1.0,1.0,0,0,1,0,0,0,0,0.03642852730933313,32.71221460273973
10.82337182,16.12,662,3982.0,48.0,5.0,1.0,0.0,0,0,1,0,0,0,0,0.07935432442572907,7.561529679452055
10.1266311,22.32,672,13430.0,79.5,9.0,0.0,0.0,0,0,1,0,0,0,0,0.537200002068401,6.903995432876712
12.61153775,17.54,732,255001.0,91.8,4.0,0.0,0.0,0,1,0,0,0,0,0,0.8500033364259327,14.054794520547945
11.8493977,4.89,697,26761.0,47.1,4.0,0.0,0.0,0,0,0,0,0,0,1,0.19115000030420384,16.849200912328765
11.15625052,10.77,677,244.0,8.7,6.0,0.0,0.0,0,0,0,0,1,0,0,0.003485714289309785,8.547945205479452
11.05089001,16.69,702,19516.0,68.0,6.0,0.0,0.0,1,0,1,0,0,0,0,0.30977777634464354,12.90399543287671
12.30951332,12.7,672,40099.0,52.8,6.0,0.0,0.0,0,0,1,0,0,0,0,0.1807922594581273,8.712214610958904
10.71441777,6.93,722,26610.0,65.4,4.0,1.0,0.0,0,0,1,0,0,0,0,0.591333332595619,19.643721460273973
11.7829526,15.16,682,134025.0,67.9,0.0,0.0,0.0,0,0,0,0,0,0,1,1.0230916052871395,21.45205479452055
11.33857208,9.87,702,1077.0,15.8,5.0,0.0,0.0,0,0,0,0,0,0,0,0.012821428543547736,9.36986301369863
12.20607265,9.49,682,54003.0,48.4,5.0,0.0,0.0,1,0,1,0,0,0,0,0.27001499879308005,12.821803652054793
11.60823564,23.05,702,238903.0,80.5,1.0,0.0,0.0,0,0,0,0,0,0,1,2.1718454649150463,10.931392693150684
11.28978191,0.98,697,3401.0,5.8,7.0,0.0,0.0,0,0,0,0,0,0,0,0.04251250015542648,3.1232876712328768
11.00209984,14.68,682,0.0,0.0,9.0,1.0,0.0,0,0,1,0,0,0,0,0.0,31.561643835616437
11.7905572,11.74,707,20794.0,57.1,7.0,0.0,0.0,0,0,0,0,0,0,1,0.15753030327739048,6.082305936986301
11.28978191,12.99,672,35251.0,83.5,6.0,1.0,0.0,0,0,1,0,0,0,0,0.44063750161097875,15.369977169863015
11.69524702,6.46,727,138492.0,49.4,1.0,0.0,0.0,0,0,0,0,1,0,0,1.1541000020360437,13.975342465753425
10.29200994,20.38,672,4546.0,56.1,4.0,0.0,0.0,1,0,1,0,0,0,0,0.1541225928806942,6.493264841095891
10.51867319,14.4,707,2479.0,45.1,6.0,0.0,0.0,0,0,0,0,0,0,0,0.06700000010896626,6.246689498630137
11.21182037,6.11,697,16917.0,71.1,5.0,0.0,0.0,0,0,1,0,0,0,0,0.22860810860791558,6.657534246575342
9.998615898,2.07,702,1312.0,17.0,4.0,0.0,0.0,0,0,1,0,0,0,0,0.05964720856117242,10.19189497808219
12.57764999,10.06,712,211463.0,0.0,4.0,0.0,0.0,0,0,0,0,1,0,0,0.7291727046908963,22.767123287671232
10.75798798,22.85,677,29895.0,54.3,6.0,0.0,0.0,1,0,0,0,0,0,1,0.6360097034986877,13.068607306849316
10.83958091,12.8,707,3359.0,12.9,5.0,1.0,0.0,0,0,0,0,0,0,0,0.0658627452104315,11.506963471232877
10.30895266,10.72,662,11255.0,73.6,5.0,0.0,0.0,0,1,0,0,0,0,0,0.375166666908384,5.342579909589041
10.77895629,18.5,677,7368.0,82.8,4.0,0.0,0.0,1,1,0,0,0,0,0,0.1534999999831193,5.013698630136986
11.98292909,7.91,712,16716.0,22.4,5.0,0.0,0.0,0,0,0,0,0,0,1,0.10447500044046276,8.3836758
10.73639668,11.74,702,6290.0,33.1,4.0,0.0,0.0,0,0,1,0,0,0,0,0.13673912981552278,5.424771690410958
11.91839057,24.55,682,146579.0,85.4,3.0,0.0,0.0,1,1,0,0,0,0,0,0.9771933363415185,19.972602739726028
10.71441777,13.73,697,18840.0,54.8,6.0,0.0,0.0,1,0,1,0,0,0,0,0.4186666661443616,21.53436073150685
10.6454249,6.83,707,8044.0,30.7,8.0,0.0,0.0,0,0,0,1,0,0,0,0.19152380900008867,28.520662109589043
10.38899537,19.5,687,2967.0,42.4,2.0,0.0,0.0,1,0,1,0,0,0,0,0.09129230753873842,2.3014840183561645
11.22524339,1.36,727,3484.0,29.0,4.0,0.0,0.0,1,0,0,0,0,0,1,0.046453333450323646,20.958904109589042
10.59663473,9.51,692,23534.0,45.8,4.0,0.0,0.0,0,1,0,0,0,0,0,0.5883500018215748,18.328881279452055
12.76569986,9.43,717,228727.0,77.5,4.0,0.0,0.0,1,0,1,0,0,0,0,0.6534982470228498,23.671232876712327
10.08580911,20.45,672,4609.0,83.8,4.0,0.0,0.0,0,0,1,0,0,0,0,0.1920416665380147,3.6986301369863015
9.798127037,20.2,662,1748.0,83.2,6.0,0.0,0.0,0,0,0,1,0,0,0,0.09711111109929282,4.156278539726027
11.08214255,8.22,667,13081.0,83.9,5.0,0.0,0.0,0,0,0,0,1,0,0,0.20124615362031012,12.73972602739726
11.49276357,22.77,712,29716.0,80.5,4.0,0.0,0.0,0,0,1,0,0,0,0,0.30321211474526305,14.46586758082192
10.91508846,4.36,702,6788.0,26.7,5.0,1.0,1.0,0,1,0,0,0,0,0,0.1234181823383411,30.328881287671233
11.00209984,19.58,757,164974.0,24.6,0.0,0.0,0.0,0,1,0,0,0,0,0,2.7495666699777996,30.0
11.42954386,24.4,662,58439.0,70.8,9.0,0.0,0.0,0,0,1,0,0,0,0,0.6352065192181079,16.520662101369865
11.22524339,8.83,677,9700.0,36.7,2.0,0.0,0.0,1,0,0,0,1,0,0,0.12933333365905264,2.8767123287671232
11.15625052,24.89,672,67901.0,79.6,2.0,0.0,0.0,1,1,0,0,0,0,0,0.9700142867148512,17.50696347123288
11.28978191,19.63,722,36719.0,61.5,4.0,0.0,0.0,0,1,0,0,0,0,0,0.4589875016780667,24.41107306027397
11.48600638,5.02,677,1513.0,30.9,1.0,0.0,0.0,0,0,1,0,0,0,0,0.015542817157415916,2.1371004567123286
10.16600565,22.7,677,27535.0,54.4,1.0,0.0,0.0,1,0,0,0,0,0,1,1.0588755590088532,24.575456621917805
10.81977828,22.22,697,49391.0,90.3,2.0,0.0,0.0,1,0,0,0,0,0,0,0.9878200043565664,20.383675800000002
10.858999,21.99,682,6641.0,31.6,4.0,0.0,0.0,1,0,1,0,0,0,0,0.12771153815037745,8.301484019178082
10.6454249,22.17,702,17295.0,74.5,8.0,0.0,0.0,0,0,1,0,0,0,0,0.4117857131596884,12.575456621917809
10.89858946,14.91,667,26814.0,57.7,5.0,5.0,0.0,0,0,0,0,0,0,0,0.49563771034444054,16.77271689589041
10.94022444,21.53,727,9007.0,33.2,9.0,0.0,0.0,0,0,1,0,0,0,0,0.15969858115882551,16.304109589041097
11.00209984,19.52,702,83434.0,69.0,3.0,0.0,0.0,0,0,1,0,0,0,0,1.39056666834124,13.400114156164385
10.96301245,12.31,707,25506.0,98.9,4.0,0.0,0.0,0,0,1,0,0,0,0,0.44204506176200736,27.78082191780822
10.23981692,5.53,722,4405.0,23.4,5.0,0.0,0.0,0,0,1,0,0,0,0,0.1573439065570273,4.931506849315069
13.01700286,8.49,737,224090.0,40.1,3.0,0.0,0.0,0,0,0,0,0,0,1,0.49797777864749726,14.054794520547945
10.1266311,14.16,712,7162.0,44.8,8.0,0.0,0.0,0,0,0,0,1,0,0,0.28648000110304456,17.589155252054795
10.10659165,23.36,692,3039.0,50.6,5.0,0.0,0.0,0,0,1,0,0,0,0,0.12402056788605224,4.027397260273973
10.12647109,9.65,687,6608.0,60.1,4.0,0.0,0.0,0,0,1,0,0,0,0,0.26436229824498336,5.095890410958904
11.33857208,12.79,697,26598.0,97.1,6.0,0.0,0.0,1,1,0,0,0,0,0,0.31664285645430146,14.712442923287673
10.08580911,18.35,682,1272.0,38.5,0.0,0.0,0.0,0,0,0,0,0,0,0,0.0529999999644944,2.383675799178082
10.16585182,2.91,667,8136.0,36.5,7.0,0.0,0.0,0,0,0,0,0,0,0,0.3129230759854401,3.5343607315068493
10.37349118,12.26,667,26726.0,98.3,4.0,0.0,0.0,1,0,0,0,0,0,1,0.83518750148819,6.904109589041096
11.64395373,15.39,722,141532.0,97.2,0.0,0.0,0.0,0,0,1,0,0,0,0,1.241508768672891,30.164383561643834
12.68233167,9.98,722,13739.0,67.7,7.0,0.0,0.0,0,0,0,0,0,0,0,0.04266664177726925,27.287785389041094
10.48010092,19.38,672,6907.0,51.9,5.0,0.0,0.0,0,0,1,0,0,0,0,0.19401685331951465,10.438470320547944
11.51292546,23.9,777,212878.0,5.8,2.0,0.0,0.0,0,1,0,0,0,0,0,2.128780010580523,18.24668949863014
9.392661929,9.9,697,2905.0,25.5,4.0,0.0,0.0,1,0,1,0,0,0,0,0.24208333327768722,3.041095890410959
11.64395373,21.95,672,107611.0,89.1,6.0,0.0,0.0,1,0,0,0,0,0,0,0.9439561378745335,14.3836758
11.26446411,9.62,672,7672.0,78.3,7.0,0.0,0.0,0,1,0,0,0,0,0,0.09835897393325,10.547831049315068
11.40756495,17.11,712,96473.0,48.1,1.0,0.0,0.0,0,0,0,0,1,0,0,1.0719222214851714,22.027397260273972
11.15625052,19.7,692,27200.0,69.2,4.0,0.0,0.0,1,0,1,0,0,0,0,0.38857142897223834,11.260388128767124
10.49127422,22.6,712,40553.0,82.0,1.0,0.0,0.0,1,1,0,0,0,0,0,1.1264722193364793,14.77545662191781
10.59663473,12.42,677,8193.0,33.6,5.0,0.0,0.0,0,0,1,0,0,0,0,0.20482500063415326,8.235730594520549
10.81977828,21.29,697,34938.0,59.6,4.0,1.0,0.0,0,0,0,0,0,1,0,0.6987600030817298,8.3836758
10.66886237,13.12,682,2754.0,34.4,2.0,0.0,0.0,0,0,0,0,0,0,0,0.06405246981100561,2.2192922375342463
10.84642022,21.64,712,10227.0,92.1,4.0,0.0,0.0,1,0,1,0,0,0,0,0.19916260861758536,8.219292238356164
10.71441777,9.52,697,4840.0,35.6,2.0,0.0,0.0,0,0,0,1,0,0,0,0.10755555542137528,2.8958904109589043
11.25803322,22.42,687,2009.0,19.9,5.0,0.0,0.0,0,0,1,0,0,0,0,0.025922580524399358,26.30148401917808
10.69648007,17.65,727,5665.0,26.6,4.0,0.0,0.0,1,0,0,0,0,0,1,0.1281674205665769,8.630251142465754
11.56171563,18.01,682,112549.0,82.7,0.0,0.0,0.0,0,1,0,0,0,0,0,1.0718952371730441,8.794520547945206
11.46167427,17.36,702,30250.0,35.9,4.0,1.0,0.0,0,0,1,0,0,0,0,0.3184076475729748,8.794520547945206
10.80972795,13.79,717,2976.0,96.0,4.0,0.0,0.0,0,0,1,0,0,0,0,0.060121212034444135,13.72614155342466
11.22524339,11.6,712,10673.0,21.4,4.0,0.0,0.0,0,0,0,0,0,0,1,0.14230666702505862,15.205479452054794
11.35040654,7.85,677,3735.0,66.7,6.0,0.0,0.0,0,0,0,0,0,0,0,0.043941176271642526,3.780936073972603
11.22524339,14.64,712,1914.0,32.4,7.0,0.0,0.0,0,0,0,0,0,0,1,0.025520000064270798,10.356278539726027
11.15625052,0.93,702,2024.0,14.6,1.0,0.0,0.0,0,0,0,0,0,0,1,0.028914285744110674,1.9753424657534246
11.35040654,7.31,722,29669.0,56.8,5.0,0.0,0.0,1,0,0,0,0,0,1,0.34904705724320273,12.0
11.22524339,19.17,717,125642.0,82.2,0.0,1.0,0.0,1,0,1,0,0,0,0,1.6752266708856383,16.27408675890411
11.69524702,14.65,732,182274.0,48.9,0.0,1.0,0.0,0,0,1,0,0,0,0,1.5189500026797058,27.369977169863013
11.00209984,17.68,692,198.0,3.1,4.0,2.0,0.0,0,0,1,0,0,0,0,0.003300000003973986,13.31518264931507
11.98292909,11.27,677,15814.0,83.2,6.0,0.0,0.0,0,1,0,0,0,0,0,0.09883750041669527,14.898630136986302
11.2708539,16.45,662,95801.0,82.8,7.0,0.0,0.0,1,0,0,1,0,0,0,1.220394909060097,12.41381278630137
10.76896908,18.18,667,11537.0,98.6,5.0,0.0,1.0,1,0,1,0,0,0,0,0.24276666116889198,21.698744293150686
11.00209984,13.8,667,9761.0,54.2,6.0,0.0,1.0,1,0,0,0,1,0,0,0.1626833335292428,9.863013698630137
10.30895266,10.12,672,9611.0,40.6,5.0,0.0,0.0,1,0,1,0,0,0,0,0.32036666687307674,5.260388128767123
11.00209984,7.6,682,32153.0,63.3,5.0,2.0,0.0,0,0,1,0,0,0,0,0.5358833339786645,16.27408675890411
10.91501573,13.46,687,3802.0,9.0,9.0,0.0,0.0,0,0,0,0,1,0,0,0.06913230082801777,7.1506849315068495
11.54248427,2.9,722,10338.0,23.3,5.0,0.0,0.0,0,1,0,0,0,0,0,0.10036893175898365,6.164383561643835
11.06272446,5.65,707,3606.0,43.4,6.0,0.0,0.0,0,0,0,0,0,0,0,0.056564706053216396,6.575456621917808
10.30895266,10.44,667,6402.0,80.0,4.0,0.0,1.0,1,0,1,0,0,0,0,0.21340000013749216,1.4795662101369862
11.28978191,7.41,767,199390.0,23.2,1.0,0.0,0.0,0,0,0,0,0,0,0,2.4923750091121684,32.23013698630137
12.20607265,4.33,762,12352.0,17.1,9.0,0.0,0.0,0,0,0,0,0,0,1,0.06175999972394357,36.082191780821915
11.58524613,12.02,682,48818.0,72.1,4.0,1.0,0.0,0,0,0,0,0,0,0,0.45412092866577497,11.917808219178083
11.26446411,6.71,717,20490.0,86.1,4.0,0.0,0.0,0,0,1,0,0,0,0,0.262692306555304,10.191780821917808
11.28983191,9.34,692,30585.0,79.6,4.0,0.0,0.0,0,0,1,0,0,0,0,0.38229338625055437,13.31518264931507
10.65725935,9.91,677,18208.0,51.0,3.0,0.0,0.0,0,0,1,0,0,0,0,0.4284235315163986,2.550799086849315
10.96819829,23.11,677,4656.0,27.1,8.0,0.0,0.0,0,0,0,0,0,0,0,0.08027586203111996,9.698744293150686
11.51292546,2.96,717,5212.0,13.2,10.0,1.0,0.0,1,1,0,0,0,0,0,0.05212000025904831,21.28767123287671
10.77895629,4.42,707,5684.0,83.6,5.0,0.0,1.0,1,0,0,0,0,0,1,0.11841666665364414,14.054794520547945
10.12679109,5.62,682,4974.0,24.6,5.0,0.0,0.0,0,0,0,0,0,0,0,0.19892817170177468,6.164383561643835
10.727663,4.45,677,14625.0,54.2,6.0,0.0,0.0,1,0,0,1,0,0,0,0.3207236827680644,20.301484019178083
11.51292546,10.78,737,116648.0,15.6,1.0,0.0,0.0,0,0,0,0,1,0,0,1.166480005797672,6.328881279452054
10.20359214,8.53,682,8052.0,57.1,5.0,0.0,0.0,0,0,0,0,0,0,0,0.29822222370929735,4.293150684931507
10.95954023,18.99,677,8310.0,52.3,5.0,0.0,0.0,0,0,0,0,0,0,0,0.14452173866586124,4.356278539726027
11.62621844,7.02,732,12279.0,36.4,5.0,0.0,0.0,0,0,1,0,0,0,0,0.1096378436993165,13.232876712328768
11.15625052,19.05,692,34491.0,44.8,4.0,0.0,0.0,0,1,0,0,0,0,0,0.4927285719368188,10.849429224657534
11.04611673,6.68,717,7657.0,21.2,7.0,0.0,0.0,0,0,0,0,0,0,1,0.12212121170856606,6.254794520547946
10.30895266,23.36,662,2994.0,99.8,5.0,0.0,0.0,1,0,1,0,0,0,0,0.09980000006430047,4.356278539726027
12.61153775,6.72,677,27197.0,46.6,4.0,1.0,0.0,0,0,0,0,0,0,0,0.09065666699650626,21.041095890410958
10.6454249,13.71,692,1064.0,11.1,5.0,1.0,1.0,0,0,0,0,0,0,0,0.02533333326405947,12.739840183561645
11.08312668,14.24,682,17126.0,81.6,5.0,0.0,0.0,0,0,1,0,0,0,0,0.2632177547856429,18.986301369863014
10.30895266,17.0,717,1243.0,12.9,4.0,1.0,0.0,0,0,0,0,0,0,0,0.04143333336002855,5.5946347041095885
10.09410791,3.27,697,2526.0,32.4,2.0,0.0,0.0,0,0,0,0,0,0,0,0.10438016551312845,1.890525114246575
9.998615898,13.2,677,1270.0,70.6,4.0,0.0,0.0,0,0,0,0,0,0,0,0.05773777048223245,3.2054794520547945
10.81977828,9.53,717,53243.0,71.8,4.0,0.0,0.0,0,0,0,0,0,0,0,1.0648600046963346,10.60285388219178
11.38509209,4.57,687,1897.0,29.2,1.0,0.0,0.0,0,0,0,1,0,0,0,0.021556818256412164,1.7261415526027395
10.1266311,22.18,692,5040.0,45.2,5.0,0.0,1.0,0,0,1,0,0,0,0,0.20160000077622794,11.835730594520548
11.54034606,4.34,727,92549.0,51.6,6.0,0.0,0.0,0,0,0,0,0,0,0,0.900457287901851,10.273972602739725
10.91508846,18.98,717,2725.0,38.9,7.0,0.0,1.0,0,0,0,0,1,0,0,0.049545454754269226,14.394520547945206
9.852194258,2.21,702,915.0,20.3,0.0,0.0,0.0,0,0,0,0,0,0,0,0.04815789474399725,2.2355022830136986
10.48391386,1.51,707,946.0,15.8,0.0,0.0,0.0,1,0,0,0,0,0,0,0.02647190516197195,1.890525114246575
11.21187442,15.24,667,3491.0,64.6,7.0,0.0,2.0,0,0,0,0,1,0,0,0.047173126002448704,10.687785389041096
9.998797732,3.22,702,2503.0,27.5,0.0,0.0,0.0,0,0,0,0,0,0,0,0.11377272731146154,2.876826484931507
9.287301413,20.33,687,1909.0,14.0,2.0,0.0,0.0,0,0,0,0,0,0,0,0.17675925927911132,2.5480593608219175
11.87756858,12.61,737,116893.0,62.4,8.0,0.0,0.0,0,0,1,0,0,0,0,0.8117569432740025,14.548059361643837
10.48574786,12.27,662,434.0,72.3,7.0,0.0,0.0,0,0,1,0,0,0,0,0.012122363296370791,9.452168950684932
10.81977828,22.22,702,5558.0,23.9,4.0,0.0,1.0,1,0,1,0,0,0,0,0.11116000049024713,13.890525115068494
10.81985828,9.96,677,10046.0,77.3,4.0,0.0,0.0,0,0,1,0,0,0,0,0.20090392792897005,9.123287671232877
9.61580548,16.48,667,6399.0,50.0,1.0,0.0,0.0,0,0,0,0,0,1,0,0.42660000003598225,2.794634704109589
10.46310334,4.8,692,6030.0,27.9,5.0,0.0,0.0,0,0,0,0,0,0,0,0.17228571436695572,2.3013698630136985
10.81977828,5.64,742,9400.0,25.8,9.0,0.0,0.0,0,0,0,0,0,0,0,0.18800000082913332,11.917808219178083
10.6454249,19.29,692,2216.0,11.5,4.0,0.0,0.0,0,0,1,0,0,0,0,0.052761904617627614,4.109589041095891
11.51292546,3.18,732,15222.0,44.5,6.0,0.0,0.0,0,0,0,0,0,0,1,0.1522200007565682,13.232876712328768
13.01700286,9.66,777,255805.0,20.5,2.0,0.0,0.0,0,0,0,0,1,0,0,0.5684555565483647,18.57545662191781
9.998797732,0.0,727,312.0,4.2,3.0,0.0,0.0,0,0,0,0,0,1,0,0.014181818186646425,2.3835616438356166
10.43399815,16.45,682,11614.0,66.0,6.0,0.0,0.0,0,0,1,0,0,0,0,0.3416284267434241,7.232876712328767
10.59663473,22.71,717,60267.0,60.6,0.0,0.0,0.0,0,0,0,1,0,0,0,1.5066750046647766,19.561643835616437
10.81977828,6.6,677,3433.0,79.8,1.0,0.0,0.0,0,1,0,0,0,0,0,0.06866000030281007,2.4657534246575343
10.59653473,21.57,672,3132.0,78.3,2.0,0.0,0.0,0,0,0,0,0,1,0,0.07830783063395982,2.958789953424658
11.37939407,24.99,692,122464.0,87.7,1.0,0.0,0.0,0,1,0,0,0,0,0,1.3995885747115944,7.2355022821917805
11.40756495,8.28,667,13841.0,44.9,5.0,1.0,0.0,0,0,0,0,0,0,0,0.15378888878314406,10.191666665753425
9.61580548,17.28,727,0.0,0.0,0.0,0.0,0.0,1,0,0,0,0,1,0,0.0,2.547945205479452
11.08220409,9.43,712,7081.0,39.1,8.0,0.0,0.0,0,0,0,0,0,0,0,0.10893175754957259,5.260159816438356
10.91501573,22.71,667,16194.0,84.8,5.0,0.0,0.0,1,0,1,0,0,0,0,0.2944577800128669,16.632876712328766
10.27505111,15.77,722,15557.0,24.5,4.0,0.0,0.0,0,1,0,0,0,0,0,0.5364482753087824,14.712328767123287
10.96819829,21.27,737,37589.0,72.0,7.0,0.0,0.0,1,0,0,0,0,0,1,0.6480862065910155,22.109474884931505
11.12732181,9.25,682,3050.0,24.2,3.0,0.0,0.0,0,0,0,0,0,0,0,0.044850302742055474,2.301255707671233
11.51292546,22.22,672,37335.0,55.7,6.0,0.0,0.0,0,0,0,0,0,1,0,0.3733500018556348,13.068378994520547
11.22524339,7.12,687,7.0,0.2,5.0,0.0,0.0,0,0,1,0,0,0,0,9.33333335683885e-05,5.506849315068493
10.858999,11.28,677,7718.0,65.4,4.0,0.0,0.0,0,1,0,0,0,0,0,0.14842307656145357,4.273858446575343
11.35035948,4.04,702,12415.0,47.6,7.0,0.0,0.0,0,1,0,0,0,0,0,0.1460656965580645,25.153310501369866
9.852194258,17.68,662,679.0,18.9,6.0,0.0,0.0,1,0,0,1,0,0,0,0.03573684211057282,7.232762556164384
9.305650552,3.16,667,242.0,9.7,6.0,0.0,0.0,0,0,0,0,0,1,0,0.02199999999517118,1.5616438356164384
9.903487553,3.0,682,1131.0,49.2,0.0,0.0,0.0,0,0,0,0,0,0,0,0.05654999997376805,1.5616438356164384
9.61580548,11.68,707,0.0,0.0,9.0,0.0,0.0,0,0,0,0,0,0,0,0.0,4.52054794520548
11.46163217,0.8,687,3118.0,52.0,3.0,0.0,0.0,0,0,1,0,0,0,0,0.03282105265070306,2.1368721460273976
11.39639165,12.08,677,22187.0,45.5,6.0,0.0,0.0,0,0,0,0,0,0,0,0.24929213451094004,19.643835616438356
9.852194258,24.0,672,5475.0,48.8,4.0,0.0,0.0,0,0,1,0,0,0,0,0.2881578947796557,6.904109589041096
11.14186178,17.17,702,608.0,5.7,8.0,0.0,0.0,1,0,1,0,0,0,0,0.008811594234438747,14.054680364383561
10.03120068,22.76,717,362.0,8.4,2.0,0.0,0.0,1,0,1,0,0,0,0,0.015929915362318053,2.958904109589041
12.20609265,17.97,722,351453.0,95.1,0.0,0.0,0.0,1,0,0,0,0,0,0,1.7572298471969379,18.410958904109588
11.35040654,12.16,707,24364.0,63.8,4.0,0.0,0.0,0,0,0,0,1,0,0,0.28663529281989253,9.863013698630137
10.07693653,5.75,697,3695.0,46.2,6.0,0.0,1.0,1,0,1,0,0,0,0,0.1553304188268817,7.726027397260274
11.87756858,1.26,692,11105.0,43.5,7.0,2.0,0.0,0,0,0,0,0,0,0,0.07711805544436191,13.578082191780823
11.13453063,13.82,707,56903.0,54.2,5.0,1.0,0.0,0,0,0,0,0,0,0,0.8307492394896946,39.863013698630134
10.96280446,22.32,717,4583.0,73.9,5.0,0.0,0.0,0,0,1,0,0,0,0,0.07944459841853073,9.205365295890411
9.903487553,2.4,667,806.0,17.1,5.0,0.0,0.0,0,0,0,0,0,0,1,0.04029999998130597,1.4794520547945205
10.25765937,7.37,732,0.0,0.0,0.0,0.0,0.0,0,0,0,0,0,0,0,0.0,2.1368721460273976
10.2646524,1.34,707,1185.0,19.4,1.0,0.0,0.0,0,0,0,0,0,0,0,0.04128919867843346,2.4712328767123286
9.210340372,0.0,682,0.0,0.0,0.0,0.0,0.0,0,0,0,1,0,0,0,0.0,1.4821917808219178
9.586582621,5.27,687,2308.0,69.9,8.0,0.0,0.0,0,0,0,0,0,0,0,0.15842943444126723,6.328652967123288
10.81977828,0.6,717,1306.0,14.4,5.0,0.0,0.0,0,0,0,0,0,0,1,0.026120000115196607,13.726027397260275
10.57704408,13.19,677,634.0,42.3,3.0,0.0,0.0,1,0,0,0,0,0,1,0.01616357337629762,2.3834474884931507
10.6359516,17.16,692,10022.0,24.7,6.0,0.0,0.0,0,0,0,0,0,0,0,0.24089029791920588,4.602739726027397
11.40756495,4.29,727,19601.0,56.2,4.0,0.0,0.0,0,0,0,0,0,0,1,0.21778888873913785,16.438356164383563
11.35040654,17.08,727,28268.0,53.9,9.0,0.0,0.0,1,0,0,0,0,0,1,0.33256470437665087,14.383447487671232
8.672999643,5.13,672,727.0,72.7,3.0,0.0,0.0,0,0,0,0,0,0,0,0.12442238570530124,2.547945205479452
10.08580911,6.85,672,5204.0,86.7,0.0,0.0,0.0,0,0,1,0,0,0,0,0.216833333188073,2.2190639268493153
11.1420067,11.01,687,10631.0,35.3,6.0,0.0,0.0,0,0,0,0,0,0,0,0.15405013775589513,14.712328767123287
10.66886237,11.58,687,4490.0,43.6,4.0,0.0,0.0,1,0,0,0,1,0,0,0.10442831860980945,7.808219178082192
11.15625052,16.73,697,74042.0,41.9,1.0,2.0,0.0,0,0,0,0,0,0,1,1.0577428582339143,23.424543378082195
10.91508846,3.56,697,5341.0,24.0,5.0,0.0,0.0,1,0,0,0,0,1,0,0.09710909131836769,3.0409817342465755
10.75790288,0.89,662,113.0,8.7,4.0,2.0,0.0,0,0,0,0,0,0,0,0.002404255320813152,7.314954336986301
11.57119437,2.9,707,726.0,1.0,8.0,0.0,0.0,0,0,0,0,1,0,0,0.00684905662496596,13.150570775342464
9.952277717,14.0,682,6348.0,52.0,2.0,0.0,0.0,0,0,0,0,0,1,0,0.3022857141967095,2.3834474884931507
10.59663473,20.58,662,1498.0,78.8,4.0,0.0,0.0,0,1,0,0,0,0,0,0.03745000011594795,3.9452054794520546
10.14643373,24.24,692,2146.0,13.1,4.0,0.0,0.0,0,0,1,0,0,0,0,0.08415686284158536,6.164269405479452
11.55214618,16.13,792,186072.0,17.9,0.0,0.0,0.0,0,0,0,0,0,0,0,1.7891538427965175,22.931506849315067
10.81977828,20.86,667,8652.0,80.1,7.0,1.0,1.0,0,0,1,0,0,0,0,0.17304000076315548,13.232762556164383
11.35977429,23.01,667,22720.0,86.1,4.0,1.0,0.0,1,0,1,0,0,0,0,0.26480186360391517,19.561643835616437
12.03765399,0.61,707,4066.0,46.3,4.0,0.0,1.0,0,0,0,0,0,0,1,0.024059171691589245,19.80821917808219
11.39863632,3.63,732,15306.0,51.2,7.0,0.0,0.0,0,0,1,0,0,0,0,0.17159192800541878,15.20536529589041
10.20359214,3.42,682,124.0,41.3,5.0,0.0,0.0,1,0,0,0,0,0,0,0.004592592615493402,7.890410958904109
12.26434155,20.46,667,40604.0,65.0,4.0,0.0,0.0,1,0,1,0,0,0,0,0.19152830258666564,14.383447487671232
11.8493977,14.2,712,164861.0,35.2,0.0,0.0,0.0,0,0,0,0,0,0,0,1.1775785733026176,15.452054794520548
11.22524339,20.74,727,94064.0,57.6,0.0,0.0,0.0,0,0,0,0,0,0,0,1.2541866698252708,8.465753424657533
9.952277717,16.17,702,27216.0,58.5,0.0,0.0,0.0,0,0,1,0,0,0,0,1.2959999996184066,7.561643835616438
11.22524339,15.31,692,13084.0,89.0,4.0,0.0,1.0,0,0,1,0,0,0,0,0.17445333377268502,15.73150684931507
11.03488966,1.49,702,1914.0,44.5,0.0,0.0,0.0,1,0,0,0,0,0,0,0.03087096786625995,2.958904109589041
11.77535127,12.82,697,20761.0,71.1,5.0,0.0,0.0,0,0,1,0,0,0,0,0.1596901722746088,11.342351597260272
13.30468493,14.39,672,952013.0,99.0,6.0,0.0,0.0,0,0,0,0,0,0,1,1.5866883399946998,20.876712328767123
11.69524702,7.3,672,3951.0,16.5,4.0,0.0,0.0,0,0,0,0,0,0,1,0.03292500005808573,8.63013698630137
9.798127037,1.13,702,707.0,17.7,0.0,0.0,0.0,0,0,0,0,1,0,0,0.03927777777299772,1.8904109589041096
10.71441777,15.95,737,4964.0,47.7,4.0,0.0,0.0,0,0,0,0,0,0,0,0.11031111097349315,13.893150684931507
11.22524339,15.49,677,7151.0,45.0,4.0,0.0,0.0,0,0,0,0,0,0,0,0.0953466669067923,6.657534246575342
11.28978191,14.2,692,126402.0,68.9,2.0,0.0,0.0,0,1,0,0,0,0,0,1.5800250057766003,12.493150684931507
10.81977828,8.66,737,0.0,0.0,6.0,0.0,0.0,1,0,0,1,0,0,0,0.0,11.424543378082191
10.81977828,15.65,672,390.0,26.0,4.0,0.0,0.0,1,0,0,0,0,0,0,0.007800000034400212,1.643835616438356
8.987196821,6.3,707,0.0,0.0,2.0,0.0,0.0,0,0,0,0,0,0,1,0.0,1.8082191780821917
10.59653473,11.22,682,6246.0,29.4,6.0,0.0,0.0,0,0,0,0,0,0,0,0.15616561626427622,2.958904109589041
9.903487553,15.54,692,3642.0,30.3,5.0,0.0,0.0,0,0,1,0,0,0,0,0.18209999991552894,3.6164383561643834
9.952277717,19.2,677,9369.0,76.2,4.0,0.0,0.0,0,0,0,0,0,0,0,0.44614285701149514,29.85753424657534
11.90496755,11.58,662,3823.0,26.3,2.0,0.0,0.0,0,0,0,0,0,0,1,0.025831081152019732,1.978082191780822
11.15625052,18.77,687,2680.0,11.8,5.0,0.0,0.0,0,0,0,0,1,0,0,0.03828571432520583,5.835616438356165
10.1266311,21.36,732,11786.0,60.4,4.0,0.0,0.0,0,0,0,1,0,0,0,0.47144000181520285,20.301255706849314
10.1266311,18.72,687,3811.0,15.6,8.0,0.0,0.0,0,0,0,1,0,0,0,0.15244000058694537,10.027397260273972
10.59663473,0.3,722,1472.0,6.1,1.0,0.0,0.0,0,0,0,0,0,0,0,0.036800000113935506,2.8383561643835615
10.12647109,5.95,692,225.0,5.0,4.0,0.0,0.0,0,0,0,0,0,1,0,0.009001440239879125,6.24646118630137
11.26446411,15.83,697,38558.0,64.7,4.0,0.0,0.0,0,0,0,0,1,0,0,0.49433333119372436,9.205365295890411
10.82774645,14.81,737,3633.0,9.1,4.0,0.0,0.0,0,0,1,0,0,0,0,0.07208333362595279,10.520547945205479
9.809176873,0.99,667,6758.0,90.1,0.0,0.0,0.0,0,0,1,0,0,0,0,0.3713186813427749,2.8767123287671232
10.96819829,11.01,677,0.0,0.0,8.0,0.0,0.0,0,0,0,1,0,0,0,0.0,4.273858446575343
11.25161265,7.84,697,6700.0,45.0,4.0,0.0,0.0,0,0,1,0,0,0,0,0.08700846687844857,10.931506849315069
11.37939407,9.17,662,6155.0,35.1,4.0,0.0,0.0,0,0,1,0,0,0,0,0.07034285730786079,12.410844747945204
9.903487553,18.36,677,661.0,44.1,4.0,0.0,0.0,1,0,1,0,0,0,0,0.03304999998466904,1.821917808219178
11.69524702,24.18,697,311616.0,80.2,3.0,0.0,0.0,0,0,0,0,1,0,0,2.5968000045812305,10.684931506849315
10.55059079,12.19,712,639.0,6.8,5.0,0.0,0.0,0,0,0,0,0,0,1,0.016727748767957917,4.356050227397261
11.06663836,7.52,732,1596.0,22.2,4.0,0.0,0.0,1,0,0,0,1,0,0,0.024937500058398843,9.863013698630137
10.83958091,20.0,702,10639.0,54.6,5.0,0.0,0.0,0,0,1,0,0,0,0,0.20860784349323633,7.561643835616438
10.73630972,23.64,712,58996.0,55.7,3.0,0.0,0.0,1,0,0,0,0,0,0,1.2826332662615036,8.876712328767123
10.4341158,19.91,702,4009.0,27.3,7.0,0.0,0.0,0,0,1,0,0,0,0,0.11791176513016398,4.931506849315069
12.54254488,5.58,737,290291.0,,1.0,0.0,0.0,0,0,0,0,0,0,0,1.0367535736590296,21.616438356164384
10.59653473,20.79,687,42411.0,67.7,2.0,0.0,0.0,0,0,1,0,0,0,0,1.0603810360845691,4.438242008219178
11.21182037,17.94,717,260.0,7.6,4.0,0.0,1.0,0,0,0,0,0,0,0,0.0035135135211951324,11.753424657534246
10.73639668,18.37,702,2215.0,41.8,5.0,0.0,0.0,0,1,0,0,0,0,0,0.04815217369497344,5.177968035616439
11.19821472,3.4,712,5266.0,9.0,4.0,0.0,0.0,0,0,0,0,0,0,0,0.07213698631078583,11.177968035616438
11.31260693,6.03,712,11754.0,41.0,5.0,0.0,1.0,0,0,0,1,0,0,0,0.14360941753082684,18.575342465753426
10.21464198,20.0,687,8537.0,30.7,5.0,0.0,0.0,0,0,0,0,0,0,0,0.31271062307744835,4.767123287671233
9.852194258,24.25,682,15360.0,56.5,4.0,0.0,0.0,1,0,0,1,0,0,0,0.8084210527516915,4.602739726027397
10.13399909,19.44,722,25283.0,99.1,0.0,0.0,0.0,0,1,0,0,0,0,0,1.0038959918275188,16.438242008219177
11.15625052,14.31,682,82586.0,43.6,2.0,0.0,0.0,0,1,0,0,0,0,0,1.1798000012169585,11.887671232876713
10.86513399,17.16,682,1682.0,39.1,10.0,0.0,0.0,0,0,0,0,0,0,0,0.032148317918434186,9.451940638356165
11.08214255,17.34,687,10754.0,32.6,5.0,0.0,0.0,1,0,1,0,0,0,0,0.16544615366048582,16.520433789041096
10.95954023,22.04,737,125743.0,32.9,0.0,0.0,0.0,0,0,1,0,0,0,0,2.186834775578988,32.38344747945205
10.45966888,15.62,662,829.0,69.1,4.0,0.0,0.0,1,0,0,0,0,0,0,0.023767201787872616,7.068493150684931
10.68464561,14.15,677,43075.0,70.7,1.0,0.0,0.0,1,0,0,0,0,0,0,0.9861492678122531,14.712328767123287
10.49127422,3.67,677,1048.0,49.9,4.0,0.0,0.0,0,0,0,0,0,0,0,0.029111111036535655,10.602739726027398
11.15619338,15.82,707,107643.0,81.0,3.0,0.0,0.0,0,0,0,1,0,0,0,1.5378450143969882,14.558904109589042
12.67608877,1.72,722,66442.0,93.7,4.0,0.0,0.0,0,0,1,0,0,0,0,0.2076286556172118,10.273858446575343
11.35040654,7.45,702,16652.0,12.2,4.0,1.0,0.0,0,0,0,0,0,0,0,0.19590588146596824,19.23276255616438
11.15625052,9.48,692,4096.0,48.2,4.0,1.0,0.0,0,0,0,0,0,0,0,0.058514285774642946,7.6438356164383565
10.59663473,22.32,707,12121.0,89.8,7.0,1.0,0.0,1,0,1,0,0,0,0,0.3030250009381877,20.301255706849314
11.28616287,23.17,722,31890.0,48.1,4.0,0.0,0.0,0,1,0,0,0,0,0,0.40007025492027326,12.821917808219178
11.21187442,13.83,722,4505.0,25.3,5.0,0.0,0.0,0,0,0,0,0,0,0,0.06087508812404222,13.068493150684931
11.08214255,14.7,722,39458.0,38.0,5.0,0.0,0.0,0,0,0,0,0,0,0,0.6070461531649107,9.616438356164384
11.35040654,1.37,732,3532.0,18.1,5.0,0.0,0.0,0,0,0,0,0,0,1,0.04155294098833773,12.493036528767123
10.1266311,19.54,727,268.0,26.8,5.0,0.0,0.0,0,0,0,0,0,0,0,0.010720000041275612,8.794520547945206
11.69524702,23.39,682,107404.0,54.5,4.0,0.0,0.0,1,0,0,0,0,0,1,0.8950333349123359,18.410844747945205
12.01609788,12.38,682,16244.0,59.5,5.0,0.0,0.0,1,0,1,0,0,0,0,0.09821277394317117,10.931506849315069
11.03495418,22.08,662,25277.0,77.8,5.0,0.0,0.0,0,0,0,0,0,0,0,0.40766724648968544,13.479337898630137
10.49127422,19.0,707,8035.0,96.8,5.0,0.0,0.0,0,0,0,0,0,0,0,0.22319444387267556,8.712328767123287
11.47210347,7.13,707,12616.0,78.2,5.0,0.0,0.0,0,1,0,0,0,0,0,0.1314166667258006,16.40536529589041
10.9331784,22.28,732,3205.0,47.1,8.0,0.0,0.0,0,0,0,0,0,0,0,0.05722805489500219,12.986301369863014
10.1266311,3.02,672,1559.0,97.4,4.0,0.0,0.0,0,0,0,1,0,0,0,0.06236000024010701,3.8958904109589043
10.81977828,21.67,677,60550.0,95.4,3.0,0.0,0.0,1,0,1,0,0,0,0,1.2110000053408534,17.342351597260272
9.392661929,5.1,672,256.0,4.2,4.0,0.0,0.0,0,0,1,0,0,0,0,0.02133333332842958,28.191666657534245
10.95080655,15.07,672,8333.0,52.7,5.0,0.0,1.0,1,1,0,0,0,0,0,0.14619298199076247,13.07123287671233
11.23848862,12.77,672,14063.0,68.6,7.0,0.0,0.0,1,1,0,0,0,0,0,0.18503947354884825,10.273858446575343
11.51292546,3.66,717,12220.0,76.8,5.0,0.0,0.0,1,0,1,0,0,0,0,0.12220000060736193,11.177968035616438
10.91508846,16.25,717,55821.0,95.8,0.0,0.0,0.0,1,1,0,0,0,0,0,1.0149272770047937,15.20536529589041
11.75981679,20.61,717,54294.0,72.4,4.0,0.0,0.0,0,0,1,0,0,0,0,0.4241586210668232,23.91780821917808
11.75978554,14.31,792,167381.0,0.0,0.0,0.0,0.0,0,0,0,1,0,0,0,1.3076640662945207,17.91780821917808
10.57131693,17.69,727,0.0,0.0,5.0,0.0,0.0,0,0,0,0,0,1,0,0.0,3.287557076712329
11.51292546,11.27,727,5572.0,13.9,4.0,0.0,0.0,0,0,0,0,0,1,0,0.055720000276941135,13.498515980821917
10.54534144,19.11,672,2166.0,54.1,4.0,0.0,0.0,0,0,0,1,0,0,0,0.056999999926385825,11.342351597260272
10.75790288,24.59,702,62265.0,68.5,1.0,0.0,1.0,1,0,1,0,0,0,0,1.3247872349595657,18.246461186301367
10.26548829,16.29,692,5906.0,44.4,4.0,0.0,0.0,0,0,0,1,0,0,0,0.20561203159217403,10.438242008219179
11.53272809,8.0,707,56283.0,80.5,5.0,0.0,0.0,0,0,0,0,0,0,1,0.5517941188976491,23.835616438356166
11.31447453,13.21,697,30058.0,73.7,5.0,1.0,1.0,0,1,0,0,0,0,0,0.36656097423382916,21.78082191780822
10.858999,16.71,677,11346.0,72.7,5.0,0.0,0.0,1,0,1,0,0,0,0,0.21819230716069604,13.89041095890411
10.40426284,1.93,687,1469.0,22.3,4.0,1.0,0.0,0,0,1,0,0,0,0,0.04451515153512181,22.684931506849313
11.54248427,8.63,687,6023.0,20.9,4.0,0.0,0.0,0,0,0,0,1,0,0,0.058475727992296236,9.616438356164384
11.47210347,6.4,707,731.0,14.6,4.0,0.0,0.0,1,0,0,0,1,0,0,0.007614583336759689,17.671232876712327
11.00209984,7.14,732,5928.0,28.6,5.0,0.0,0.0,1,0,0,0,0,0,0,0.09880000011897873,10.438242008219179
10.91508846,7.55,712,2245.0,11.5,5.0,0.0,1.0,0,1,0,0,0,0,0,0.04081818199021446,30.986301369863014
9.798127037,22.27,727,18517.0,58.8,0.0,0.0,0.0,0,0,0,1,0,0,0,1.028722222097028,3.052054794520548
9.61580548,1.28,672,1658.0,10.4,5.0,0.0,0.0,0,0,0,0,0,0,0,0.11053333334265644,3.041095890410959
10.59663473,18.65,707,8730.0,79.1,6.0,0.0,0.0,0,0,1,0,0,0,0,0.21825000067571804,8.794520547945206
12.3327053,15.11,702,229400.0,94.4,0.0,0.0,0.0,1,1,0,0,0,0,0,1.0105726836508189,15.863013698630137
10.34174248,0.46,722,495.0,8.2,5.0,1.0,0.0,0,0,0,0,0,0,0,0.015967741990848546,9.616438356164384
11.15625052,14.61,712,32168.0,48.5,4.0,0.0,0.0,0,0,1,0,0,0,0,0.45954285761687363,15.287557076712327
11.60823564,5.05,707,15433.0,39.3,6.0,0.0,1.0,0,0,0,0,1,0,0,0.1403000006698698,16.520433789041096
12.5425306,16.82,702,70524.0,48.2,6.0,0.0,0.0,0,0,0,0,1,0,0,0.25187502586299004,19.972602739726028
10.6454249,24.6,672,8348.0,42.2,6.0,0.0,0.0,0,0,0,0,0,1,0,0.19876190421839138,7.561529679452055
10.51867319,16.61,667,11049.0,57.5,7.0,0.0,0.0,1,0,0,0,0,0,0,0.2986216221072885,17.42454337808219
10.30895266,12.8,717,877.0,8.7,5.0,0.0,0.0,0,0,1,0,0,0,0,0.02923333335216817,3.290296802739726
11.59906646,24.5,722,139544.0,70.1,1.0,0.0,0.0,0,1,0,0,0,0,0,1.2802671699799046,20.301255706849314
11.1124479,21.62,727,9998.0,30.3,4.0,0.0,0.0,0,1,0,0,0,0,0,0.14922388035424314,15.04109589041096
11.08992755,14.49,672,690.0,6.8,6.0,0.0,0.0,0,0,1,0,0,0,0,0.010533064680392206,4.767123287671233
11.09437512,16.63,687,6685.0,59.2,7.0,0.0,0.0,1,0,1,0,0,0,0,0.10159574440790477,9.534132419178082
12.3883942,13.13,692,394107.0,77.6,0.0,0.0,0.0,0,1,0,0,0,0,0,1.6421125038164794,16.134246575342466
10.27505111,1.61,697,1806.0,34.7,6.0,0.0,0.0,0,0,0,0,0,0,0,0.06227586200473491,3.041095890410959
10.81977828,0.79,737,2768.0,23.3,4.0,0.0,0.0,0,0,0,0,0,0,0,0.0553600002441533,3.9452054794520546
11.28978191,19.2,692,40407.0,63.5,6.0,0.0,0.0,0,0,0,0,0,0,1,0.5050875018466091,15.451940638356163
11.00209984,13.54,697,25466.0,32.4,4.0,0.0,0.0,0,0,0,0,0,0,0,0.42443333384445214,11.260159816438355
10.83368119,5.82,677,49082.0,0.0,0.0,0.0,0.0,1,0,0,0,0,0,0,0.968086784602563,8.301255706849314
11.00209984,3.84,677,12679.0,33.0,4.0,2.0,0.0,1,0,0,0,0,0,1,0.21131666692114226,17.838356164383562
12.23442684,23.46,697,508961.0,91.7,0.0,0.0,0.0,1,0,0,0,0,0,0,2.4736624650289154,38.136986301369866
10.30895266,13.8,687,7880.0,70.8,5.0,0.0,0.0,1,0,0,0,0,0,0,0.262666666835901,8.794520547945206
10.89673933,11.36,712,11216.0,20.1,5.0,0.0,0.0,0,0,1,0,0,0,0,0.2077037027786767,21.377968035616437
11.56171563,13.97,687,17219.0,94.6,4.0,0.0,0.0,0,1,0,0,0,0,0,0.16399047604938868,11.342351597260272
11.55022125,3.79,727,10293.0,19.0,4.0,0.0,0.0,1,0,0,0,1,0,0,0.09916184968261497,7.1506849315068495
10.71441777,21.87,712,9131.0,24.7,4.0,0.0,0.0,0,0,1,0,0,0,0,0.2029111108579706,7.1506849315068495
11.35040654,9.94,692,7491.0,29.0,6.0,0.0,0.0,1,0,0,0,0,0,1,0.0881294113656959,4.931506849315069
12.20607265,4.85,762,276570.0,6.0,2.0,0.0,0.0,0,0,0,0,0,0,1,1.3828499938189016,38.38344747945205
10.59563423,13.27,667,6395.0,59.2,9.0,0.0,0.0,1,0,0,0,0,0,0,0.16003503547713022,6.986301369863014
11.42954386,18.43,727,40918.0,35.5,4.0,0.0,0.0,0,1,0,0,0,0,0,0.44476086780004004,8.712328767123287
10.75790288,14.17,687,9058.0,44.3,4.0,0.0,0.0,0,0,1,0,0,0,0,0.19272340438872154,9.287557076712329
11.30220443,9.97,672,78250.0,54.2,0.0,0.0,0.0,0,0,1,0,0,0,0,0.9660493862465503,8.95890410958904
10.46321762,6.1,677,5247.0,47.1,5.0,0.0,0.0,0,0,1,0,0,0,0,0.14989715455929528,3.9452054794520546
11.57119437,5.48,692,43141.0,62.3,4.0,0.0,0.0,0,0,0,0,1,0,0,0.4069905672970475,8.745205479452055
10.57131693,18.98,677,5125.0,64.1,7.0,1.0,0.0,0,0,1,0,0,0,0,0.1314102557678946,8.054794520547945
10.71441777,13.6,667,13740.0,89.8,4.0,0.0,0.0,1,0,1,0,0,0,0,0.3053333329524166,4.602625569863013
11.56171563,15.89,662,9705.0,78.9,5.0,0.0,1.0,1,0,1,0,0,0,0,0.09242857134905146,8.712328767123287
10.89673933,20.91,697,4114.0,36.4,4.0,0.0,0.0,0,0,0,0,1,0,0,0.07618518484588765,9.235616438356164
11.46163217,20.7,667,32218.0,82.6,4.0,2.0,0.0,0,0,1,0,0,0,0,0.3391368423028708,20.145205479452056
11.44035477,1.69,737,3073.0,10.3,8.0,1.0,0.0,1,0,0,0,1,0,0,0.03304301082324796,16.284931506849315
10.57131693,11.91,682,14528.0,53.4,4.0,0.0,0.0,0,1,0,0,0,0,0,0.3725128186918971,3.698515980821918
10.46310334,8.4,692,3037.0,66.0,7.0,0.0,1.0,1,0,1,0,0,0,0,0.0867714286123457,14.139726027397261
10.81977828,15.58,707,1464.0,22.5,4.0,2.0,0.0,1,0,0,0,1,0,0,0.029280000129133104,6.2465753424657535
11.28978191,11.85,687,2023.0,18.9,4.0,1.0,0.0,0,0,0,0,0,1,0,0.02528750009245156,10.821803652054795
10.57131693,21.17,717,56579.0,34.9,0.0,0.0,0.0,1,0,1,0,0,0,0,1.4507435826520407,18.986301369863014
11.58988651,8.2,662,8209.0,50.0,5.0,0.0,0.0,0,0,1,0,0,0,0,0.07600925896330636,39.8054794520548
11.28978191,24.27,667,121352.0,94.2,0.0,0.0,0.0,0,1,0,0,0,0,0,1.5169000055458142,11.835616438356164
12.1547583,16.26,767,273853.0,37.5,5.0,0.0,0.0,0,0,1,0,0,0,0,1.441361920943371,18.34246575342466
10.46310334,16.87,677,2488.0,62.2,5.0,0.0,0.0,0,1,0,0,0,0,0,0.0710857143192348,10.35605022739726
10.77895629,13.82,677,9611.0,93.3,7.0,0.0,0.0,0,0,1,0,0,0,0,0.20022916664464707,5.178082191780822
11.63558548,18.34,692,10196.0,68.0,4.0,0.0,0.0,0,0,0,0,1,0,0,0.09019018112880638,14.95890410958904
12.94800999,8.76,682,374487.0,89.6,1.0,0.0,0.0,0,0,0,0,0,0,1,0.89163571451714,13.725913241095888
10.98549609,18.83,667,10333.0,77.1,4.0,0.0,0.0,0,0,1,0,0,0,0,0.17509998002191166,14.547831049315068
9.942708266,14.08,677,30760.0,82.2,2.0,0.0,0.0,0,0,0,0,0,0,1,1.4788461533868376,25.893150684931506
9.392661929,4.7,702,1639.0,21.9,8.0,0.0,0.0,0,0,0,0,0,0,0,0.1365833333019378,5.671118720547946
12.40901349,17.93,692,181638.0,70.7,6.0,0.0,0.0,0,1,0,0,0,0,0,0.7413795914859617,15.369748857534246
12.24047407,3.74,697,28454.0,60.3,4.0,0.0,0.0,0,0,0,0,0,1,0,0.13745893750700752,13.972602739726028
11.43496392,2.98,727,13810.0,17.3,4.0,0.0,0.0,0,0,0,1,0,0,0,0.14929729781991502,7.643721460273973
10.95080655,15.16,682,249.0,16.6,5.0,0.0,0.0,0,0,0,0,0,0,0,0.004368421038725531,6.082191780821918
10.23995979,16.54,697,8738.0,52.0,4.0,0.0,0.0,1,0,1,0,0,0,0,0.3120714283084587,4.027397260273973
11.91839057,16.8,722,41959.0,66.6,7.0,0.0,0.0,0,1,0,0,0,0,0,0.2797266675277753,17.758789953424657
10.20359214,4.44,702,2885.0,48.1,4.0,0.0,0.0,0,0,0,0,0,0,0,0.10685185238466503,3.709474884931507
10.81977828,24.74,737,49025.0,33.7,0.0,0.0,0.0,0,0,1,0,0,0,0,0.9805000043242831,41.342351589041094
9.685977478,11.93,717,4821.0,32.4,4.0,0.0,1.0,0,0,1,0,0,0,0,0.2996198352984889,19.232876712328768
10.30895266,8.96,717,8315.0,27.7,10.0,0.0,0.0,0,1,0,0,0,0,0,0.27716666684524327,5.424543378082192
11.09741002,8.87,667,13991.0,96.2,4.0,0.0,0.0,0,0,1,0,0,0,0,0.21198484869864853,7.972602739726027
11.92503512,12.96,717,14672.0,97.8,6.0,0.0,0.0,1,0,1,0,0,0,0,0.09716556250552634,17.26027397260274
11.91839057,15.19,687,9943.0,80.8,4.0,0.0,0.0,1,0,0,0,0,0,1,0.06628666687072308,8.876712328767123
11.48246626,23.72,712,116325.0,3.7,0.0,0.0,0.0,0,0,1,0,0,0,0,1.1992268011082785,15.451940638356163
11.06264603,11.2,722,11371.0,54.1,4.0,0.0,0.0,0,0,1,0,0,0,0,0.17838261798987756,9.6163242
11.0806029,24.73,682,3777.0,16.2,7.0,0.0,0.0,0,0,0,1,0,0,0,0.0581972266589887,11.753310501369862
10.81977828,20.69,702,61053.0,40.7,4.0,0.0,0.0,0,0,1,0,0,0,0,1.221060005385221,8.630022830136987
10.63585545,16.07,737,19093.0,43.9,4.0,0.0,0.0,1,0,1,0,0,0,0,0.45896634443242645,12.328652967123286
10.57131693,17.32,677,1513.0,37.8,10.0,0.0,0.0,0,0,0,0,0,0,0,0.03879487160523406,4.6848173506849315
11.91839057,20.18,702,163522.0,85.4,1.0,0.0,0.0,1,0,1,0,0,0,0,1.0901466700225666,18.904109589041095
10.6561293,21.14,702,42470.0,82.6,2.0,0.0,0.0,0,0,1,0,0,0,0,1.000424013175501,9.863013698630137
11.33857208,11.95,702,1635.0,4.6,5.0,0.0,0.0,0,0,0,0,0,0,0,0.019464285671959656,12.739611871232876
10.04324949,5.63,737,5563.0,53.5,4.0,0.0,0.0,0,0,0,1,0,0,0,0.24186956640528232,10.027397260273972
11.55760242,23.71,692,156752.0,79.9,0.0,0.0,0.0,0,0,1,0,0,0,0,1.4990293484047774,16.19178082191781
10.85892207,23.52,682,5444.0,37.3,10.0,0.0,0.0,0,0,1,0,0,0,0,0.10470036172624701,11.753310501369862
11.60823564,23.4,717,122620.0,0.0,0.0,0.0,0.0,1,1,0,0,0,0,0,1.1147272780495974,14.876712328767123
10.79507567,21.45,687,19469.0,34.3,5.0,0.0,0.0,0,0,1,0,0,0,0,0.3991184918913165,28.087671232876712
10.91508846,13.7,732,14676.0,61.7,4.0,0.0,0.0,0,0,1,0,0,0,0,0.2668363647609744,16.10958904109589
10.75790288,16.09,687,11005.0,37.2,6.0,0.0,0.0,1,0,1,0,0,0,0,0.23414893633228973,10.704223745205478
11.27720313,22.98,717,21114.0,80.9,4.0,0.0,0.0,0,0,1,0,0,0,0,0.2672658231721206,11.591666665753424
10.54275916,16.31,682,2967.0,39.0,4.0,0.0,0.0,0,0,1,0,0,0,0,0.07828082951760028,7.068493150684931
10.95080655,0.21,672,178.0,8.5,7.0,0.0,0.0,0,0,1,0,0,0,0,0.0031228070076029903,5.674086758904109
11.6784399,20.82,682,164324.0,92.3,1.0,2.0,0.0,1,0,0,0,0,0,1,1.3925762759877667,26.630022830136987
11.45105006,11.53,672,10692.0,41.3,5.0,0.0,0.0,0,0,0,0,1,0,0,0.1137446809934882,13.725913241095888
11.56171563,15.92,687,28282.0,85.4,5.0,0.0,0.0,0,0,1,0,0,0,0,0.2693523807206464,14.712214610958902
10.1266311,22.75,677,5521.0,54.7,8.0,0.0,0.0,0,0,0,1,0,0,0,0.22084000085030842,4.8493150684931505
11.39751461,18.36,727,25076.0,57.7,4.0,0.0,0.0,0,0,1,0,0,0,0,0.281436589076716,34.52043378082192
10.6454249,17.45,687,11747.0,49.3,7.0,0.0,0.0,1,0,1,0,0,0,0,0.27969047542566405,17.506735158904107
10.51856508,16.35,677,9771.0,36.3,6.0,0.0,0.0,1,0,1,0,0,0,0,0.2641096328596098,15.6163242
11.09011072,18.42,712,6638.0,24.8,5.0,0.0,0.0,1,0,1,0,0,0,0,0.10131257616333791,12.410844747945204
10.78931908,21.06,727,36089.0,69.4,4.0,0.0,0.0,0,0,1,0,0,0,0,0.7441030904958155,11.671118720547945
11.03488966,6.89,732,17079.0,38.3,4.0,0.0,0.0,0,0,0,0,0,1,0,0.2754677430448556,14.876712328767123
11.7829526,17.68,672,27572.0,81.1,4.0,0.0,0.0,0,0,0,0,1,0,0,0.21047328290227205,13.561529679452054
10.6214249,18.53,712,2575.0,7.9,7.0,0.0,0.0,0,0,0,0,0,0,0,0.06279875146085698,13.682077624657532
10.55302239,19.99,707,682.0,20.1,4.0,0.0,0.0,0,0,1,0,0,0,0,0.017810043626076376,3.041095890410959
12.61153775,16.76,767,210913.0,0.0,1.0,0.0,0.0,0,0,0,0,0,0,1,0.7030433358912426,14.739611871232876
11.3736634,9.09,712,3236.0,29.2,6.0,0.0,0.0,0,0,0,0,0,0,0,0.03719540221094746,12.410844747945204
11.35040654,23.1,762,190153.0,39.8,4.0,0.0,0.0,0,1,0,0,0,0,0,2.237094107518512,32.3013698630137
9.708931458,16.18,677,807.0,23.1,4.0,1.0,0.0,1,0,0,0,0,0,0,0.049016034989041626,5.840981734246576
10.30226367,20.21,667,2986.0,38.8,4.0,0.0,1.0,0,1,0,0,0,0,0,0.10020134253173078,12.0
10.96812932,2.05,687,2401.0,47.1,9.0,1.0,0.0,0,0,0,0,1,0,0,0.04139940692325397,13.561529679452054
11.15619338,17.52,682,1357.0,23.0,7.0,0.0,0.0,0,0,0,0,0,0,0,0.019386822037073596,4.76700913150685
10.46310334,3.22,682,412.0,41.2,4.0,0.0,0.0,0,0,0,0,1,0,0,0.011771428576979397,10.931506849315069
11.46163217,24.97,712,120718.0,93.7,0.0,0.0,0.0,0,0,1,0,0,0,0,1.2707157902141024,11.095890410958905
10.61643736,20.94,732,2961.0,12.2,5.0,0.0,0.0,0,0,0,0,0,0,0,0.07257352944023183,7.068493150684931
11.22524339,0.98,682,9306.0,48.0,4.0,1.0,0.0,0,0,1,0,0,0,0,0.12408000031248904,28.19178082191781
10.50506754,18.74,682,7780.0,41.6,4.0,2.0,0.0,0,0,1,0,0,0,0,0.21315068483997615,10.77522830958904
10.59653473,12.33,667,18641.0,96.6,4.0,0.0,0.0,1,0,0,0,0,0,0,0.4660716062731945,8.95890410958904
11.18976142,16.68,697,21063.0,59.2,5.0,0.0,0.0,0,0,1,0,0,0,0,0.29098365135059523,10.520433789041096
11.75587164,1.77,752,3765.0,21.0,10.0,0.0,0.0,0,0,0,0,0,0,0,0.029529411870439407,11.052054794520547
11.51292546,24.55,672,34474.0,89.8,8.0,0.0,0.0,0,0,0,0,0,0,0,0.34474000171343655,12.410844747945204
10.6454249,6.54,702,9382.0,52.7,4.0,0.0,0.0,0,0,1,0,0,0,0,0.22338095177011835,9.791780821917808
12.22098096,3.04,687,2474.0,31.7,9.0,0.0,0.0,1,0,0,0,0,0,0,0.012186952008824378,9.534132419178082
11.55218464,19.19,662,15357.0,76.0,5.0,1.0,0.0,0,0,0,0,0,0,0,0.14765778223386075,16.273972602739725
13.01700286,14.1,697,27286.0,56.5,10.0,1.0,0.0,0,0,0,0,1,0,0,0.06063555566145571,9.698515980821918
11.26446411,20.42,712,20583.0,71.7,7.0,0.0,0.0,0,0,0,0,0,0,1,0.2638846142424511,10.273972602739725
10.0762637,8.78,682,1328.0,83.0,4.0,1.0,0.0,0,0,0,0,0,0,0,0.05586404153349066,5.917808219178082
11.98292909,13.47,692,15407.0,42.0,4.0,0.0,0.0,0,0,1,0,0,0,0,0.09629375040597091,6.4930365287671234
9.629050707,13.58,712,0.0,62.1,7.0,0.0,0.0,1,0,0,1,0,0,0,0.0,13.4
10.1266311,10.03,677,8245.0,33.1,4.0,0.0,0.0,1,0,0,0,0,0,0,0.3298000012698411,5.095890410958904
11.72212424,19.22,737,121874.0,54.1,1.0,0.0,0.0,0,0,1,0,0,0,0,0.9886832844052793,24.328767123287673
11.35035948,17.89,672,8973.0,68.0,5.0,0.0,0.0,0,0,1,0,0,0,0,0.10556967339633612,7.972602739726027
10.58354949,14.65,722,87649.0,39.6,2.0,0.0,0.0,0,0,0,0,0,0,0,2.2200861274297794,14.638242008219176
10.30895266,3.6,692,896.0,57.7,4.0,0.0,0.0,1,0,0,0,0,1,0,0.02986666668590956,10.520433789041096
9.952277717,7.6,707,3775.0,42.4,4.0,0.0,0.0,0,0,0,0,1,0,0,0.1797619047089758,4.3561643835616435
11.18731997,24.13,692,2162.0,47.0,5.0,0.0,1.0,1,0,0,0,0,0,1,0.029940866122530455,10.273972602739725
11.2515607,12.0,672,6393.0,24.8,4.0,0.0,1.0,0,0,1,0,0,0,0,0.08302597409536881,6.657420090410959
10.71441777,20.67,662,109498.0,40.5,0.0,0.0,0.0,0,0,1,0,0,0,0,2.433288885853254,17.671118720547945
10.73639668,4.02,722,4200.0,23.3,8.0,0.0,0.0,0,0,1,0,0,0,0,0.09130434741259072,7.972602739726027
12.3883942,6.46,697,29182.0,97.9,9.0,0.0,0.0,0,0,1,0,0,0,0,0.12159166694926124,11.506735158904108
11.28978191,0.6,702,3312.0,10.4,6.0,0.0,0.0,0,0,0,0,0,0,0,0.041400000151359154,9.534132419178082
11.45100751,17.8,662,42530.0,84.5,4.0,0.0,0.0,0,0,1,0,0,0,0,0.4524660610984755,5.671118720547946
11.28978191,8.36,717,10942.0,13.7,7.0,0.0,0.0,0,0,0,0,1,0,0,0.1367750005000519,7.808105021917808
11.51292546,24.6,702,34070.0,44.5,4.0,0.0,0.0,0,0,1,0,0,0,0,0.34070000169335685,15.123287671232877
10.50506754,7.33,722,49084.0,98.4,1.0,0.0,0.0,0,0,1,0,0,0,0,1.3447671227102043,18.904109589041095
12.20607265,10.8,687,191303.0,78.2,5.0,0.0,0.0,1,0,0,0,0,0,1,0.9565149957245447,12.739611871232876
11.05879518,17.37,667,23600.0,78.9,4.0,0.0,0.0,0,0,1,0,0,0,0,0.3716535451210467,6.3371004575342464
11.08980542,4.03,687,2108.0,23.4,5.0,1.0,0.0,0,0,0,0,0,0,0,0.03218320615911464,8.794406391780822
11.00209984,18.18,692,8927.0,51.9,4.0,0.0,1.0,0,0,1,0,0,0,0,0.1487833335125039,23.75605022739726
12.48370438,10.06,707,229908.0,77.2,1.0,0.0,0.0,0,1,0,0,0,0,0,0.8708636382172282,23.013698630136986
11.1844214,21.2,667,12236.0,91.3,5.0,0.0,0.0,0,0,1,0,0,0,0,0.16994444410424842,11.917808219178083
10.89673933,12.38,717,6271.0,98.0,4.0,0.0,0.0,0,0,1,0,0,0,0,0.11612962911243595,20.547831049315068
11.51288546,15.29,707,6386.0,24.2,4.0,0.0,0.0,0,0,1,0,0,0,0,0.06386255476850018,8.383561643835616
10.71441777,1.57,727,49680.0,85.2,1.0,0.0,0.0,0,0,0,0,0,0,0,1.1039999986227116,28.61906391780822
10.82804224,12.62,692,1007.0,24.0,4.0,4.0,0.0,0,0,0,0,0,1,0,0.019974249754055696,6.410958904109589
12.69158046,5.32,682,388892.0,6.1,4.0,1.0,0.0,1,0,0,0,0,0,0,1.1965907708005452,37.23287671232877
11.75978554,21.02,692,115152.0,53.5,4.0,1.0,0.0,0,0,1,0,0,0,0,0.8996250026104913,24.575228309589043
12.56994115,18.64,682,18406.0,50.8,9.0,0.0,0.0,0,0,1,0,0,0,0,0.06395924645427428,12.57522830958904
10.49127422,3.23,667,2910.0,63.3,4.0,0.0,0.0,0,0,1,0,0,0,0,0.08083333312625836,13.068493150684931
11.69524702,3.48,702,334.0,5.6,4.0,0.0,0.0,0,0,0,0,1,0,0,0.0027833333382436425,20.958904109589042
10.71441777,17.6,702,400.0,3.7,5.0,1.0,0.0,1,0,0,0,1,0,0,0.00888888887779961,14.547831049315068
10.08580911,7.15,732,9559.0,85.3,4.0,0.0,0.0,0,0,1,0,0,0,0,0.3982916663998443,9.205479452054794
12.30138283,10.81,667,109901.0,66.5,4.0,0.0,0.0,1,0,0,0,0,0,1,0.499549997669349,13.315068493150685
12.0076461,6.67,732,715.0,1.6,6.0,0.0,0.0,0,1,0,0,0,0,0,0.004359649750483233,25.068493150684933
11.60823564,16.2,737,144217.0,12.0,0.0,1.0,0.0,1,0,0,0,0,0,1,1.3110636426233793,33.45194063013699
10.67581553,14.02,707,1582.0,52.7,4.0,1.0,0.0,0,0,0,0,0,0,0,0.036539172245365736,11.671118720547945
11.40756495,20.44,662,8086.0,68.9,5.0,0.0,0.0,0,0,1,0,0,0,0,0.08984444438266766,16.605365295890408
11.04132055,19.25,707,12177.0,75.6,5.0,0.0,0.0,1,0,1,0,0,0,0,0.19514423161957548,16.273972602739725
9.729134165,6.64,722,992.0,82.7,5.0,0.0,0.0,1,0,0,0,0,0,0,0.05904761907072737,9.6163242
10.49127422,22.13,667,37617.0,89.4,0.0,0.0,0.0,0,0,0,0,0,0,0,1.044916663989849,8.054794520547945
11.22251969,9.56,682,2470.0,39.2,6.0,0.0,1.0,0,0,0,0,1,0,0,0.03302315620613697,29.8355022739726
10.81985828,3.17,672,409.0,40.9,8.0,0.0,0.0,1,0,0,0,0,0,0,0.008179345662248531,10.438356164383562
11.45143297,23.88,672,56418.0,79.2,4.0,0.0,0.0,0,1,0,0,0,0,0,0.5999617147841898,30.0
11.00209984,13.18,732,7262.0,42.7,5.0,0.0,0.0,0,0,1,0,0,0,0,0.12103333347908629,15.6163242
11.46167427,12.04,667,17814.0,59.6,4.0,0.0,0.0,0,0,1,0,0,0,0,0.18750789533437925,10.10958904109589
12.86099861,6.18,667,162716.0,73.7,1.0,0.0,0.0,0,0,0,0,0,0,0,0.42263896242095744,20.958904109589042
11.22524339,13.44,677,6837.0,26.7,7.0,0.0,0.0,1,0,1,0,0,0,0,0.09116000022958173,19.643721460273973
11.00209984,21.22,712,53483.0,70.9,4.0,0.0,0.0,1,0,0,0,1,0,0,0.8913833344067712,13.808105021917807
11.32664408,5.39,677,16034.0,72.2,4.0,0.0,0.0,0,0,1,0,0,0,0,0.1931714131145798,16.520433789041096
11.09741002,9.24,697,5538.0,64.4,7.0,0.0,1.0,1,0,0,0,0,0,1,0.0839090909937185,25.890296802739726
11.49272276,6.27,702,22910.0,53.3,4.0,1.0,0.0,0,1,0,0,0,0,0,0.2337755096553426,11.753310501369862
11.55166529,16.52,672,19138.0,88.6,6.0,0.0,0.0,0,0,1,0,0,0,0,0.1841077447127513,15.027397260273972
12.4292162,15.7,757,290341.0,38.0,0.0,0.0,0.0,0,0,1,0,0,0,0,1.1613639963351796,19.232876712328768
12.59473064,9.27,692,602519.0,68.4,4.0,0.0,1.0,0,0,0,0,0,0,0,2.0424372785809837,17.34246575342466
11.28978191,15.31,727,101713.0,61.8,0.0,0.0,0.0,0,1,0,0,0,0,0,1.2714125046483074,14.383561643835616
11.58710486,20.28,687,14858.0,99.1,4.0,0.0,0.0,0,0,1,0,0,0,0,0.1379572891988921,11.838242008219177
10.81977828,13.75,662,10361.0,90.9,4.0,0.0,0.0,0,1,0,0,0,0,0,0.20722000091389897,10.76700913150685
11.6784399,7.03,737,140420.0,48.0,0.0,0.0,0.0,0,1,0,0,0,0,0,1.1900000041028833,11.83550228219178
11.69524702,0.24,717,402.0,2.7,6.0,0.0,1.0,0,0,0,1,0,0,0,0.003350000005910013,5.342465753424658
10.59663473,24.54,677,2622.0,24.3,5.0,0.0,0.0,0,0,1,0,0,0,0,0.06555000020294761,10.191780821917808
10.74073508,4.6,752,8808.0,21.2,9.0,0.0,0.0,0,0,0,0,0,0,1,0.1906493500907156,13.890296802739725
11.69524702,15.35,737,124185.0,24.0,1.0,0.0,0.0,0,0,1,0,0,0,0,1.034875001825709,13.643721460273971
10.73630972,13.31,722,7562.0,57.7,4.0,0.0,0.0,1,0,0,0,1,0,0,0.1644055996926824,12.493150684931507
11.08214255,16.83,707,70715.0,84.6,0.0,0.0,0.0,0,0,0,0,0,0,0,1.0879230757021812,15.6163242
11.91839057,15.7,687,5306.0,96.5,6.0,0.0,1.0,0,0,1,0,0,0,0,0.03537333344222636,16.849200912328765
10.858999,19.62,717,35682.0,69.2,4.0,0.0,0.0,0,0,1,0,0,0,0,0.6861923060204439,11.83550228219178
11.01862914,16.19,672,5494.0,83.2,4.0,0.0,0.0,0,0,1,0,0,0,0,0.09006557405468908,17.424657534246574
10.91508846,9.21,667,1097.0,39.2,5.0,1.0,0.0,0,0,0,0,0,1,0,0.019945454629516822,19.72591324109589
9.903487553,0.6,687,539.0,2.4,8.0,1.0,0.0,0,0,0,0,0,1,0,0.026949999987498655,4.3561643835616435
11.26070062,22.9,672,6632.0,26.8,5.0,0.0,1.0,0,0,1,0,0,0,0,0.08534623670759334,10.438356164383562
10.26813067,5.46,697,1113.0,30.1,4.0,0.0,0.0,0,0,1,0,0,0,0,0.03864583318354354,8.054794520547945
10.81977828,6.96,732,381.0,8.7,9.0,1.0,0.0,0,0,1,0,0,0,0,0.007620000033606361,12.413698630136986
10.54323396,15.08,697,19216.0,70.9,4.0,0.0,0.0,0,0,1,0,0,0,0,0.5067510530122863,8.975342465753425
10.24131601,21.19,677,1813.0,34.2,6.0,0.0,0.0,0,0,0,0,0,0,0,0.06466224422199643,8.87659817260274
11.37641822,5.21,687,52702.0,41.1,6.0,2.0,0.0,0,0,0,0,0,0,1,0.6041036223822897,33.28767123287671
10.66895539,14.6,727,46180.0,78.3,0.0,0.0,0.0,0,0,1,0,0,0,0,1.073953493393576,9.205479452054794
11.40756495,11.43,692,29381.0,45.1,5.0,0.0,0.0,0,0,0,0,1,0,0,0.3264555553310856,8.712214610958904
9.574983486,9.31,687,3745.0,64.6,4.0,0.0,0.0,0,0,0,1,0,0,0,0.2600694443310779,3.293150684931507
10.94199592,22.73,672,0.0,0.0,9.0,0.0,0.0,0,0,1,0,0,0,0,0.0,12.90399543287671
11.15625052,22.75,697,146743.0,52.7,2.0,0.0,0.0,1,0,1,0,0,0,0,2.096328573590925,21.534246575342465
10.73639668,17.82,727,50728.0,88.4,2.0,0.0,0.0,0,0,1,0,0,0,0,1.1027826037014052,29.91769405479452
11.12136326,8.77,727,703.0,5.8,4.0,0.0,0.0,0,0,0,0,1,0,0,0.010399408305145436,3.698515980821918
10.96819829,24.66,752,152002.0,51.6,3.0,0.0,0.0,0,0,0,1,0,0,0,2.6207241366955105,28.356164383561644
12.08953883,0.17,707,444.0,82.8,10.0,0.0,0.0,0,0,1,0,0,0,0,0.0024943820206615418,11.599885843835615
11.15625052,24.41,687,25515.0,82.3,5.0,0.0,0.0,0,0,1,0,0,0,0,0.3645000003759802,12.821803652054793
11.69524702,12.05,807,269726.0,4.3,0.0,0.0,0.0,0,0,0,0,1,0,0,2.2477166706320504,16.849200912328765
11.47210347,15.16,727,5293.0,29.9,4.0,0.0,0.0,1,0,0,0,0,0,0,0.055135416691476105,5.506849315068493
10.30895266,2.56,702,128.0,2.8,8.0,0.0,0.0,0,0,0,0,0,1,0,0.004266666669415651,6.660159816438356
11.05643019,5.13,672,455.0,18.2,6.0,0.0,1.0,0,0,0,0,0,0,0,0.007182320411458951,7.397260273972603
11.5228758,24.84,682,117358.0,77.2,2.0,0.0,0.0,0,0,1,0,0,0,0,1.1619603911865566,17.013698630136986
11.09741002,12.45,712,72733.0,81.5,2.0,0.0,0.0,1,1,0,0,0,0,0,1.102015152626603,13.397260273972602
10.85127695,20.26,677,1473.0,32.7,7.0,0.0,0.0,1,0,0,0,0,1,0,0.028546511669860452,5.424657534246576
11.40756495,10.24,682,6089.0,45.1,10.0,0.0,0.0,0,0,1,0,0,0,0,0.06765555550903578,3.978082191780822
12.30138283,16.71,727,78724.0,75.8,9.0,0.0,0.0,0,0,1,0,0,0,0,0.35783636196687774,24.0
11.51292546,0.22,727,675.0,4.9,9.0,0.0,0.0,0,0,0,0,1,0,0,0.006750000033549042,15.534246575342467
11.51292546,19.08,737,134842.0,35.0,2.0,0.0,0.0,0,0,0,0,1,0,0,1.3484200067019556,23.58892693972603
11.26446411,12.14,682,22161.0,75.9,4.0,0.0,0.0,0,0,0,0,0,0,1,0.28411538338565606,4.931392693150685
10.7254676,19.94,667,21081.0,56.5,5.0,0.0,0.0,1,0,0,0,0,0,0,0.4633186836070316,27.61632419178082
9.878169745,5.29,717,3492.0,99.8,4.0,0.0,0.0,0,0,0,0,0,0,0,0.17907692299666778,4.931392693150685
11.58988651,22.31,712,110886.0,42.1,1.0,0.0,0.0,0,0,1,0,0,0,0,1.0267222182245328,15.6163242
10.16585182,19.62,687,1388.0,55.5,4.0,0.0,0.0,1,0,0,0,0,0,0,0.05338461522465473,3.041095890410959
10.86696717,10.49,687,700.0,15.9,4.0,0.0,0.0,0,0,0,0,0,0,0,0.013354700817477841,9.975342465753425
10.34415892,23.48,662,2700.0,75.0,5.0,0.0,0.0,0,0,1,0,0,0,0,0.08688656444804706,5.10422374520548
9.773834344,5.87,732,2979.0,22.1,8.0,0.0,0.0,1,0,0,0,0,0,0,0.16956967218358804,19.72591324109589
11.60823564,11.18,697,38352.0,42.8,7.0,0.0,0.0,1,0,1,0,0,0,0,0.3486545471192151,20.876598172602737
11.48834585,6.27,662,5416.0,67.7,5.0,0.0,1.0,0,0,0,0,1,0,0,0.05550772740451623,13.315068493150685
10.08580911,10.35,662,7151.0,77.7,4.0,0.0,0.0,1,0,1,0,0,0,0,0.297958333133726,5.531621005479452
11.40756495,1.65,687,5227.0,41.2,5.0,0.0,0.0,0,0,0,0,0,1,0,0.05807777773784366,10.10958904109589
11.28978191,23.41,677,81089.0,86.8,0.0,1.0,2.0,0,1,0,0,0,0,0,1.013612503705786,24.98618721369863
11.69524702,20.15,742,215175.0,35.0,4.0,0.0,0.0,0,0,0,0,0,0,1,1.7931250031634007,22.19178082191781
9.546812609,9.51,692,0.0,,4.0,0.0,0.0,0,0,1,0,0,0,0,0.0,4.191894978082192
11.47626148,16.07,667,20916.0,37.2,6.0,0.0,0.0,0,0,1,0,0,0,0,0.21697095448673337,14.712328767123287
11.73606902,18.59,697,182893.0,69.7,2.0,0.0,0.0,0,0,0,0,0,0,1,1.4631439945635973,41.83835616438356
10.77895629,18.25,707,10274.0,36.3,6.0,0.0,1.0,0,0,1,0,0,0,0,0.21404166664312807,17.835616438356166
11.08214255,13.51,687,4433.0,33.3,4.0,0.0,1.0,0,0,1,0,0,0,0,0.06819999992346418,14.05490867671233
12.69207904,9.73,727,113962.0,74.3,4.0,0.0,0.0,0,0,0,0,0,0,0,0.3504775235002078,14.3836758
11.9511804,19.35,687,149822.0,86.7,0.0,0.0,0.0,0,0,0,0,0,0,0,0.9665935444254006,29.506963479452057
9.980448594,3.89,712,3103.0,38.8,5.0,0.0,0.0,0,0,0,0,0,1,0,0.14365740736032456,6.246689498630137
11.00209984,0.36,662,581.0,12.1,5.0,2.0,0.0,0,0,0,0,0,0,1,0.009683333344994372,10.027511416438356
12.70684793,13.19,732,34731.0,88.5,9.0,0.0,0.0,0,0,0,0,0,0,0,0.10524545490777915,28.438470328767124
10.55581274,8.34,667,1151.0,9.8,6.0,0.0,0.0,0,0,0,0,0,0,0,0.029973958290644958,10.438470320547944
11.59945172,12.34,727,256757.0,82.7,0.0,0.0,0.0,0,0,1,0,0,0,0,2.3547478962054265,9.863013698630137
11.51292546,14.6,707,23794.0,62.4,4.0,0.0,0.0,0,0,1,0,0,0,0,0.23794000118261616,15.863013698630137
11.22364211,8.06,707,2229.0,25.3,5.0,0.0,0.0,1,0,0,0,0,0,0,0.02976762823940484,3.3699771698630134
9.903487553,16.74,717,13218.0,40.3,4.0,0.0,0.0,0,0,0,0,0,0,0,0.6608999996934272,11.917808219178083
11.28978191,11.64,702,33761.0,37.8,4.0,0.0,0.0,1,0,0,0,0,0,1,0.42201250154288544,16.19463470410959
11.28978191,11.38,717,111307.0,50.1,0.0,0.0,0.0,1,1,0,0,0,0,0,1.3913375050867554,15.616552512328768
11.32297488,9.5,732,4751.0,56.6,6.0,0.0,0.0,0,0,0,0,0,0,0,0.05744860948980626,11.42477169041096
11.28978191,21.3,722,45444.0,80.0,4.0,0.0,0.0,0,0,1,0,0,0,0,0.5680500020768012,12.082305936986302
10.33136626,16.51,687,4566.0,49.1,4.0,0.0,0.0,0,0,1,0,0,0,0,0.14882659645916324,8.054908676712328
10.63585545,9.95,727,2822.0,28.2,9.0,0.0,0.0,1,0,0,0,0,0,0,0.06783653820710771,9.53436073150685
10.77895629,20.38,702,23065.0,55.7,5.0,0.0,0.0,1,0,1,0,0,0,0,0.4805208332804895,8.95890410958904
10.61643736,3.71,662,1972.0,42.9,5.0,2.0,1.0,0,0,0,1,0,0,0,0.04833333335229219,36.08230594520548
12.01370075,10.21,807,198058.0,5.1,0.0,0.0,0.0,0,0,1,0,0,0,0,1.2003515186117897,22.441210046575343
10.93310697,16.22,712,4421.0,16.1,5.0,0.0,1.0,0,0,1,0,0,0,0,0.07894642854910927,17.671232876712327
11.22524339,15.44,732,74932.0,34.6,0.0,0.0,0.0,0,0,1,0,0,0,0,0.9990933358494981,19.643835616438356
10.37349118,10.31,712,1651.0,27.5,5.0,0.0,0.0,0,0,1,0,0,0,0,0.05159375009193301,8.876712328767123
11.05089001,15.58,717,18157.0,69.6,10.0,0.0,0.0,0,1,0,0,0,0,0,0.2882063478730115,14.652168950684933
11.04802877,3.38,692,5963.0,37.5,5.0,0.0,0.0,0,0,0,0,0,1,0,0.09492199965681943,17.753424657534246
11.14908203,17.56,802,190050.0,8.0,3.0,0.0,0.0,1,0,0,0,0,0,1,2.7345323783471276,33.81917808219178
12.25486281,17.94,687,37820.0,90.9,8.0,0.0,0.0,0,0,0,0,0,0,0,0.18009523804113842,21.287785389041098
11.51292546,11.12,682,26435.0,88.7,4.0,0.0,0.0,0,1,0,0,0,0,0,0.2643500013138799,7.068493150684931
10.74103806,22.62,662,4619.0,81.0,5.0,0.0,0.0,0,0,0,0,0,0,0,0.09994806783188605,9.616552512328767
11.06663836,4.29,727,10040.0,38.5,6.0,0.0,0.0,0,0,0,0,0,0,0,0.15687500036737118,12.328881279452055
10.97934285,14.62,717,5684.0,26.2,4.0,0.0,0.0,0,0,1,0,0,0,0,0.09691389638874572,9.12340182739726
11.40756495,16.4,712,8956.0,61.8,5.0,1.0,0.0,0,0,1,0,0,0,0,0.09951111104268755,15.205593608219178
12.61153775,3.76,717,95564.0,82.2,5.0,0.0,0.0,1,0,1,0,0,0,0,0.3185466678256471,15.616552512328768
10.858999,22.45,667,6740.0,37.7,4.0,0.0,0.0,0,0,1,0,0,0,0,0.129615384299585,16.84931506849315
11.08214255,8.81,692,54.0,3.6,5.0,3.0,0.0,0,0,0,0,0,0,0,0.0008307692298369198,10.684931506849315
11.69524702,8.71,717,47967.0,73.7,5.0,0.0,0.0,0,0,0,0,0,0,0,0.39972500070518807,20.794520547945204
10.62132735,10.86,722,12319.0,98.6,4.0,0.0,0.0,0,0,1,0,0,0,0,0.3004634133380809,12.082191780821917
10.69194491,8.89,707,996.0,76.6,6.0,0.0,0.0,0,0,1,0,0,0,0,0.022636363702018103,16.191894978082193
11.35040654,23.89,692,203525.0,74.2,0.0,0.0,0.0,0,0,1,0,0,0,0,2.3944117538650724,16.438470320547946
12.4874851,11.09,762,163772.0,15.5,0.0,0.0,0.0,0,0,0,0,0,0,0,0.6180075502402944,9.863013698630137
10.59663473,21.99,662,25612.0,42.1,4.0,0.0,0.0,0,0,0,0,1,0,0,0.6403000019824159,14.222031964383563
11.54853389,17.12,667,53338.0,41.3,6.0,1.0,0.0,0,0,1,0,0,0,0,0.5147213522800146,24.391894978082192
12.56024446,15.12,677,165867.0,81.1,0.0,0.0,0.0,0,0,1,0,0,0,0,0.5819894732481768,12.246689498630138
11.47210347,10.45,682,6193.0,27.0,4.0,0.0,0.0,0,0,0,0,0,0,0,0.0645104166956946,22.52066210136986
10.90824693,13.77,727,9139.0,49.4,7.0,0.0,0.0,0,0,0,0,0,0,0,0.16730434822726448,13.575456621917809
10.71441777,17.79,672,7201.0,82.8,4.0,0.0,0.0,0,0,1,0,0,0,0,0.16002222202258748,8.3836758
11.1844214,18.25,702,74095.0,66.4,1.0,0.0,0.0,0,1,0,0,0,0,0,1.0290972201621678,10.109703197260274
11.47210347,19.98,807,158000.0,0.0,3.0,0.0,0.0,0,0,0,0,1,0,0,1.6458333340739135,23.506963471232876
11.46163217,14.5,762,217827.0,43.5,2.0,0.0,0.0,1,1,0,0,0,0,0,2.292915790809716,18.57545662191781
10.49127422,24.7,682,3527.0,78.4,6.0,0.0,0.0,0,0,1,0,0,0,0,0.09797222197124165,11.276826484931508
10.71441777,21.95,677,11760.0,95.6,4.0,0.0,0.0,0,0,1,0,0,0,0,0.26133333300730854,13.068493150684931
11.40756495,7.56,697,10721.0,38.6,4.0,0.0,0.0,0,1,0,0,0,0,0,0.11912222214031411,28.60285389041096
11.53272809,23.74,727,203460.0,60.6,2.0,0.0,0.0,0,0,1,0,0,0,0,1.994705886873757,22.685045663013696
10.51867319,6.36,667,4680.0,20.3,4.0,0.0,0.0,0,0,0,0,0,0,0,0.1264864866921993,30.246689506849318
11.60823564,13.76,667,8957.0,40.3,8.0,0.0,0.0,0,0,0,0,1,0,0,0.08142727311605157,14.876712328767123
10.30895266,10.52,737,7328.0,21.7,4.0,0.0,0.0,1,0,1,0,0,0,0,0.24426666682404602,5.671347032876712
11.87756858,8.5,702,172842.0,69.14,2.0,1.0,0.0,0,0,0,0,0,0,0,1.2002916649360111,10.356278539726027
10.6454249,9.14,677,9154.0,63.5,5.0,0.0,1.0,0,0,1,0,0,0,0,0.2179523803563913,19.068493150684933
10.65725935,12.42,697,5049.0,76.5,7.0,1.0,0.0,0,0,1,0,0,0,0,0.11880000058360593,24.65753424657534
10.91508846,21.36,672,63433.0,85.4,0.0,1.0,0.0,0,1,0,0,0,0,0,1.1533272775880954,21.369977169863017
11.3083583,18.2,682,80237.0,93.2,2.0,0.0,0.0,0,0,1,0,0,0,0,0.9845030667255654,10.608333334246575
10.83958091,21.79,722,60656.0,59.1,0.0,0.0,0.0,0,0,1,0,0,0,0,1.1893333353628859,10.854794520547944
10.858999,19.48,707,17705.0,67.6,7.0,0.0,0.0,0,0,1,0,0,0,0,0.34048076840120955,10.19189497808219
11.40645322,20.5,732,119702.0,19.1,2.0,0.0,0.0,0,0,0,0,1,0,0,1.331501669132686,12.575456621917809
10.59663473,15.6,702,8690.0,84.4,4.0,0.0,0.0,0,0,1,0,0,0,0,0.21725000067262196,6.164497717808219
10.46310334,13.06,702,5088.0,45.4,5.0,0.0,0.0,1,0,0,0,0,0,0,0.14537142863997857,14.712328767123287
11.32659589,16.99,677,4723.0,94.5,6.0,0.0,0.0,1,0,1,0,0,0,0,0.0569036142745297,15.698744293150686
10.89951325,15.38,712,168334.0,83.0,1.0,1.0,0.0,0,0,0,0,1,0,0,3.108661134051824,23.35079908767123
11.88448902,23.26,707,141967.0,95.5,1.0,0.0,0.0,0,0,1,0,0,0,0,0.9790827599940601,15.616552512328768
10.23995979,0.0,692,0.0,0.0,6.0,0.0,0.0,0,0,0,0,0,1,0,0.0,4.191894978082192
10.71441777,18.72,667,7888.0,59.8,5.0,0.0,1.0,0,0,1,0,0,0,0,0.1752888886702083,4.931506849315069
11.07045918,12.89,672,2328.0,59.7,5.0,0.0,0.0,0,0,0,1,0,0,0,0.036236282932750066,9.123287671232877
10.77895629,0.72,712,3987.0,99.9,5.0,0.0,0.0,0,0,1,0,0,0,0,0.08306249999086546,7.972602739726027
11.28978191,17.27,737,8715.0,48.7,5.0,0.0,0.0,0,0,0,0,0,0,1,0.10893750039827749,14.137100457534247
11.23848862,5.1,737,22158.0,80.3,4.0,0.0,0.0,0,0,0,0,0,0,0,0.29155263136566734,24.32888127945205
10.30895266,10.8,702,2050.0,22.3,4.0,0.0,0.0,0,0,1,0,0,0,0,0.06833333337736004,3.616552512328767
9.980448594,6.17,737,989.0,23.5,6.0,0.0,0.0,1,0,0,0,0,0,0,0.04578703702203061,6.821917808219178
10.49127422,17.4,682,13650.0,94.8,9.0,0.0,1.0,1,0,1,0,0,0,0,0.3791666656953356,18.16449771780822
11.60823564,18.57,692,105424.0,69.4,1.0,1.0,0.0,0,0,1,0,0,0,0,0.9584000045759317,18.328881279452055
10.32088123,22.81,672,5276.0,85.1,6.0,0.0,0.0,0,0,0,0,1,0,0,0.17378129143492999,5.260388128767123
10.49127422,2.67,692,2474.0,25.5,8.0,0.0,0.0,0,0,0,0,0,0,0,0.06872222204617291,15.04109589041096
11.01862914,8.79,702,4715.0,38.3,8.0,0.0,0.0,0,0,0,0,0,0,0,0.07729508221111377,15.123287671232877
10.858999,16.25,717,5066.0,36.7,5.0,0.0,0.0,0,0,1,0,0,0,0,0.0974230766857118,5.3453196356164385
11.56171563,21.58,667,24599.0,64.1,4.0,0.0,0.0,0,0,1,0,0,0,0,0.23427619027463337,13.397374430136987
10.91508846,16.97,712,16553.0,22.4,9.0,0.0,0.0,0,1,0,0,0,0,0,0.30096363763208017,8.756278539726027
11.56171563,19.06,717,156798.0,38.3,2.0,0.0,0.0,0,0,1,0,0,0,0,1.4933142844295282,18.57545662191781
11.51292546,9.65,682,5516.0,44.1,4.0,0.0,0.0,0,0,0,0,1,0,0,0.0551600002741578,9.04109589041096
10.42228135,17.18,662,4339.0,11.6,4.0,0.0,0.0,0,0,1,0,0,0,0,0.12913690423906754,4.109589041095891
11.53272809,17.21,697,184938.0,47.3,1.0,0.0,1.0,1,0,0,0,0,0,0,1.8131176511680867,15.123287671232877
11.40756495,22.09,697,26901.0,43.2,7.0,1.0,0.0,0,0,1,0,0,0,0,0.2988999997944772,13.07123287671233
10.91508846,5.78,767,13584.0,48.5,9.0,0.0,0.0,0,0,0,0,1,0,0,0.24698181922274978,35.42477169863014
11.73606902,16.62,762,0.0,0.0,9.0,0.0,0.0,0,0,0,0,0,0,1,0.0,11.591894978082193
9.980448594,22.11,722,20037.0,58.1,4.0,1.0,0.0,0,0,1,0,0,0,0,0.9276388885848608,26.630251142465752
11.22524339,20.18,747,205956.0,32.4,1.0,0.0,0.0,0,0,0,0,0,0,0,2.74608000691586,20.71244292328767
12.4292162,7.55,697,13622.0,47.8,5.0,0.0,1.0,0,0,0,0,0,1,0,0.05448799982805672,17.17808219178082
10.49127422,19.2,677,3014.0,55.8,9.0,0.0,0.0,0,0,0,0,0,1,0,0.08372222200774662,3.5343607315068493
11.76998337,17.4,757,230420.0,33.8,0.0,0.0,0.0,0,1,0,0,0,0,0,1.7818918546700602,24.0
9.655026193,24.15,727,14956.0,35.5,0.0,0.0,0.0,0,0,0,0,0,0,0,0.9587179489457679,7.3151826493150685
11.26061054,18.24,737,116601.0,89.6,2.0,0.0,0.0,1,0,0,0,0,0,0,1.5006563651875868,20.71244292328767
10.18111929,5.82,662,1436.0,65.3,6.0,1.0,0.0,1,0,0,0,0,0,0,0.05439393934685642,25.15068493150685
10.5789798,2.63,667,3288.0,74.7,5.0,0.0,0.0,0,0,0,1,0,0,0,0.0836641219581418,8.712442923287671
12.07254125,17.74,722,71956.0,25.7,4.0,0.0,0.0,0,0,0,0,0,0,0,0.41117714405188,16.027397260273972
10.79020528,13.6,677,914.0,50.8,6.0,0.0,0.0,0,0,1,0,0,0,0,0.01882866740601274,9.698744293150686
11.77528973,19.1,687,201583.0,89.2,7.0,1.0,0.0,0,1,0,0,0,0,0,1.5506384606665666,10.098630136986301
10.73639668,10.75,672,6284.0,37.9,6.0,0.0,0.0,0,1,0,0,0,0,0,0.13660869503350478,3.863013698630137
9.92329018,4.76,672,2381.0,37.2,5.0,0.0,0.0,1,0,0,0,0,0,0,0.11671568625493745,8.712442923287671
9.980448594,5.33,672,146.0,73.0,9.0,0.0,0.0,0,0,0,0,0,0,0,0.006759259257043952,5.178082191780822
12.34583459,10.12,687,13925.0,55.5,5.0,2.0,0.0,0,0,1,0,0,0,0,0.06054347813405106,11.42477169041096
10.91508846,13.81,662,13020.0,33.0,4.0,0.0,0.0,0,0,1,0,0,0,0,0.23672727372498545,11.260388128767124
10.53209621,13.02,687,9451.0,33.3,4.0,0.0,0.0,1,0,1,0,0,0,0,0.2520266671602613,5.835616438356165
11.69524702,9.66,667,21506.0,84.0,4.0,0.0,0.0,0,0,0,0,0,0,0,0.17921666698283767,11.506963471232877
11.35040654,11.21,667,11196.0,31.9,5.0,0.0,0.0,1,0,0,0,0,0,0,0.13171764646246578,5.589155252054795
10.95619516,24.39,667,35122.0,91.5,4.0,0.0,0.0,0,0,0,0,0,0,0,0.6128640374475808,11.260388128767124
11.56347598,5.59,732,4547.0,68.9,6.0,0.0,0.0,0,0,0,0,0,0,0,0.04322859738769108,20.054794520547944
10.37349118,22.95,687,10624.0,62.9,4.0,0.0,0.0,0,0,1,0,0,0,0,0.33200000059157864,8.630251142465754
10.27642947,11.36,682,13328.0,93.9,7.0,0.0,1.0,0,0,0,0,0,0,0,0.45895316755700494,15.537100457534248
10.81977828,12.02,677,388.0,24.2,9.0,0.0,0.0,0,0,0,0,0,0,0,0.0077600000342238,16.027397260273972
11.15625052,20.81,672,7483.0,94.8,6.0,0.0,0.0,0,0,0,0,0,1,0,0.10690000011026689,3.9452054794520546
9.798127037,10.6,667,4511.0,63.5,4.0,0.0,0.0,0,0,0,0,0,0,0,0.25061111108061207,7.646689498630137
12.20607265,14.3,722,155946.0,90.1,0.0,0.0,0.0,1,0,1,0,0,0,0,0.7797299965147428,14.71518264931507
10.13459927,13.24,682,4925.0,40.7,4.0,3.0,0.0,0,0,0,0,0,0,0,0.19543650862044074,9.123287671232877
10.30895266,4.4,697,2972.0,59.4,5.0,0.0,0.0,0,0,1,0,0,0,0,0.09906666673049465,3.0465753424657533
11.65268741,5.25,662,14548.0,87.6,4.0,0.0,1.0,0,0,1,0,0,0,0,0.12650434749026684,26.057534246575344
11.28978191,17.86,782,235868.0,17.5,0.0,0.0,0.0,0,0,0,0,0,0,1,2.9483500107792215,30.73972602739726
10.37349118,0.0,667,0.0,0.0,6.0,0.0,0.0,1,0,0,0,1,0,0,0.0,18.91780821917808
10.34174248,13.24,682,577.0,14.1,5.0,2.0,1.0,0,0,0,0,0,1,0,0.018612903290342646,16.03013698630137
11.40756495,17.81,712,136960.0,55.6,1.0,0.0,0.0,0,1,0,0,0,0,0,1.5217777767314076,22.356278539726027
11.91839057,22.7,762,248480.0,42.4,0.0,0.0,0.0,0,0,0,0,0,0,1,1.656533338432794,19.068493150684933
10.56617553,5.35,692,837.0,34.9,4.0,0.0,0.0,0,0,0,0,0,0,1,0.021572164853781235,9.287785389041096
11.08214255,23.54,722,28045.0,51.8,5.0,0.0,0.0,1,0,0,0,0,0,0,0.431461537977341,14.95890410958904
9.878169745,15.45,707,3910.0,38.2,6.0,1.0,0.0,1,0,0,1,0,0,0,0.20051282042295845,4.685045663013699
11.15625052,17.06,692,19697.0,88.7,5.0,0.0,0.0,0,0,1,0,0,0,0,0.28138571457596245,11.589155252054796
11.61728548,11.78,737,28749.0,53.9,4.0,0.0,0.0,0,0,1,0,0,0,0,0.25900000007626817,16.361757991780824
11.91839057,22.82,667,59509.0,85.8,5.0,0.0,0.0,0,0,0,0,1,0,0,0.3967266678879473,11.260388128767124
11.17605315,24.05,717,2061.0,34.3,7.0,0.0,0.0,0,0,1,0,0,0,0,0.028865546170214855,8.794634704109589
11.61186541,11.7,667,4040.0,91.8,5.0,2.0,1.0,0,0,0,0,0,0,0,0.036594203001934174,22.19178082191781
12.3883942,13.86,697,219250.0,91.8,1.0,0.0,0.0,1,0,1,0,0,0,0,0.9135416687898543,12.246689498630138
10.08580911,3.4,707,2650.0,26.2,4.0,0.0,0.0,0,0,0,1,0,0,0,0.11041666659269667,3.780936073972603
11.28978191,16.84,697,13948.0,39.0,4.0,1.0,0.0,0,0,1,0,0,0,0,0.17435000063742678,9.780936073972603
10.70324447,22.52,702,7202.0,34.5,4.0,0.0,0.0,1,0,1,0,0,0,0,0.1618426963305056,12.411073060273974
10.73630972,5.32,727,11781.0,37.8,5.0,0.0,0.0,0,0,1,0,0,0,0,0.2561309666727706,6.246689498630137
10.08580911,20.45,687,7946.0,78.7,4.0,0.0,0.0,0,0,0,0,0,0,0,0.331083333111535,5.509703197260274
11.28978191,12.97,732,6999.0,29.2,5.0,0.0,0.0,0,0,0,0,0,0,0,0.0874875003198559,5.178082191780822
10.30895266,9.44,712,3366.0,14.0,4.0,0.0,0.0,0,0,1,0,0,0,0,0.1122000000722897,14.767237443835617
10.40426284,4.51,727,3106.0,25.9,5.0,0.0,0.0,0,0,0,0,0,0,0,0.09412121216343658,9.780936073972603
11.00209984,11.56,722,25088.0,75.6,5.0,0.0,0.0,1,1,0,0,0,0,0,0.41813333383686546,9.901369863013699
10.7342204,2.43,702,5319.0,46.7,4.0,0.0,0.0,0,0,0,0,0,0,0,0.11588235248328319,5.671347032876712
11.22524339,20.56,677,21166.0,72.7,7.0,0.0,0.0,0,0,0,0,0,0,0,0.282213334044073,11.178082191780822
11.73606902,7.97,727,7248.0,40.5,4.0,0.0,0.0,0,0,1,0,0,0,0,0.05798399978455684,11.917808219178083
11.22524339,18.74,722,32837.0,64.8,4.0,0.0,0.0,0,0,1,0,0,0,0,0.43782666776931045,6.4110730602739725
11.58988651,13.68,737,17042.0,46.7,5.0,1.0,0.0,0,0,1,0,0,0,0,0.1577962956818939,20.465867580821918
11.98292909,19.94,662,226936.0,94.7,0.0,0.0,0.0,0,0,0,0,0,0,0,1.4183500059797114,12.164383561643836
11.15625052,24.27,717,74403.0,68.8,1.0,0.0,0.0,0,0,1,0,0,0,0,1.0629000010963767,25.56175799178082
11.12726298,20.12,662,1890.0,19.1,5.0,4.0,0.0,0,0,1,0,0,0,0,0.02779411776263356,4.493264841095891
11.12726298,24.78,682,46338.0,55.5,5.0,0.0,0.0,0,1,0,0,0,0,0,0.6814411793041872,10.164383561643836
10.93310697,24.32,717,6725.0,98.9,5.0,0.0,0.0,0,0,0,0,0,0,0,0.12008928568033474,11.589155252054796
11.56171563,19.81,662,20622.0,76.4,5.0,0.0,0.0,0,1,0,0,0,0,0,0.1963999998310293,9.260388128767124
10.29552964,2.35,682,1465.0,34.9,4.0,0.0,0.0,0,0,0,0,0,0,0,0.04949324325869266,12.411073060273974
11.82041016,15.87,757,232755.0,23.0,0.0,0.0,0.0,0,1,0,0,0,0,0,1.7114338316042805,18.411073060273974
12.18075484,11.42,702,79524.0,92.7,5.0,0.0,0.0,0,0,0,0,0,0,0,0.4078153836145581,19.972602739726028
10.62132735,7.02,707,2282.0,69.2,4.0,0.0,0.0,1,0,0,0,0,0,0,0.0556585363452797,21.953424657534246
11.08214255,19.57,687,237551.0,36.9,0.0,0.0,0.0,0,0,1,0,0,0,0,3.6546307651294465,20.136986301369863
11.57119437,16.36,722,22354.0,65.6,4.0,0.0,0.0,0,1,0,0,0,0,0,0.21088679310535685,20.548059361643837
10.59663473,12.39,677,200.0,13.3,10.0,3.0,0.0,0,0,0,0,0,1,0,0.005000000015480367,8.60285388219178
10.40426284,19.05,702,8853.0,37.5,4.0,0.0,1.0,0,0,1,0,0,0,0,0.2682727273930792,17.753538813698633
11.85651517,23.82,707,259128.0,94.4,0.0,0.0,0.0,0,0,1,0,0,0,0,1.8377872328669311,13.150684931506849
10.98529272,8.95,732,18995.0,62.9,4.0,0.0,0.0,0,0,1,0,0,0,0,0.3219491534721157,10.27408675890411
12.76568843,11.38,717,1207359.0,56.0,7.0,0.0,0.0,1,0,0,0,0,0,1,3.449597154812051,23.34257990958904
12.61153775,3.12,737,211931.0,10.0,7.0,2.0,0.0,1,0,0,0,0,0,1,0.706436669236922,20.301484019178083
10.64998591,16.64,672,11854.0,71.9,7.0,0.0,1.0,0,0,1,0,0,0,0,0.2809537349099884,16.19178082191781
11.56171563,0.7,687,505.0,9.0,6.0,1.0,0.0,0,1,0,0,0,0,0,0.004809523805385985,21.698744293150686
11.8493977,23.81,712,60048.0,80.1,5.0,0.0,0.0,0,0,0,0,0,0,1,0.4289142863968773,21.301484019178083
11.00209984,5.72,692,2077.0,1.1,4.0,3.0,0.0,1,0,1,0,0,0,0,0.03461666670835338,28.043835616438358
11.17043516,13.98,732,6639.0,43.6,4.0,0.0,0.0,0,0,1,0,0,0,0,0.0935070418816859,10.273972602739725
10.97287698,15.16,702,14466.0,50.2,5.0,0.0,0.0,0,0,0,0,0,0,0,0.24824958876579512,8.712442923287671
10.85707407,13.11,687,8076.0,36.1,4.0,0.0,0.0,0,0,1,0,0,0,0,0.15560693628453848,8.95890410958904
11.19821472,12.44,682,11706.0,34.9,4.0,0.0,0.0,0,0,1,0,0,0,0,0.16035616440449277,11.589155252054796
10.81977828,20.38,732,16150.0,32.6,4.0,0.0,0.0,0,0,0,0,0,0,0,0.3230000014245216,20.301484019178083
10.66895539,21.35,662,9659.0,84.7,4.0,0.0,0.0,0,0,1,0,0,0,0,0.2246279080270366,11.671347032876714
9.862665558,16.19,667,4445.0,53.5,4.0,0.0,0.0,1,0,0,1,0,0,0,0.23151041667034147,3.4521689506849316
10.77895629,14.2,667,1530.0,36.4,7.0,0.0,0.0,1,0,0,0,1,0,0,0.031874999996494645,11.178082191780822
11.87756858,8.63,667,55442.0,66.9,9.0,0.0,1.0,1,0,0,0,1,0,0,0.3850138883337518,22.685045663013696
10.08580911,1.15,732,972.0,11.3,5.0,0.0,0.0,0,0,0,0,0,0,0,0.040499999972868364,3.3699771698630134
11.73606902,16.85,707,206877.0,92.5,1.0,0.0,0.0,1,0,0,0,1,0,0,1.655015993850685,20.383675800000002
10.69194491,23.62,702,6255.0,56.9,5.0,2.0,0.0,0,0,1,0,0,0,0,0.14215909132140886,10.356278539726027
11.77528973,10.8,697,197716.0,74.9,4.0,0.0,0.0,0,0,1,0,0,0,0,1.5208923068371383,11.26027397260274
11.84222921,16.16,707,56909.0,49.8,5.0,0.0,0.0,0,0,0,0,0,0,1,0.4094172670520792,11.589155252054796
12.29225034,9.94,717,39576.0,27.7,5.0,0.0,0.0,1,0,0,0,1,0,0,0.18154128472522024,15.698744293150686
11.00209984,18.18,677,15301.0,85.0,4.0,0.0,0.0,0,0,1,0,0,0,0,0.25501666697376746,9.378196347945206
12.20607265,13.97,722,338935.0,78.3,2.0,0.0,0.0,0,1,0,0,0,0,0,1.6946749924250983,16.76723744383562
11.80559508,17.21,682,38578.0,86.9,4.0,0.0,0.0,0,0,1,0,0,0,0,0.28789552208088914,7.643949772602739
11.31447453,21.13,732,35227.0,54.3,5.0,0.0,0.0,0,1,0,0,0,0,0,0.4295975593630681,16.112328767123287
11.40756495,15.76,667,13255.0,88.4,7.0,0.0,0.0,0,0,0,0,0,0,0,0.14727777767650999,27.53436073972603
10.99909533,10.17,722,11586.0,61.6,4.0,0.0,0.0,0,0,0,0,0,0,0,0.19368104355237586,12.082191780821917
10.93310697,17.76,717,8760.0,28.2,6.0,0.0,0.0,0,0,1,0,0,0,0,0.1564285713843468,10.60285388219178
11.22524339,17.84,727,18753.0,29.0,4.0,0.0,0.0,1,0,1,0,0,0,0,0.25004000062971277,18.739840183561643
12.32385568,12.33,687,385489.0,51.2,4.0,0.0,0.0,0,0,0,0,0,0,0,1.7132844464773553,17.589155252054795
10.30895266,21.04,697,26117.0,78.4,6.0,0.0,0.0,1,0,0,0,0,0,0,0.8705666672275668,9.287671232876713
11.00209984,24.06,662,16441.0,49.8,9.0,0.0,0.0,1,0,0,0,0,0,0,0.274016666996648,4.931506849315069
10.96819829,8.23,687,1514.0,13.8,5.0,0.0,0.0,0,0,0,0,0,0,0,0.026103448263555762,7.643949772602739
10.6454249,22.17,667,28854.0,59.8,6.0,0.0,1.0,0,0,0,0,0,0,0,0.6869999981214021,16.208219178082192
12.4292162,3.62,722,33575.0,83.9,5.0,0.0,0.0,1,0,0,0,1,0,0,0.1342999995762006,8.87659817260274
10.6454249,28.06,672,25759.0,63.8,5.0,0.0,0.0,1,0,0,0,0,0,0,0.6133095221324322,8.794634704109589
11.22524339,8.0,677,6909.0,29.2,4.0,0.0,1.0,1,0,0,0,0,0,0,0.09212000023199944,19.80821917808219
10.11047245,7.02,662,2999.0,39.5,6.0,0.0,0.0,1,0,1,0,0,0,0,0.12191413771440225,22.438470320547946
12.18075484,10.39,672,215372.0,82.1,2.0,0.0,0.0,1,0,0,0,0,0,0,1.1044717921612923,28.695890410958903
11.14186178,0.21,722,184.0,1.1,5.0,0.0,0.0,1,0,0,0,0,0,0,0.0026666666762117258,12.0
10.59663473,13.09,687,10036.0,82.9,8.0,0.0,0.0,1,0,1,0,0,0,0,0.25090000077680485,9.452168950684932
10.81977828,19.18,692,0.0,3.2,5.0,0.0,0.0,1,0,0,0,1,0,0,0.0,4.931506849315069
11.26446411,16.28,732,37879.0,57.0,6.0,0.0,0.0,1,0,1,0,0,0,0,0.48562820302627435,12.986301369863014
